-- phpMyAdmin SQL Dump
-- version 4.5.1
-- http://www.phpmyadmin.net
--
-- Host: 127.0.0.1
-- Generation Time: Apr 22, 2017 at 01:12 AM
-- Server version: 10.1.16-MariaDB
-- PHP Version: 5.6.24

SET SQL_MODE = "NO_AUTO_VALUE_ON_ZERO";
SET time_zone = "+00:00";


/*!40101 SET @OLD_CHARACTER_SET_CLIENT=@@CHARACTER_SET_CLIENT */;
/*!40101 SET @OLD_CHARACTER_SET_RESULTS=@@CHARACTER_SET_RESULTS */;
/*!40101 SET @OLD_COLLATION_CONNECTION=@@COLLATION_CONNECTION */;
/*!40101 SET NAMES utf8mb4 */;

--
-- Database: `efitness`
--

-- --------------------------------------------------------

--
-- Table structure for table `account`
--

CREATE TABLE `account` (
  `id` int(11) NOT NULL,
  `username` varchar(255) NOT NULL,
  `password` varchar(255) NOT NULL,
  `email` varchar(255) NOT NULL,
  `random_string` varchar(255) DEFAULT NULL,
  `admin_status` int(1) NOT NULL,
  `branches` varchar(255) NOT NULL,
  `status` int(11) NOT NULL,
  `photo` varchar(255) NOT NULL
) ENGINE=InnoDB DEFAULT CHARSET=latin1;

--
-- Dumping data for table `account`
--

INSERT INTO `account` (`id`, `username`, `password`, `email`, `random_string`, `admin_status`, `branches`, `status`, `photo`) VALUES
(1, 'admin', 'd033e22ae348aeb5660fc2140aec35850c4da997', 'admin@efitnessmanagement.com', NULL, 0, '1,2,3,4,5,6,7,8', 0, ''),
(2, 'labiangashi', '674db206ab5897561cf4a7e03b0fbd3b789d55ff', 'labiangashi@gmail.com', NULL, 0, '1,2,3', 0, '2_labiangashi.png'),
(3, 'besarbertasholli', '63ee637e38301adec9ef7599c2a1717251f0c347', 'besarbertasholli@gmail.com', NULL, 0, '4,5,6', 0, '3_besarbertasholli.png'),
(4, 'blinnagavci', '63a934ccc10d84729bc5ddcda2bdcd565c14d633', 'blinnagavci@gmail.com', NULL, 0, '7,8', 0, '4_blinnagavci.png');

-- --------------------------------------------------------

--
-- Table structure for table `branches`
--

CREATE TABLE `branches` (
  `id` int(11) NOT NULL,
  `city` varchar(255) NOT NULL,
  `branch` varchar(255) NOT NULL,
  `status` int(2) NOT NULL DEFAULT '0'
) ENGINE=InnoDB DEFAULT CHARSET=latin1;

--
-- Dumping data for table `branches`
--

INSERT INTO `branches` (`id`, `city`, `branch`, `status`) VALUES
(1, 'Prishtine', 'Dragodan', 0),
(2, 'Prishtine', 'Mati 1', 0),
(3, 'Prishtine', 'Bregu i diellit', 0),
(4, 'Ferizaj', 'Adem Jashari', 0),
(5, 'Ferizaj', 'Nene Tereza', 0),
(6, 'Ferizaj', 'Zahir Pajaziti', 0),
(7, 'Gjilan', 'Sami Frasheri', 0),
(8, 'Gjilan', 'Sadik Shala', 0);

-- --------------------------------------------------------

--
-- Table structure for table `employee`
--

CREATE TABLE `employee` (
  `id` int(11) NOT NULL,
  `first_name` varchar(255) NOT NULL,
  `last_name` varchar(255) NOT NULL,
  `gender` varchar(255) NOT NULL,
  `residential_address` varchar(500) NOT NULL,
  `city` varchar(255) NOT NULL,
  `telephone_no` varchar(255) NOT NULL,
  `alternative_no` varchar(255) DEFAULT NULL,
  `email` varchar(255) NOT NULL,
  `birth_date` varchar(255) NOT NULL,
  `photo` varchar(500) DEFAULT NULL,
  `date_added` timestamp NOT NULL DEFAULT CURRENT_TIMESTAMP,
  `status` int(11) NOT NULL DEFAULT '0'
) ENGINE=InnoDB DEFAULT CHARSET=latin1;

--
-- Dumping data for table `employee`
--

INSERT INTO `employee` (`id`, `first_name`, `last_name`, `gender`, `residential_address`, `city`, `telephone_no`, `alternative_no`, `email`, `birth_date`, `photo`, `date_added`, `status`) VALUES
(1, 'Janet', 'Taylor', 'Female', '71 Schlimgen Pass', 'Pau', '33-(757)417-9159', '62-(540)129-5482', 'jtaylor0@prweb.com', '15/02/1967', NULL, '2017-04-11 08:53:42', 0),
(2, 'Joyce', 'Ellis', 'Female', '7146 Magdeline Terrace', 'Hongguang', '86-(516)532-8835', '504-(171)841-9857', 'jellis1@friendfeed.com', '09/10/1973', NULL, '2017-04-19 07:36:02', 0),
(3, 'Eugene', 'Fox', 'Male', '2941 Anthes Junction', 'Zvenyhorodka', '380-(312)927-3564', '86-(363)524-6738', 'efox2@privacy.gov.au', '11/08/1972', NULL, '2017-04-19 23:08:50', 0),
(4, 'Scott', 'Wagner', 'Male', '714 Del Sol Terrace', 'Novoul’yanovsk', '7-(270)501-6557', '254-(338)595-8675', 'swagner3@europa.eu', '06/11/1986', NULL, '2017-04-16 14:38:08', 0),
(5, 'Kathryn', 'Parker', 'Female', '748 Beilfuss Center', 'Souq Larb’a al Gharb', '212-(674)898-7337', '58-(497)696-3963', 'kparker4@slashdot.org', '05/06/1975', NULL, '2017-04-10 22:38:06', 0),
(6, 'Martha', 'Foster', 'Female', '5 Glendale Circle', 'Maracanaú', '55-(120)478-8329', '86-(803)466-8259', 'mfoster5@upenn.edu', '26/05/1977', NULL, '2017-03-22 19:03:17', 0),
(7, 'Jason', 'Austin', 'Male', '8895 Butternut Way', 'Juegang', '86-(442)738-5031', '62-(345)995-7196', 'jaustin6@icio.us', '17/04/1995', NULL, '2017-04-13 15:47:25', 0),
(8, 'Jerry', 'Hamilton', 'Male', '53 Crest Line Way', 'Itápolis', '55-(298)664-7825', '84-(852)139-0192', 'jhamilton7@taobao.com', '09/08/1995', NULL, '2017-04-17 07:50:01', 0),
(9, 'Donald', 'Stanley', 'Male', '4488 Village Green Circle', 'Machakos', '254-(723)599-4403', '351-(806)592-6708', 'dstanley8@ask.com', '14/05/1992', NULL, '2017-04-19 07:29:38', 0),
(10, 'Jane', 'Ellis', 'Female', '15121 Myrtle Parkway', 'Phu Luang', '66-(909)827-4455', '351-(641)343-6199', 'jellis9@bravesites.com', '13/06/1975', NULL, '2017-03-22 14:34:14', 0),
(11, 'Carl', 'Clark', 'Male', '421 Oriole Trail', 'Dingjia', '86-(662)377-7450', '216-(547)545-9565', 'cclarka@rakuten.co.jp', '03/04/1970', NULL, '2017-04-06 14:28:47', 0),
(12, 'Lillian', 'Graham', 'Female', '32194 Schlimgen Place', 'Bayart Huxu', '86-(976)679-5545', '358-(590)445-9766', 'lgrahamb@barnesandnoble.com', '24/01/1960', NULL, '2017-03-27 11:55:51', 0),
(13, 'Walter', 'Andrews', 'Male', '9 Rigney Crossing', 'Cherskiy', '7-(954)641-6056', '49-(625)629-4017', 'wandrewsc@goo.ne.jp', '22/08/1975', NULL, '2017-03-25 04:49:42', 0),
(14, 'Albert', 'Rogers', 'Male', '853 Delaware Circle', 'Rybnaya Sloboda', '7-(376)521-6717', '86-(511)985-0820', 'arogersd@taobao.com', '17/11/1996', NULL, '2017-04-05 12:07:52', 0),
(15, 'Kathryn', 'George', 'Female', '068 Mesta Court', 'Suntar', '7-(249)485-5594', '48-(674)984-8446', 'kgeorgee@businessweek.com', '31/07/1990', NULL, '2017-03-28 16:53:06', 0),
(16, 'Beverly', 'Payne', 'Female', '6 Artisan Junction', 'San Rafael', '63-(839)944-0512', '1-(202)713-3176', 'bpaynef@house.gov', '04/06/1964', NULL, '2017-04-15 21:13:53', 0),
(17, 'Lori', 'Martinez', 'Female', '82433 Carey Pass', 'Nový Knín', '420-(129)512-3810', '7-(725)171-3788', 'lmartinezg@pcworld.com', '10/07/1983', NULL, '2017-04-08 05:39:27', 0),
(18, 'George', 'Williams', 'Male', '26594 Columbus Street', 'Petit Raffray', '230-(485)982-1873', '7-(281)527-1219', 'gwilliamsh@ocn.ne.jp', '15/03/1975', NULL, '2017-03-31 12:09:31', 0),
(19, 'Willie', 'Ortiz', 'Male', '0 Summerview Drive', 'Ku?e', '385-(242)446-3381', '86-(235)497-8778', 'wortizi@microsoft.com', '24/03/1972', NULL, '2017-03-23 13:44:04', 0),
(20, 'Julia', 'Wood', 'Female', '4520 Ronald Regan Circle', 'Rutana', '257-(288)222-9941', '33-(581)368-2096', 'jwoodj@yellowbook.com', '07/10/1972', NULL, '2017-04-10 00:55:14', 0),
(21, 'Gloria', 'Hanson', 'Female', '146 Fordem Lane', 'Laï', '235-(717)657-1507', '55-(926)187-9445', 'ghansonk@usda.gov', '03/12/1964', NULL, '2017-04-15 22:19:15', 0),
(22, 'Bobby', 'Carr', 'Male', '8 Northland Place', 'San Antonio', '52-(993)245-3854', '54-(575)136-6221', 'bcarrl@opera.com', '22/05/1952', NULL, '2017-04-03 02:01:36', 0),
(23, 'Justin', 'Hicks', 'Male', '0 International Pass', 'Noeltoko', '62-(624)537-6350', '1-(408)295-8592', 'jhicksm@simplemachines.org', '12/01/2000', NULL, '2017-04-08 11:48:06', 0),
(24, 'Stephanie', 'Chapman', 'Female', '68898 Upham Plaza', 'Kiaranonggeng', '62-(291)447-0701', '385-(292)879-8466', 'schapmann@washingtonpost.com', '07/11/1994', NULL, '2017-03-30 02:57:03', 0),
(25, 'Sara', 'Vasquez', 'Female', '4 Golf View Parkway', 'Kacha', '380-(935)339-4982', '55-(514)930-9274', 'svasquezo@goo.ne.jp', '12/05/1952', NULL, '2017-04-01 19:24:54', 0),
(26, 'Shawn', 'Griffin', 'Male', '66 Russell Junction', 'Nelson', '1-(955)360-7525', '63-(758)523-5888', 'sgriffinp@mapy.cz', '26/07/1987', NULL, '2017-04-01 16:11:27', 0),
(27, 'Rachel', 'Lawrence', 'Female', '3484 Welch Circle', 'Youzha', '86-(813)711-3976', '506-(529)285-5878', 'rlawrenceq@huffingtonpost.com', '28/12/1953', NULL, '2017-03-29 04:50:36', 0),
(28, 'Norma', 'Jacobs', 'Female', '8 Shoshone Terrace', 'Kryvyy Rih', '380-(392)984-2139', '230-(717)333-1269', 'njacobsr@cam.ac.uk', '08/05/1986', NULL, '2017-04-13 15:51:58', 0),
(29, 'Kathy', 'Carroll', 'Female', '513 Sutteridge Parkway', 'Changping', '86-(411)444-8968', '62-(139)819-2986', 'kcarrolls@abc.net.au', '20/09/1999', NULL, '2017-04-04 23:03:38', 0),
(30, 'Rose', 'Hudson', 'Female', '34265 Grasskamp Plaza', 'B?glung', '977-(959)275-7253', '62-(303)556-6735', 'rhudsont@tumblr.com', '21/08/1978', NULL, '2017-03-31 04:10:03', 0),
(31, 'Walter', 'Carroll', 'Male', '68800 Summit Trail', 'Tosontsengel', '976-(710)477-1047', '255-(516)401-8526', 'wcarrollu@npr.org', '29/11/1971', NULL, '2017-04-17 20:22:20', 0),
(32, 'Jane', 'Johnston', 'Female', '14 Atwood Point', 'Dededo Village', '1-(540)798-7621', '62-(191)241-6562', 'jjohnstonv@naver.com', '14/10/1992', NULL, '2017-03-24 10:02:44', 0),
(33, 'Ernest', 'Bailey', 'Male', '96 Cherokee Pass', 'Rolândia', '55-(547)750-4852', '63-(401)646-2125', 'ebaileyw@google.co.jp', '07/09/1953', NULL, '2017-04-09 17:32:50', 0),
(34, 'Sara', 'Fields', 'Female', '361 Forest Run Lane', 'San Jose', '63-(541)740-5038', '86-(780)739-7402', 'sfieldsx@answers.com', '18/07/1963', NULL, '2017-03-26 14:40:03', 0),
(35, 'Gary', 'Harvey', 'Male', '33029 Milwaukee Road', 'Marseille', '33-(297)329-9855', '62-(559)533-2458', 'gharveyy@mail.ru', '24/11/1974', NULL, '2017-04-17 03:00:46', 0),
(36, 'Douglas', 'Knight', 'Male', '09 Havey Lane', 'Shuanglu', '86-(340)777-1303', '66-(432)391-4559', 'dknightz@gmpg.org', '19/04/2000', NULL, '2017-04-01 09:39:49', 0),
(37, 'Eugene', 'Smith', 'Male', '04521 Lyons Road', 'Awgu', '234-(424)975-7988', '1-(412)267-7652', 'esmith10@sogou.com', '15/01/1965', NULL, '2017-04-16 23:06:28', 0),
(38, 'Craig', 'Hunt', 'Male', '48 La Follette Trail', 'Rifu', '81-(898)410-4463', '86-(186)584-6165', 'chunt11@unblog.fr', '02/01/1955', NULL, '2017-04-15 08:10:21', 0),
(39, 'Laura', 'Powell', 'Female', '47133 Ruskin Court', 'Rio Grande da Serra', '55-(148)817-4186', '503-(275)861-8567', 'lpowell12@hhs.gov', '20/12/1978', NULL, '2017-04-18 19:46:58', 0),
(40, 'Jonathan', 'Mcdonald', 'Male', '255 Thackeray Court', 'Moshkovo', '7-(459)913-6718', '33-(683)144-5473', 'jmcdonald13@hibu.com', '09/06/1991', NULL, '2017-03-31 08:40:42', 0),
(41, 'Lisa', 'Stewart', 'Female', '7233 American Ash Hill', 'Huze', '86-(500)543-0462', '54-(329)567-0887', 'lstewart14@e-recht24.de', '07/01/1966', NULL, '2017-04-20 02:36:38', 0),
(42, 'Scott', 'Armstrong', 'Male', '0500 Bultman Way', 'Buenavista', '63-(245)789-4981', '7-(746)880-5781', 'sarmstrong15@webs.com', '07/02/1970', NULL, '2017-03-23 13:45:42', 0),
(43, 'Joyce', 'Clark', 'Female', '4928 Moose Place', 'Hidalgo', '52-(778)140-9276', '850-(808)911-8179', 'jclark16@barnesandnoble.com', '01/01/1981', NULL, '2017-04-14 09:57:38', 0),
(44, 'Richard', 'Perkins', 'Male', '758 Carioca Pass', 'Guaitarilla', '57-(812)126-5295', '86-(628)428-8559', 'rperkins17@e-recht24.de', '23/02/1997', NULL, '2017-03-25 03:53:47', 0),
(45, 'Henry', 'Webb', 'Male', '247 Portage Plaza', 'Pindaré Mirim', '55-(783)976-6857', '967-(166)820-3926', 'hwebb18@reverbnation.com', '26/12/1985', NULL, '2017-04-06 00:22:44', 0),
(46, 'Cynthia', 'Cunningham', 'Female', '5826 Lakewood Hill', 'Shushi', '994-(816)257-0132', '86-(606)635-2255', 'ccunningham19@wunderground.com', '03/08/1998', NULL, '2017-04-13 07:50:15', 0),
(47, 'Lillian', 'Lewis', 'Female', '2 Mockingbird Lane', 'Huayuan', '86-(449)274-9546', '351-(620)567-7832', 'llewis1a@wsj.com', '27/09/1965', NULL, '2017-04-05 03:23:31', 0),
(48, 'Michael', 'Baker', 'Male', '3333 Emmet Court', 'Simo', '358-(915)393-2597', '36-(526)422-7265', 'mbaker1b@yolasite.com', '15/05/1987', NULL, '2017-03-31 20:39:38', 0),
(49, 'Edward', 'Willis', 'Male', '393 Express Point', 'Petropavlovka', '7-(188)533-3736', '62-(978)164-5238', 'ewillis1c@tinyurl.com', '18/06/1973', NULL, '2017-04-08 03:53:59', 0),
(50, 'Roger', 'Ramos', 'Male', '9507 Cardinal Hill', 'Kurovskoye', '7-(919)401-4088', '420-(230)272-7491', 'rramos1d@so-net.ne.jp', '24/11/1964', NULL, '2017-04-18 23:47:45', 0),
(51, 'Michael', 'Henderson', 'Male', '45756 Cordelia Parkway', 'Sko?yszyn', '48-(612)654-6890', '81-(679)391-7078', 'mhenderson1e@msu.edu', '17/06/1962', NULL, '2017-04-16 05:23:16', 0),
(52, 'Patrick', 'Allen', 'Male', '27436 Holy Cross Terrace', 'M?rpur Sakro', '92-(956)929-0846', '691-(721)873-8648', 'pallen1f@ocn.ne.jp', '01/06/1982', NULL, '2017-03-28 05:18:14', 0),
(53, 'Juan', 'Graham', 'Male', '6 Randy Pass', 'Bestala', '62-(977)480-3638', '355-(930)108-7319', 'jgraham1g@devhub.com', '23/01/1953', NULL, '2017-04-19 16:36:54', 0),
(54, 'Susan', 'Graham', 'Female', '3 Arapahoe Street', 'Cigagade', '62-(287)169-1055', '1-(739)974-9201', 'sgraham1h@bandcamp.com', '26/11/1979', NULL, '2017-04-08 18:33:59', 0),
(55, 'Mark', 'King', 'Male', '02993 Browning Street', 'P?imda', '420-(899)691-3437', '7-(194)735-2898', 'mking1i@last.fm', '24/08/1980', NULL, '2017-04-06 14:05:14', 0),
(56, 'Timothy', 'Ray', 'Male', '4592 Hansons Plaza', 'Sungayang', '62-(923)715-6340', '45-(958)854-1979', 'tray1j@uol.com.br', '30/11/1967', NULL, '2017-04-19 15:03:51', 0),
(57, 'Diana', 'Henderson', 'Female', '911 Main Pass', 'Ciguha Tengah', '62-(943)777-4698', '62-(896)507-8938', 'dhenderson1k@fotki.com', '14/04/1965', NULL, '2017-04-06 07:14:56', 0),
(58, 'Brandon', 'Jenkins', 'Male', '6 Nelson Center', 'Szczerbice', '48-(956)212-9228', '86-(610)162-0548', 'bjenkins1l@4shared.com', '30/09/1978', NULL, '2017-04-18 14:24:46', 0),
(59, 'Lisa', 'Porter', 'Female', '7046 Commercial Hill', 'Raheny', '353-(562)981-8393', '963-(663)396-4344', 'lporter1m@walmart.com', '26/02/1980', NULL, '2017-04-12 04:07:19', 0),
(60, 'Sandra', 'Jenkins', 'Female', '75 Anderson Street', 'Yanacancha', '51-(541)370-6827', '86-(170)534-0046', 'sjenkins1n@soup.io', '15/10/1992', NULL, '2017-04-08 16:33:20', 0),
(61, 'Debra', 'James', 'Female', '0352 Badeau Way', 'Sepatan', '62-(764)245-4978', '81-(153)597-8078', 'djames1o@biblegateway.com', '28/05/1984', NULL, '2017-03-25 19:32:37', 0),
(62, 'Thomas', 'Rivera', 'Male', '51 Onsgard Street', 'Teeli', '7-(216)823-5441', '7-(533)732-2750', 'trivera1p@gravatar.com', '14/07/1958', NULL, '2017-03-27 19:46:46', 0),
(63, 'John', 'Perkins', 'Male', '1 Almo Terrace', 'Th? Tr?n Qu?', '84-(140)928-4113', '52-(814)275-1672', 'jperkins1q@1und1.de', '03/04/1956', NULL, '2017-03-24 11:19:47', 0),
(64, 'Phillip', 'Jones', 'Male', '8 Grasskamp Park', 'Jianshan', '86-(606)636-8516', '7-(814)717-7034', 'pjones1r@jalbum.net', '01/07/1992', NULL, '2017-04-09 00:43:21', 0),
(65, 'Jacqueline', 'Garcia', 'Female', '4 Hansons Road', 'Sunagawa', '81-(419)430-1176', '49-(735)881-7661', 'jgarcia1s@wix.com', '26/11/1988', NULL, '2017-04-16 12:41:16', 0),
(66, 'Patricia', 'Reynolds', 'Female', '23 Forster Trail', 'Kokkári', '30-(915)359-8931', '86-(259)264-9959', 'preynolds1t@webeden.co.uk', '04/08/1975', NULL, '2017-04-16 17:36:20', 0),
(67, 'Evelyn', 'Sims', 'Female', '6 Bunting Trail', 'Ostoji?evo', '381-(933)976-0848', '62-(634)643-5192', 'esims1u@ca.gov', '17/09/1988', NULL, '2017-04-12 09:23:11', 0),
(68, 'Heather', 'Roberts', 'Female', '697 Warner Street', 'Macapá', '55-(242)105-9201', '86-(213)478-2768', 'hroberts1v@google.pl', '19/05/1962', NULL, '2017-04-15 06:27:17', 0),
(69, 'Robert', 'Cunningham', 'Male', '7669 Hoepker Pass', 'Arw?d', '963-(480)520-1740', '855-(614)999-7387', 'rcunningham1w@trellian.com', '02/10/1961', NULL, '2017-04-15 15:38:34', 0),
(70, 'Ruby', 'Freeman', 'Female', '1 Green Center', 'Arbaoua', '212-(618)400-2466', '31-(214)740-5085', 'rfreeman1x@list-manage.com', '17/05/1961', NULL, '2017-03-28 05:08:15', 0),
(71, 'Katherine', 'Oliver', 'Female', '1695 Jackson Way', 'Karanglo', '62-(656)388-4696', '86-(884)624-4855', 'koliver1y@slashdot.org', '26/11/1951', NULL, '2017-03-29 00:30:01', 0),
(72, 'Keith', 'Alvarez', 'Male', '432 Main Alley', 'Kasimov', '7-(785)250-3872', '62-(824)105-8612', 'kalvarez1z@yandex.ru', '05/09/1971', NULL, '2017-03-25 17:40:55', 0),
(73, 'Cheryl', 'Cook', 'Female', '51427 Crescent Oaks Lane', 'Pacaraos', '51-(241)973-1545', '54-(103)342-1503', 'ccook20@ehow.com', '03/06/1971', NULL, '2017-04-10 20:43:06', 0),
(74, 'Juan', 'Kennedy', 'Male', '5208 Sauthoff Parkway', 'Nazareth', '972-(587)480-5985', '86-(639)136-1048', 'jkennedy21@disqus.com', '22/06/1985', NULL, '2017-04-16 01:45:31', 0),
(75, 'Rachel', 'Mitchell', 'Female', '847 Judy Alley', 'Jiaoshi', '86-(877)878-0318', '46-(607)685-6224', 'rmitchell22@bluehost.com', '12/04/1995', NULL, '2017-03-28 05:30:17', 0),
(76, 'Earl', 'Mason', 'Male', '161 Pawling Center', 'Wenwucao', '86-(470)413-5676', '380-(310)588-2701', 'emason23@telegraph.co.uk', '10/06/1953', NULL, '2017-03-30 15:11:51', 0),
(77, 'Alice', 'Fox', 'Female', '2 Washington Park', 'Guangpu', '86-(252)990-2143', '86-(471)279-8425', 'afox24@digg.com', '02/01/1973', NULL, '2017-04-08 15:42:03', 0),
(78, 'Joshua', 'Sullivan', 'Male', '557 Forest Crossing', 'Natakoli', '62-(253)204-4780', '46-(792)816-9912', 'jsullivan25@skyrock.com', '30/09/1954', NULL, '2017-03-27 17:46:33', 0),
(79, 'Debra', 'Ortiz', 'Female', '8 Warrior Road', 'Gorzyczki', '48-(122)690-1505', '27-(666)270-5213', 'dortiz26@discuz.net', '23/09/1973', NULL, '2017-03-31 04:33:30', 0),
(80, 'Frances', 'Phillips', 'Female', '413 Jana Street', 'Albany', '1-(229)405-4738', '225-(988)797-6431', 'fphillips27@cpanel.net', '24/06/1978', NULL, '2017-03-24 01:31:45', 0),
(81, 'Jennifer', 'Bailey', 'Female', '9 Prentice Junction', 'Debar', '389-(935)441-9286', '998-(671)223-0447', 'jbailey28@altervista.org', '15/10/1999', NULL, '2017-04-03 06:50:28', 0),
(82, 'Jacqueline', 'Graham', 'Female', '4 Oriole Plaza', 'Yero?am', '972-(521)601-0054', '509-(686)278-1274', 'jgraham29@china.com.cn', '01/05/1980', NULL, '2017-04-01 22:31:15', 0),
(83, 'Nicole', 'Ortiz', 'Female', '59183 Daystar Park', 'Morón', '53-(296)961-1028', '256-(740)981-7358', 'nortiz2a@zimbio.com', '08/03/1961', NULL, '2017-04-09 08:58:38', 0),
(84, 'Shawn', 'Robertson', 'Male', '0 Chinook Junction', 'Jieshou', '86-(503)418-3823', '86-(174)377-5616', 'srobertson2b@goo.ne.jp', '21/05/1954', NULL, '2017-04-05 11:18:47', 0),
(85, 'Frank', 'Ramirez', 'Male', '02245 5th Place', 'Bavorov', '420-(785)207-5757', '55-(616)366-8117', 'framirez2c@bluehost.com', '01/03/1958', NULL, '2017-04-14 09:12:28', 0),
(86, 'Heather', 'Washington', 'Female', '45 Rigney Circle', 'Edéa', '237-(565)549-1693', '62-(798)949-3529', 'hwashington2d@bbb.org', '31/07/1958', NULL, '2017-04-11 03:08:57', 0),
(87, 'Linda', 'Wagner', 'Female', '661 Jay Way', 'Iqaluit', '1-(741)701-2289', '86-(235)923-2966', 'lwagner2e@photobucket.com', '15/06/1955', NULL, '2017-04-16 01:08:34', 0),
(88, 'Randy', 'Rivera', 'Male', '50786 Farragut Drive', 'Isla Verde', '54-(628)657-3778', '52-(226)799-8795', 'rrivera2f@free.fr', '23/10/1999', NULL, '2017-04-11 23:40:28', 0),
(89, 'Charles', 'Rogers', 'Male', '293 Center Place', 'Lansing', '1-(517)842-0977', '66-(227)259-2256', 'crogers2g@1und1.de', '19/01/1983', NULL, '2017-03-30 00:50:54', 0),
(90, 'Paula', 'Murray', 'Female', '8152 Victoria Drive', 'Jijiga', '251-(937)955-8783', '230-(814)904-7562', 'pmurray2h@flickr.com', '17/10/1965', NULL, '2017-04-14 14:59:19', 0),
(91, 'Mark', 'Gray', 'Male', '101 Cottonwood Center', 'Castlerea', '353-(975)553-1473', '33-(561)737-5465', 'mgray2i@springer.com', '29/08/1986', NULL, '2017-03-28 01:16:22', 0),
(92, 'Ruth', 'Miller', 'Female', '27741 Acker Plaza', 'Xiantang', '86-(168)526-1897', '63-(770)395-6671', 'rmiller2j@de.vu', '17/08/1960', NULL, '2017-04-14 02:38:06', 0),
(93, 'Peter', 'Ross', 'Male', '0 Johnson Circle', 'Jukui', '86-(793)481-3778', '86-(886)850-8672', 'pross2k@scientificamerican.com', '03/11/1999', NULL, '2017-04-11 17:44:57', 0),
(94, 'Christina', 'Little', 'Female', '99 Oak Valley Point', 'Trompsburg', '27-(633)100-1905', '1-(706)487-9600', 'clittle2l@cloudflare.com', '10/12/1953', NULL, '2017-04-12 06:39:56', 0),
(95, 'Frank', 'Matthews', 'Male', '9415 Loomis Trail', 'Im?m ???ib', '93-(671)344-6541', '86-(551)163-4272', 'fmatthews2m@webeden.co.uk', '29/07/1982', NULL, '2017-03-26 20:26:18', 0),
(96, 'Justin', 'Freeman', 'Male', '942 Anzinger Place', 'Tsyurupyns’k', '380-(868)786-3333', '86-(697)797-5731', 'jfreeman2n@csmonitor.com', '08/03/1988', NULL, '2017-04-07 10:50:53', 0),
(97, 'Betty', 'Reed', 'Female', '370 Texas Point', 'Catungawan Sur', '63-(444)911-4362', '62-(925)654-5059', 'breed2o@deviantart.com', '14/08/1995', NULL, '2017-04-02 04:48:18', 0),
(98, 'Charles', 'Ross', 'Male', '51974 Tomscot Center', 'Mangaldan', '63-(116)838-6526', '381-(314)246-4790', 'cross2p@mashable.com', '12/07/1975', NULL, '2017-03-28 12:40:47', 0),
(99, 'Diane', 'Phillips', 'Female', '955 Brown Parkway', 'Yankou', '86-(620)744-5893', '963-(903)922-2946', 'dphillips2q@deviantart.com', '14/09/1979', NULL, '2017-03-24 04:05:38', 0),
(100, 'Kathleen', 'Henderson', 'Female', '5933 Macpherson Crossing', 'Gol??v Jeníkov', '420-(958)732-5840', '48-(397)907-1587', 'khenderson2r@phoca.cz', '29/03/1976', NULL, '2017-04-12 17:56:39', 0),
(101, 'Earl', 'Torres', 'Male', '6 Pepper Wood Trail', 'Tumbi', '255-(580)862-6459', '55-(445)318-6251', 'etorres2s@livejournal.com', '03/08/1981', NULL, '2017-04-07 21:44:29', 0),
(102, 'Justin', 'Little', 'Male', '8 Del Mar Parkway', 'Troyes', '33-(475)803-5335', '86-(637)992-5366', 'jlittle2t@webmd.com', '28/08/1992', NULL, '2017-04-18 00:54:51', 0),
(103, 'Frances', 'Henderson', 'Female', '57 Mesta Alley', 'Jiashi', '86-(689)373-1093', '62-(640)119-5994', 'fhenderson2u@cbslocal.com', '26/09/1958', NULL, '2017-03-29 11:46:29', 0),
(104, 'Stephanie', 'Scott', 'Female', '8234 Manitowish Terrace', 'Gurinai', '86-(656)278-4153', '55-(975)391-1897', 'sscott2v@gnu.org', '08/06/1951', NULL, '2017-04-11 09:43:03', 0),
(105, 'Thomas', 'Day', 'Male', '59 Rieder Drive', 'Huangpu', '86-(515)262-5784', '54-(330)195-4522', 'tday2w@cyberchimps.com', '03/12/1960', NULL, '2017-03-24 07:36:32', 0),
(106, 'Gregory', 'Greene', 'Male', '3126 Glacier Hill Trail', 'Rosh Ha‘Ayin', '972-(104)683-3784', '46-(229)289-2703', 'ggreene2x@marriott.com', '17/12/1970', NULL, '2017-03-25 14:13:08', 0),
(107, 'Michael', 'Burke', 'Male', '982 Oriole Drive', 'Karlskoga', '46-(707)650-6905', '251-(932)550-1323', 'mburke2y@reuters.com', '27/08/1975', NULL, '2017-03-27 01:28:40', 0),
(108, 'Anna', 'Romero', 'Female', '94740 Shopko Center', 'Kurn?z', '963-(779)155-6500', '86-(134)934-8301', 'aromero2z@dailymotion.com', '16/12/1979', NULL, '2017-04-03 21:04:06', 0),
(109, 'Patrick', 'Hart', 'Male', '2 Annamark Alley', 'La Ensenada', '56-(985)209-8650', '7-(874)537-3335', 'phart30@dagondesign.com', '17/04/1977', NULL, '2017-03-25 04:05:23', 0),
(110, 'Susan', 'Hernandez', 'Female', '97207 Dryden Parkway', 'Portorož', '386-(160)617-4944', '62-(900)973-9569', 'shernandez31@w3.org', '19/04/1953', NULL, '2017-04-09 08:57:15', 0),
(111, 'Charles', 'Moore', 'Male', '43459 Beilfuss Terrace', 'Katsuyama', '81-(550)323-8324', '62-(651)707-7117', 'cmoore32@goo.gl', '05/12/1967', NULL, '2017-03-31 21:05:24', 0),
(112, 'Douglas', 'Crawford', 'Male', '1059 Vidon Junction', 'Ibagué', '57-(716)156-1545', '256-(692)153-4772', 'dcrawford33@columbia.edu', '17/10/1956', NULL, '2017-03-30 22:45:13', 0),
(113, 'Phyllis', 'Hernandez', 'Female', '2 Oak Place', 'Roma', '39-(132)292-5212', '7-(739)643-9583', 'phernandez34@zdnet.com', '09/04/1960', NULL, '2017-04-03 21:08:48', 0),
(114, 'Aaron', 'Roberts', 'Male', '737 Vidon Way', 'Kez', '7-(307)774-6107', '7-(816)252-6098', 'aroberts35@google.cn', '04/12/1959', NULL, '2017-03-30 05:29:49', 0),
(115, 'Bruce', 'Gonzales', 'Male', '1774 Bayside Circle', 'Bang Lamung', '66-(396)201-5789', '86-(106)269-6261', 'bgonzales36@va.gov', '03/07/1962', NULL, '2017-03-28 19:38:41', 0),
(116, 'Doris', 'Sanchez', 'Female', '4 Carey Park', 'Veiros', '351-(411)227-1076', '62-(218)298-6734', 'dsanchez37@answers.com', '14/03/1961', NULL, '2017-03-25 19:27:45', 0),
(117, 'Bruce', 'Howell', 'Male', '8 Homewood Crossing', 'Randusari', '62-(958)787-1963', '33-(874)948-8225', 'bhowell38@miibeian.gov.cn', '29/03/1982', NULL, '2017-04-09 00:10:18', 0),
(118, 'Jane', 'Lynch', 'Female', '09 Prairieview Court', 'Angoulême', '33-(617)602-9104', '86-(139)494-6115', 'jlynch39@diigo.com', '21/04/1970', NULL, '2017-03-29 18:01:46', 0),
(119, 'Paula', 'Henderson', 'Female', '7444 Golf View Lane', 'Santa Rita', '58-(106)210-5313', '86-(892)401-4198', 'phenderson3a@mlb.com', '04/01/1997', NULL, '2017-03-24 01:40:57', 0),
(120, 'Randy', 'Moore', 'Male', '3140 Ridge Oak Way', 'Wanquan', '86-(828)812-0451', '86-(290)734-0308', 'rmoore3b@51.la', '19/11/1980', NULL, '2017-04-17 22:41:47', 0),
(121, 'Christina', 'Bennett', 'Female', '2 Ridgeway Drive', 'Gudang', '62-(152)913-6934', '86-(987)887-1965', 'cbennett3c@google.fr', '18/02/1985', NULL, '2017-03-30 06:14:51', 0),
(122, 'Douglas', 'Elliott', 'Male', '25 Rowland Plaza', 'Réo', '226-(820)162-7333', '54-(340)904-2630', 'delliott3d@alexa.com', '04/01/1986', NULL, '2017-04-16 17:26:33', 0),
(123, 'Denise', 'Rogers', 'Female', '181 Sundown Park', 'Edsbyn', '46-(764)677-4359', '55-(327)309-2803', 'drogers3e@sphinn.com', '10/12/1984', NULL, '2017-04-18 17:21:22', 0),
(124, 'Justin', 'Garza', 'Male', '550 Hooker Crossing', 'Penha', '55-(739)948-4691', '856-(597)951-1377', 'jgarza3f@gnu.org', '09/03/1988', NULL, '2017-03-24 10:02:03', 0),
(125, 'Heather', 'West', 'Female', '2 Jay Junction', 'Lajeado', '55-(584)535-5907', '46-(984)448-8995', 'hwest3g@sphinn.com', '09/02/1969', NULL, '2017-03-29 08:28:46', 0),
(126, 'Alice', 'Perez', 'Female', '2323 Warrior Road', 'Tvøroyri', '298-(567)598-6305', '7-(816)190-1335', 'aperez3h@eventbrite.com', '04/01/1969', NULL, '2017-04-18 16:50:41', 0),
(127, 'William', 'Jenkins', 'Male', '7614 Tomscot Alley', 'Pomahuaca', '51-(682)223-8904', '62-(771)670-4774', 'wjenkins3i@reverbnation.com', '16/09/1953', NULL, '2017-03-24 12:36:47', 0),
(128, 'Ernest', 'Spencer', 'Male', '796 Shasta Park', 'San Isidro', '52-(760)597-9968', '84-(997)616-8749', 'espencer3j@fda.gov', '08/01/1985', NULL, '2017-04-03 06:16:39', 0),
(129, 'Roger', 'Bell', 'Male', '9368 Maryland Court', 'Licheng', '86-(721)623-9914', '54-(875)764-3937', 'rbell3k@senate.gov', '25/01/1968', NULL, '2017-03-30 07:58:48', 0),
(130, 'Diana', 'Cunningham', 'Female', '717 Charing Cross Way', 'Shibukawa', '81-(620)262-8729', '86-(987)710-7797', 'dcunningham3l@instagram.com', '30/12/1986', NULL, '2017-04-16 22:40:25', 0),
(131, 'Christopher', 'Hamilton', 'Male', '8945 Longview Hill', 'Kelapa', '62-(986)754-3800', '84-(552)750-9144', 'chamilton3m@nyu.edu', '09/10/1962', NULL, '2017-04-06 07:18:19', 0),
(132, 'Diana', 'Knight', 'Female', '230 Sunbrook Drive', 'A? ?af?lah', '962-(139)696-0789', '678-(689)255-9846', 'dknight3n@so-net.ne.jp', '27/08/1967', NULL, '2017-03-30 14:07:20', 0),
(133, 'Carol', 'Gonzalez', 'Female', '29363 Eastwood Way', 'Lingkou', '86-(598)259-9069', '45-(985)710-9336', 'cgonzalez3o@com.com', '20/01/1970', NULL, '2017-04-18 08:52:27', 0),
(134, 'Harold', 'Henry', 'Male', '43 Onsgard Way', 'Mu?radah', '963-(901)670-0359', '63-(145)110-3521', 'hhenry3p@stanford.edu', '29/09/1982', NULL, '2017-04-16 16:27:35', 0),
(135, 'Eric', 'Schmidt', 'Male', '111 Dovetail Alley', 'Manicahan', '63-(916)750-2640', '86-(573)289-7589', 'eschmidt3q@histats.com', '25/01/1960', NULL, '2017-04-11 08:56:26', 0),
(136, 'Gary', 'Sanchez', 'Male', '61722 Kings Parkway', 'Taihe', '86-(581)581-4106', '229-(422)973-6877', 'gsanchez3r@technorati.com', '06/10/1990', NULL, '2017-03-31 06:15:31', 0),
(137, 'Ruby', 'Cruz', 'Female', '2785 Waubesa Park', 'Jaunpils', '371-(544)591-0560', '62-(476)482-4949', 'rcruz3s@ted.com', '19/06/1986', NULL, '2017-03-26 03:56:15', 0),
(138, 'Mark', 'Foster', 'Male', '578 Division Parkway', 'Piraju', '55-(371)195-0787', '58-(521)641-1454', 'mfoster3t@hud.gov', '09/09/1997', NULL, '2017-04-03 00:45:53', 0),
(139, 'Frank', 'Peterson', 'Male', '0768 Bunker Hill Point', 'Caohezhang', '86-(758)142-3915', '351-(927)934-4211', 'fpeterson3u@desdev.cn', '08/08/1962', NULL, '2017-04-02 04:48:32', 0),
(140, 'Sara', 'Lane', 'Female', '931 Ramsey Street', 'Tucson', '1-(520)718-6366', '55-(874)907-8547', 'slane3v@intel.com', '05/12/1968', NULL, '2017-04-13 11:44:33', 0),
(141, 'Joshua', 'Hanson', 'Male', '58808 Farmco Place', 'Yangzhuang', '86-(279)728-3091', '86-(309)845-9799', 'jhanson3w@mayoclinic.com', '13/10/1950', NULL, '2017-04-04 00:10:13', 0),
(142, 'Judith', 'Hamilton', 'Female', '135 East Circle', 'Aliaga', '63-(126)274-7007', '98-(547)141-8807', 'jhamilton3x@xing.com', '10/05/1969', NULL, '2017-04-18 00:52:26', 0),
(143, 'Jose', 'Kennedy', 'Male', '507 Hermina Terrace', 'Marne-la-Vallée', '33-(543)782-4881', '1-(709)694-2367', 'jkennedy3y@canalblog.com', '19/01/1995', NULL, '2017-03-24 00:44:12', 0),
(144, 'Kevin', 'Cruz', 'Male', '6768 Talmadge Street', 'Seseng', '62-(143)887-2998', '52-(194)609-4280', 'kcruz3z@cbsnews.com', '16/10/1959', NULL, '2017-03-26 10:56:42', 0),
(145, 'James', 'Ford', 'Male', '9 Nova Junction', 'Taposan', '62-(419)576-4354', '212-(941)759-9141', 'jford40@cbsnews.com', '26/01/1989', NULL, '2017-04-14 07:01:57', 0),
(146, 'Thomas', 'Phillips', 'Male', '6 Hermina Pass', 'Ambarakaraka', '261-(556)434-6456', '48-(401)288-2835', 'tphillips41@comsenz.com', '14/12/1988', NULL, '2017-04-08 20:37:41', 0),
(147, 'Anna', 'Fuller', 'Female', '71917 Novick Pass', 'Sypniewo', '48-(533)240-4502', '358-(266)896-9142', 'afuller42@odnoklassniki.ru', '30/11/1979', NULL, '2017-04-12 17:33:06', 0),
(148, 'Jimmy', 'Alvarez', 'Male', '6 Sunfield Plaza', 'Kebonagung', '62-(878)886-2349', '55-(881)464-9570', 'jalvarez43@hc360.com', '02/08/1977', NULL, '2017-04-07 11:36:44', 0),
(149, 'Matthew', 'Chavez', 'Male', '91217 Roxbury Avenue', 'Isaka', '255-(297)845-0290', '86-(254)234-9503', 'mchavez44@php.net', '04/04/1956', NULL, '2017-04-14 19:23:18', 0),
(150, 'Juan', 'Lewis', 'Male', '87 Birchwood Center', 'Vítkov', '420-(368)911-8902', '57-(709)878-5305', 'jlewis45@mit.edu', '08/08/1969', NULL, '2017-04-05 14:07:55', 0),
(151, 'Bonnie', 'Cruz', 'Female', '84740 Annamark Alley', 'Niagara Falls', '1-(321)488-2074', '352-(521)488-2984', 'bcruz46@ocn.ne.jp', '03/09/1991', NULL, '2017-04-04 22:37:49', 0),
(152, 'Louise', 'Vasquez', 'Female', '49 School Drive', 'Nice', '33-(525)945-0042', '234-(230)824-8190', 'lvasquez47@microsoft.com', '05/05/1963', NULL, '2017-04-18 09:28:54', 0),
(153, 'John', 'Warren', 'Male', '37 Talmadge Point', 'Bergen', '47-(214)496-4316', '376-(852)138-4585', 'jwarren48@google.ca', '23/10/1952', NULL, '2017-04-04 12:08:50', 0),
(154, 'Jennifer', 'Berry', 'Female', '48 Buell Plaza', 'Hinigaran', '63-(239)648-0161', '7-(788)922-2356', 'jberry49@acquirethisname.com', '20/03/1974', NULL, '2017-04-19 11:54:14', 0),
(155, 'Mark', 'Hall', 'Male', '87216 Leroy Park', 'At-Bashi', '996-(792)922-5741', '62-(695)647-5850', 'mhall4a@wunderground.com', '27/02/1959', NULL, '2017-04-04 07:39:46', 0),
(156, 'Patricia', 'Stone', 'Female', '81054 Longview Street', 'Lanxi', '86-(718)420-3843', '58-(423)210-9821', 'pstone4b@theguardian.com', '27/06/1966', NULL, '2017-03-25 01:26:51', 0),
(157, 'Billy', 'Hughes', 'Male', '5 Chinook Park', 'Xikou', '86-(532)132-4943', '1-(943)627-9073', 'bhughes4c@oakley.com', '03/09/1989', NULL, '2017-04-16 06:31:18', 0),
(158, 'Ryan', 'Duncan', 'Male', '49 Brown Trail', 'Tambulatana', '62-(116)402-3717', '356-(133)794-8795', 'rduncan4d@ibm.com', '15/05/1990', NULL, '2017-03-27 07:21:56', 0),
(159, 'Paula', 'Ruiz', 'Female', '2 Talisman Road', 'Hend?j?n', '98-(519)637-8631', '62-(723)437-6773', 'pruiz4e@admin.ch', '04/12/1988', NULL, '2017-04-11 16:07:31', 0),
(160, 'Betty', 'Hamilton', 'Female', '7098 East Parkway', 'Hexi', '86-(767)508-5181', '86-(499)292-9292', 'bhamilton4f@jugem.jp', '18/05/1959', NULL, '2017-04-09 21:43:39', 0),
(161, 'Matthew', 'Mills', 'Male', '3110 Cottonwood Place', 'Saint-Étienne', '33-(939)304-0367', '55-(780)906-4299', 'mmills4g@taobao.com', '27/12/1967', NULL, '2017-04-08 06:47:17', 0),
(162, 'Christopher', 'Howard', 'Male', '820 Hermina Junction', 'Afogados da Ingazeira', '55-(968)898-6223', '46-(683)254-9776', 'choward4h@accuweather.com', '04/11/1985', NULL, '2017-04-17 12:48:32', 0),
(163, 'Larry', 'Harrison', 'Male', '3192 Moland Drive', 'Lumatil', '63-(569)535-3001', '86-(765)172-6926', 'lharrison4i@jimdo.com', '15/11/1977', NULL, '2017-04-03 21:14:08', 0),
(164, 'Kimberly', 'Welch', 'Female', '3 Lotheville Avenue', 'Croix', '33-(463)304-3525', '7-(636)279-9230', 'kwelch4j@list-manage.com', '26/12/1981', NULL, '2017-03-29 02:23:19', 0),
(165, 'Kenneth', 'Butler', 'Male', '893 School Terrace', 'Lianga', '63-(251)807-3052', '30-(687)924-1690', 'kbutler4k@biblegateway.com', '12/02/1965', NULL, '2017-03-22 19:18:17', 0),
(166, 'Martin', 'Murray', 'Male', '5660 Eagan Street', 'Tualangcut', '62-(812)778-7913', '30-(955)851-6680', 'mmurray4l@google.it', '09/01/1990', NULL, '2017-03-22 14:12:15', 0),
(167, 'Marilyn', 'Powell', 'Female', '7926 Schmedeman Hill', 'Belawang', '62-(970)557-6910', '62-(654)260-3531', 'mpowell4m@shop-pro.jp', '12/09/1953', NULL, '2017-03-26 01:00:00', 0),
(168, 'Arthur', 'Smith', 'Male', '0 Sycamore Point', 'Senggapi', '62-(633)235-4278', '81-(785)476-5272', 'asmith4n@tinypic.com', '11/10/1987', NULL, '2017-04-14 14:47:01', 0),
(169, 'Mary', 'Perez', 'Female', '32 Portage Terrace', 'Pragen Selatan', '62-(480)985-5646', '7-(794)359-5329', 'mperez4o@aboutads.info', '31/03/1953', NULL, '2017-04-15 02:17:21', 0),
(170, 'Lois', 'Ellis', 'Female', '0249 Burning Wood Circle', 'Limoges', '33-(606)912-2333', '30-(866)228-1821', 'lellis4p@google.cn', '07/11/1953', NULL, '2017-03-25 00:37:03', 0),
(171, 'Carol', 'Mitchell', 'Female', '62 Maple Center', 'Mari', '62-(314)592-6249', '86-(807)934-3268', 'cmitchell4q@nationalgeographic.com', '18/06/1982', NULL, '2017-03-29 12:48:33', 0),
(172, 'Judith', 'Mitchell', 'Female', '113 Muir Center', 'Ganquan', '86-(358)942-5983', '63-(725)832-8805', 'jmitchell4r@biglobe.ne.jp', '29/12/1996', NULL, '2017-04-06 16:55:48', 0),
(173, 'Johnny', 'Kim', 'Male', '54 Badeau Alley', 'Dashtobod', '998-(366)725-3746', '86-(865)191-6966', 'jkim4s@businesswire.com', '19/02/1968', NULL, '2017-03-24 11:57:51', 0),
(174, 'Joyce', 'Castillo', 'Female', '54 Onsgard Park', 'Uticyacu', '51-(732)872-3267', '66-(226)866-9783', 'jcastillo4t@imdb.com', '02/07/1980', NULL, '2017-04-08 05:54:08', 0),
(175, 'George', 'Stone', 'Male', '4854 Charing Cross Junction', 'Arthur’s Town', '1-(623)498-5730', '86-(516)915-3589', 'gstone4u@hubpages.com', '10/02/1982', NULL, '2017-03-29 17:49:48', 0),
(176, 'Janet', 'Perkins', 'Female', '08559 Logan Parkway', 'Itapeva', '55-(245)559-0445', '86-(123)778-9694', 'jperkins4v@1und1.de', '08/12/1984', NULL, '2017-03-22 14:54:14', 0),
(177, 'Ernest', 'Stevens', 'Male', '23 Vidon Alley', 'Kendal', '62-(478)791-3361', '62-(752)928-4466', 'estevens4w@twitpic.com', '19/02/1963', NULL, '2017-04-12 03:57:37', 0),
(178, 'Jane', 'Nichols', 'Female', '9 Doe Crossing Alley', 'Ngembul', '62-(747)110-1129', '86-(469)660-6779', 'jnichols4x@opensource.org', '10/08/1962', NULL, '2017-03-29 03:09:26', 0),
(179, 'Cynthia', 'Wilson', 'Female', '04 Doe Crossing Drive', 'Douniani', '269-(415)952-9035', '33-(325)190-4539', 'cwilson4y@theglobeandmail.com', '23/10/1985', NULL, '2017-04-12 03:37:13', 0),
(180, 'Bonnie', 'Wagner', 'Female', '1 Anniversary Crossing', 'Houston', '1-(281)367-4036', '46-(466)914-0903', 'bwagner4z@blogtalkradio.com', '15/08/1952', NULL, '2017-03-23 09:23:43', 0),
(181, 'Paula', 'Bailey', 'Female', '62 8th Parkway', 'Perivóli', '30-(529)963-8851', '86-(895)623-7739', 'pbailey50@vimeo.com', '08/04/1979', NULL, '2017-04-07 13:50:28', 0),
(182, 'Jean', 'Powell', 'Female', '98993 Sullivan Junction', 'Banepa', '977-(795)825-5035', '86-(200)852-3693', 'jpowell51@yolasite.com', '12/09/1956', NULL, '2017-04-07 05:29:31', 0),
(183, 'Jerry', 'Matthews', 'Male', '0477 Bayside Park', 'Pordapor Barat', '62-(346)122-2248', '351-(242)940-6500', 'jmatthews52@stanford.edu', '20/05/1956', NULL, '2017-04-02 15:36:46', 0),
(184, 'Carol', 'Murphy', 'Female', '523 School Center', 'Kuangsan', '62-(315)253-4515', '385-(257)351-3228', 'cmurphy53@ustream.tv', '24/03/1997', NULL, '2017-03-23 01:33:03', 0),
(185, 'Ryan', 'Franklin', 'Male', '825 Express Drive', 'K?pno', '48-(716)128-6052', '55-(686)980-2168', 'rfranklin54@goo.ne.jp', '26/10/1959', NULL, '2017-04-07 18:02:04', 0),
(186, 'Phillip', 'Powell', 'Male', '2 Eagan Pass', 'Ukhta', '7-(562)949-3003', '353-(501)255-8946', 'ppowell55@toplist.cz', '28/03/1998', NULL, '2017-04-12 07:37:16', 0),
(187, 'Carol', 'Williamson', 'Female', '42 Beilfuss Center', 'Všemina', '420-(161)584-4013', '256-(183)212-1110', 'cwilliamson56@dedecms.com', '22/10/1955', NULL, '2017-04-18 08:09:46', 0),
(188, 'Andrew', 'Perkins', 'Male', '5 Petterle Drive', 'La Unión', '51-(943)651-1965', '33-(649)513-4345', 'aperkins57@geocities.jp', '21/04/1999', NULL, '2017-04-11 20:02:08', 0),
(189, 'Catherine', 'Young', 'Female', '1 Lukken Road', 'Borås', '46-(605)629-9611', '86-(948)517-4561', 'cyoung58@nsw.gov.au', '13/03/1954', NULL, '2017-04-14 05:29:58', 0),
(190, 'Anna', 'Simmons', 'Female', '066 Lotheville Street', 'San Jose', '52-(445)172-5804', '62-(768)152-9604', 'asimmons59@cam.ac.uk', '21/11/1995', NULL, '2017-03-23 05:45:20', 0),
(191, 'Fred', 'Baker', 'Male', '97 Bay Place', 'Ximafang', '86-(458)895-5614', '55-(693)540-5074', 'fbaker5a@microsoft.com', '13/02/1977', NULL, '2017-03-31 05:20:25', 0),
(192, 'Jessica', 'Ellis', 'Female', '5443 Dennis Junction', 'Proástion', '30-(904)599-2304', '86-(856)746-7199', 'jellis5b@jugem.jp', '04/11/1998', NULL, '2017-04-12 19:23:35', 0),
(193, 'Maria', 'James', 'Female', '25896 Garrison Way', 'Petushki', '7-(525)875-7985', '55-(697)602-6205', 'mjames5c@cnn.com', '06/02/1966', NULL, '2017-03-26 05:07:26', 0),
(194, 'Timothy', 'Austin', 'Male', '07 Waxwing Park', 'Nicolas Bravo', '52-(892)127-7809', '51-(328)360-0457', 'taustin5d@huffingtonpost.com', '31/03/1975', NULL, '2017-04-16 19:25:30', 0),
(195, 'Pamela', 'Collins', 'Female', '74 East Street', 'Xiangyanglu', '86-(560)518-8681', '63-(398)502-5823', 'pcollins5e@nymag.com', '08/07/1978', NULL, '2017-04-04 22:26:46', 0),
(196, 'Clarence', 'Banks', 'Male', '43 Maple Wood Court', 'Tigil’', '7-(350)934-3271', '54-(417)467-3106', 'cbanks5f@japanpost.jp', '21/11/1989', NULL, '2017-03-28 05:11:00', 0),
(197, 'Ruby', 'Graham', 'Female', '76155 Bunker Hill Avenue', 'Jablonné nad Orlicí', '420-(829)283-6812', '994-(464)929-4265', 'rgraham5g@va.gov', '09/03/1995', NULL, '2017-03-29 18:30:37', 0),
(198, 'Roger', 'Smith', 'Male', '919 Saint Paul Plaza', 'Landázuri', '57-(993)509-3979', '86-(383)735-1133', 'rsmith5h@paginegialle.it', '21/03/1986', NULL, '2017-04-05 11:44:25', 0),
(199, 'Dorothy', 'Ward', 'Female', '217 Morningstar Place', 'Konibodom', '992-(480)988-2847', '55-(974)942-6535', 'dward5i@chronoengine.com', '09/07/1971', NULL, '2017-03-25 18:53:13', 0),
(200, 'Rebecca', 'Henry', 'Female', '79 Westport Avenue', 'Nyeri', '254-(370)863-2387', '92-(875)992-4268', 'rhenry5j@google.cn', '01/06/1953', NULL, '2017-04-09 23:37:00', 0),
(201, 'Irene', 'Bishop', 'Female', '01 Londonderry Circle', 'Vathýlakkos', '30-(614)342-8874', '63-(881)801-5204', 'ibishop5k@weather.com', '01/11/1955', NULL, '2017-03-26 08:34:14', 0),
(202, 'Paul', 'Sanders', 'Male', '68 Green Court', 'Amboasary', '261-(246)565-7835', '62-(310)810-2838', 'psanders5l@vk.com', '25/07/1962', NULL, '2017-03-21 23:43:30', 0),
(203, 'Rebecca', 'Crawford', 'Female', '63 Village Green Parkway', '?wieradów-Zdrój', '48-(887)603-4670', '46-(611)488-2233', 'rcrawford5m@deviantart.com', '04/06/1950', NULL, '2017-03-25 14:52:37', 0),
(204, 'Carol', 'Ryan', 'Female', '11 Luster Park', 'Abuja', '234-(285)239-2135', '34-(296)296-2634', 'cryan5n@hostgator.com', '29/10/1961', NULL, '2017-04-19 08:57:29', 0),
(205, 'Daniel', 'Kennedy', 'Male', '4 Clarendon Street', 'Maliq', '355-(720)109-6010', '86-(980)976-6334', 'dkennedy5o@webmd.com', '17/07/1992', NULL, '2017-04-16 13:56:36', 0),
(206, 'Keith', 'Shaw', 'Male', '45 Eagan Alley', 'Golopau', '62-(193)800-4883', '55-(514)532-6786', 'kshaw5p@ebay.co.uk', '06/08/1950', NULL, '2017-04-10 08:05:57', 0),
(207, 'Cynthia', 'Perez', 'Female', '10152 Oakridge Junction', 'Bofuer', '62-(375)514-5661', '48-(540)672-2313', 'cperez5q@biglobe.ne.jp', '30/11/1953', NULL, '2017-04-01 17:59:08', 0),
(208, 'Arthur', 'Fuller', 'Male', '9 Pennsylvania Road', 'Krajan Timur Suger Kidul', '62-(189)380-1629', '51-(292)423-3958', 'afuller5r@tumblr.com', '14/10/1956', NULL, '2017-04-08 06:49:38', 0),
(209, 'Ralph', 'Kennedy', 'Male', '3 Starling Pass', 'Huxiaoqiao', '86-(805)391-6612', '7-(961)756-3157', 'rkennedy5s@amazon.de', '28/01/1954', NULL, '2017-04-07 11:08:39', 0),
(210, 'Julia', 'Kim', 'Female', '518 Kingsford Center', 'San Francisco', '52-(598)137-1448', '234-(834)891-3492', 'jkim5t@deviantart.com', '16/07/1976', NULL, '2017-04-19 15:01:02', 0),
(211, 'Brenda', 'Campbell', 'Female', '339 Crescent Oaks Terrace', 'Ban Lam Luk Ka', '66-(806)202-2964', '62-(759)995-2698', 'bcampbell5u@baidu.com', '12/07/1959', NULL, '2017-04-16 10:24:37', 0),
(212, 'Joyce', 'Ramos', 'Female', '2936 Pearson Plaza', 'Hulín', '420-(930)920-0187', '51-(421)536-3637', 'jramos5v@usa.gov', '23/03/1960', NULL, '2017-04-08 19:02:06', 0),
(213, 'Denise', 'Barnes', 'Female', '7 Hintze Lane', 'Sanlanbahai', '86-(181)131-2367', '86-(669)933-6773', 'dbarnes5w@mozilla.com', '13/12/1961', NULL, '2017-03-21 23:25:40', 0),
(214, 'Gerald', 'West', 'Male', '6155 Glacier Hill Center', 'Donim', '351-(345)130-9047', '506-(660)697-1172', 'gwest5x@goo.gl', '19/08/1993', NULL, '2017-04-08 01:33:59', 0),
(215, 'Peter', 'Powell', 'Male', '04 Doe Crossing Avenue', 'Dabu', '86-(455)443-7591', '86-(438)710-3280', 'ppowell5y@amazonaws.com', '29/05/1969', NULL, '2017-03-30 01:50:05', 0),
(216, 'David', 'Ferguson', 'Male', '0041 Heath Hill', 'Castainço', '351-(562)609-8767', '358-(124)797-1604', 'dferguson5z@webnode.com', '12/01/1983', NULL, '2017-04-06 10:46:00', 0),
(217, 'Billy', 'Bowman', 'Male', '84 Northfield Trail', 'Ringim', '234-(919)289-9914', '86-(299)282-9429', 'bbowman60@un.org', '15/02/1962', NULL, '2017-04-19 01:22:52', 0),
(218, 'Raymond', 'Hansen', 'Male', '2120 Forest Crossing', 'Leuwihalang', '62-(161)892-0510', '62-(568)350-0821', 'rhansen61@trellian.com', '19/03/1990', NULL, '2017-04-15 00:34:42', 0),
(219, 'Paula', 'Garcia', 'Female', '376 Schmedeman Parkway', 'Sambirobyong', '62-(992)516-3765', '7-(740)584-2678', 'pgarcia62@yellowpages.com', '06/03/1983', NULL, '2017-04-09 19:49:17', 0),
(220, 'Jacqueline', 'Edwards', 'Female', '3 Thierer Junction', 'Luzhuangzi', '86-(956)440-0813', '86-(506)612-0083', 'jedwards63@cafepress.com', '21/07/1971', NULL, '2017-03-30 18:05:31', 0),
(221, 'Gerald', 'Stephens', 'Male', '8535 Redwing Junction', 'Espinillo', '54-(747)492-1201', '359-(731)552-7401', 'gstephens64@ow.ly', '01/07/1979', NULL, '2017-04-19 14:51:38', 0),
(222, 'Christopher', 'King', 'Male', '5 Trailsway Pass', 'Balazar', '351-(449)641-1244', '62-(503)490-1313', 'cking65@sciencedaily.com', '10/03/1984', NULL, '2017-04-06 04:47:07', 0),
(223, 'Harold', 'Freeman', 'Male', '6 Clove Circle', 'Yangong', '86-(422)115-0532', '351-(683)222-1423', 'hfreeman66@disqus.com', '20/05/1993', NULL, '2017-03-25 13:41:24', 0),
(224, 'Rebecca', 'Bowman', 'Female', '2 Crest Line Terrace', 'At Tibn?', '963-(673)181-0396', '86-(597)887-4267', 'rbowman67@nydailynews.com', '16/06/1950', NULL, '2017-04-18 13:42:57', 0),
(225, 'Raymond', 'Jacobs', 'Male', '44 1st Way', 'Mengxi', '86-(516)386-5346', '55-(152)617-1648', 'rjacobs68@yahoo.com', '17/10/1970', NULL, '2017-03-31 12:51:39', 0),
(226, 'Virginia', 'Holmes', 'Female', '8 Goodland Alley', 'Saint-Augustin', '1-(155)128-3479', '62-(134)817-6577', 'vholmes69@last.fm', '15/09/1994', NULL, '2017-03-26 18:03:18', 0),
(227, 'Anthony', 'Simpson', 'Male', '3 Autumn Leaf Junction', 'Ruangwa', '255-(157)475-1181', '1-(416)146-5771', 'asimpson6a@51.la', '19/06/1995', NULL, '2017-03-28 08:09:28', 0),
(228, 'Teresa', 'Mills', 'Female', '86 Norway Maple Avenue', 'Sigli', '62-(480)327-3293', '86-(745)979-5155', 'tmills6b@example.com', '10/07/1992', NULL, '2017-04-09 17:02:57', 0),
(229, 'Rose', 'Kelley', 'Female', '5786 Northfield Park', 'München', '49-(142)713-3120', '86-(398)459-4317', 'rkelley6c@4shared.com', '24/12/1950', NULL, '2017-04-07 15:57:50', 0),
(230, 'Amy', 'Kim', 'Female', '08 Havey Plaza', 'Dinan', '33-(289)153-1445', '86-(789)854-9783', 'akim6d@telegraph.co.uk', '20/03/1956', NULL, '2017-04-15 18:20:27', 0),
(231, 'Carolyn', 'George', 'Female', '67893 Shelley Court', 'Ushumun', '7-(333)653-6418', '63-(273)586-6944', 'cgeorge6e@vkontakte.ru', '19/12/1950', NULL, '2017-04-14 18:38:28', 0),
(232, 'Ann', 'Lee', 'Female', '35 Independence Road', 'Tugu', '62-(131)585-8298', '351-(321)786-0542', 'alee6f@kickstarter.com', '06/07/1971', NULL, '2017-03-25 13:20:56', 0),
(233, 'Alan', 'James', 'Male', '50 Hermina Plaza', 'Glubokiy', '7-(737)898-5754', '51-(980)222-8621', 'ajames6g@google.com', '28/01/1960', NULL, '2017-04-19 03:00:16', 0),
(234, 'Doris', 'Murphy', 'Female', '545 Sachtjen Junction', 'Liborina', '57-(624)544-8165', '420-(238)224-5655', 'dmurphy6h@oakley.com', '28/02/1969', NULL, '2017-04-17 17:14:35', 0),
(235, 'Katherine', 'Fowler', 'Female', '92690 Harbort Trail', 'Ichuña', '51-(706)339-7666', '387-(460)402-1238', 'kfowler6i@sun.com', '04/08/1964', NULL, '2017-04-01 02:50:19', 0),
(236, 'Judith', 'Wagner', 'Female', '969 Clyde Gallagher Trail', 'Wujing', '86-(354)207-3143', '63-(462)855-9635', 'jwagner6j@dedecms.com', '23/10/1994', NULL, '2017-03-22 15:47:15', 0),
(237, 'Jose', 'Wheeler', 'Male', '2 Browning Hill', 'Mascouche', '1-(279)118-9120', '27-(793)432-4456', 'jwheeler6k@bloglovin.com', '23/05/1980', NULL, '2017-04-04 14:15:20', 0),
(238, 'Edward', 'Nichols', 'Male', '664 Larry Parkway', 'Rominimbang', '63-(779)376-4227', '62-(823)288-3985', 'enichols6l@ebay.com', '03/04/1967', NULL, '2017-03-29 13:47:51', 0),
(239, 'Joan', 'Shaw', 'Female', '249 American Alley', 'Longfengshan', '86-(233)869-6113', '57-(202)762-6629', 'jshaw6m@paypal.com', '15/06/1996', NULL, '2017-04-15 04:30:17', 0),
(240, 'Russell', 'Daniels', 'Male', '02 Surrey Drive', 'Pražmo', '420-(484)958-2673', '86-(408)625-8413', 'rdaniels6n@gravatar.com', '14/08/1992', NULL, '2017-04-05 19:00:47', 0),
(241, 'Christopher', 'Duncan', 'Male', '4 Grasskamp Alley', 'Khawr Fakk?n', '971-(615)212-7480', '595-(756)336-3330', 'cduncan6o@independent.co.uk', '22/12/1988', NULL, '2017-04-03 13:58:35', 0),
(242, 'Tina', 'Jones', 'Female', '0 Jackson Crossing', 'Wudabao', '86-(634)106-1066', '351-(978)791-3109', 'tjones6p@telegraph.co.uk', '25/06/1968', NULL, '2017-04-08 19:50:24', 0),
(243, 'Ruth', 'Harris', 'Female', '5813 Algoma Road', 'Sironko', '256-(443)958-8766', '30-(170)506-2013', 'rharris6q@pbs.org', '29/03/1984', NULL, '2017-04-20 19:02:47', 0),
(244, 'Nicholas', 'Johnson', 'Male', '6 Caliangt Plaza', 'Chone', '593-(336)548-7648', '62-(887)123-6504', 'njohnson6r@constantcontact.com', '11/11/1951', NULL, '2017-04-12 06:03:22', 0),
(245, 'Katherine', 'Jacobs', 'Female', '74684 Welch Circle', 'Kubachi', '7-(700)274-6058', '86-(153)501-5671', 'kjacobs6s@dailymotion.com', '14/07/1978', NULL, '2017-04-07 11:06:48', 0),
(246, 'Nancy', 'Frazier', 'Female', '80 Marquette Park', 'Reguenga', '351-(277)984-7742', '62-(989)341-1456', 'nfrazier6t@qq.com', '07/05/1956', NULL, '2017-04-08 12:25:36', 0),
(247, 'Raymond', 'Gutierrez', 'Male', '90 Meadow Ridge Trail', 'Awilega', '62-(262)685-7634', '387-(975)427-4315', 'rgutierrez6u@mac.com', '06/12/1960', NULL, '2017-04-18 16:10:01', 0),
(248, 'Eugene', 'Harper', 'Male', '33 Hazelcrest Point', 'Huangkeng', '86-(230)767-5106', '976-(180)647-7692', 'eharper6v@imageshack.us', '11/10/1994', NULL, '2017-04-10 03:50:53', 0),
(249, 'Kenneth', 'Bryant', 'Male', '3283 West Pass', 'Evansville', '1-(812)905-0022', '216-(860)128-9089', 'kbryant6w@samsung.com', '15/06/1981', NULL, '2017-04-12 04:34:27', 0),
(250, 'Steve', 'Ray', 'Male', '84793 Sauthoff Road', 'Dandu', '86-(136)735-4947', '62-(933)771-5628', 'sray6x@exblog.jp', '25/11/1991', NULL, '2017-04-17 05:03:13', 0),
(251, 'Bonnie', 'Snyder', 'Female', '6075 Namekagon Park', 'Dondar Qu?çu', '994-(664)740-5427', '62-(698)875-1903', 'bsnyder6y@zimbio.com', '15/03/1980', NULL, '2017-04-05 16:27:51', 0),
(252, 'Christina', 'Alvarez', 'Female', '21411 Harbort Road', 'Ludvika', '46-(719)941-7373', '7-(598)992-7784', 'calvarez6z@oakley.com', '14/02/1956', NULL, '2017-03-25 12:58:28', 0),
(253, 'Deborah', 'Garrett', 'Female', '75 Banding Alley', 'Kwangmy?ng', '82-(574)849-6664', '382-(734)432-3138', 'dgarrett70@china.com.cn', '23/06/1977', NULL, '2017-04-07 04:31:02', 0),
(254, 'Victor', 'Austin', 'Male', '471 Golden Leaf Avenue', 'Labinot-Mal', '355-(321)702-0206', '57-(529)946-3190', 'vaustin71@ebay.com', '09/03/1971', NULL, '2017-04-12 11:50:45', 0),
(255, 'Theresa', 'Parker', 'Female', '8069 Longview Drive', 'Pateros', '63-(789)101-9588', '7-(258)818-1603', 'tparker72@mayoclinic.com', '12/03/1996', NULL, '2017-04-10 16:45:58', 0),
(256, 'Deborah', 'Bell', 'Female', '71731 Monterey Place', 'Rahama', '234-(403)405-4409', '92-(938)516-4952', 'dbell73@1688.com', '17/01/1967', NULL, '2017-04-20 05:43:41', 0),
(257, 'Lillian', 'Wells', 'Female', '3455 Boyd Junction', 'Uralets', '7-(337)258-7448', '86-(775)165-9425', 'lwells74@indiatimes.com', '19/12/1975', NULL, '2017-04-17 17:04:42', 0),
(258, 'Timothy', 'Olson', 'Male', '3 Cody Plaza', 'Neuville', '1-(128)165-0681', '86-(717)491-3747', 'tolson75@wikimedia.org', '14/12/1983', NULL, '2017-03-24 03:37:05', 0),
(259, 'Michael', 'Kelly', 'Male', '2 Scott Crossing', 'Genève', '41-(899)282-6399', '47-(948)651-6725', 'mkelly76@xing.com', '28/02/1990', NULL, '2017-04-05 08:23:18', 0),
(260, 'Harry', 'Barnes', 'Male', '6 Prairieview Junction', 'Belverde', '351-(357)762-8916', '57-(364)245-4842', 'hbarnes77@nymag.com', '04/07/1989', NULL, '2017-04-11 08:39:15', 0),
(261, 'Heather', 'Tucker', 'Female', '20 Vernon Junction', 'Wangge’ertang', '86-(519)292-6895', '86-(603)556-4518', 'htucker78@netlog.com', '02/06/1986', NULL, '2017-04-06 12:53:12', 0),
(262, 'Marie', 'Davis', 'Female', '040 Caliangt Way', 'Wang Sombun', '66-(198)990-7771', '230-(425)313-7335', 'mdavis79@seesaa.net', '12/10/1999', NULL, '2017-03-23 13:33:32', 0),
(263, 'Harry', 'Daniels', 'Male', '8153 Logan Crossing', 'Roche Terre', '230-(230)398-0751', '62-(393)355-1470', 'hdaniels7a@about.me', '30/09/1958', NULL, '2017-03-31 12:41:15', 0),
(264, 'Nicole', 'Dean', 'Female', '6268 Forest Dale Street', 'Jichang', '86-(554)169-4112', '63-(576)851-5371', 'ndean7b@hostgator.com', '05/10/1950', NULL, '2017-04-02 18:31:16', 0),
(265, 'Bobby', 'Palmer', 'Male', '78 Dahle Road', 'Sabnie', '48-(499)436-0079', '63-(742)980-3270', 'bpalmer7c@facebook.com', '12/06/1965', NULL, '2017-04-01 08:33:58', 0),
(266, 'Donald', 'Walker', 'Male', '197 Corben Terrace', 'Nouaseur', '212-(893)673-8544', '380-(145)322-4419', 'dwalker7d@usnews.com', '20/09/1985', NULL, '2017-03-31 06:02:47', 0);

-- --------------------------------------------------------

--
-- Table structure for table `employee_contract`
--

CREATE TABLE `employee_contract` (
  `id` int(11) NOT NULL,
  `amount_of_salary` double NOT NULL,
  `start_date` varchar(255) NOT NULL,
  `end_date` varchar(255) NOT NULL,
  `employee_id` int(11) NOT NULL,
  `employee_type_id` int(11) NOT NULL
) ENGINE=InnoDB DEFAULT CHARSET=latin1;

--
-- Dumping data for table `employee_contract`
--

INSERT INTO `employee_contract` (`id`, `amount_of_salary`, `start_date`, `end_date`, `employee_id`, `employee_type_id`) VALUES
(1, 1486, '09/04/2016', '01/05/2018', 369, 4),
(2, 1072, '11/11/2016', '11/05/2018', 211, 2),
(3, 1152, '25/11/2016', '18/01/2019', 381, 2),
(4, 688, '20/12/2014', '30/07/2019', 200, 3),
(5, 832, '03/01/2015', '12/12/2016', 436, 4),
(6, 1200, '15/10/2015', '10/12/2018', 325, 1),
(7, 1672, '01/09/2016', '12/12/2018', 111, 3),
(8, 1601, '21/05/2014', '26/09/2018', 290, 1),
(9, 1277, '29/06/2015', '27/10/2019', 2, 3),
(10, 1298, '04/04/2016', '03/07/2016', 225, 3),
(11, 1435, '13/09/2014', '07/04/2019', 12, 2),
(12, 1106, '02/04/2016', '11/12/2019', 271, 4),
(13, 1346, '07/03/2016', '14/10/2016', 218, 2),
(14, 1325, '05/07/2015', '23/09/2018', 221, 3),
(15, 1202, '18/01/2016', '03/10/2019', 102, 1),
(16, 698, '19/05/2015', '10/11/2017', 493, 1),
(17, 1493, '08/11/2016', '27/01/2018', 305, 2),
(18, 1597, '15/11/2014', '21/05/2016', 36, 1),
(19, 1334, '12/10/2015', '22/01/2019', 23, 2),
(20, 1671, '23/05/2015', '10/10/2018', 142, 3),
(21, 1287, '07/09/2014', '08/02/2020', 417, 4),
(22, 668, '03/01/2016', '04/04/2017', 254, 4),
(23, 488, '09/06/2016', '21/10/2017', 21, 2),
(24, 1285, '28/02/2015', '23/09/2018', 200, 3),
(25, 667, '13/05/2016', '15/05/2018', 257, 1),
(26, 598, '15/05/2015', '05/02/2017', 145, 1),
(27, 1308, '18/05/2015', '03/02/2018', 435, 2),
(28, 1293, '22/04/2016', '13/03/2019', 395, 2),
(29, 1124, '21/03/2016', '20/01/2019', 133, 2),
(30, 1491, '23/08/2015', '15/06/2017', 210, 4),
(31, 693, '01/04/2015', '25/01/2017', 292, 2),
(32, 882, '18/05/2016', '15/02/2019', 240, 3),
(33, 419, '16/02/2016', '22/08/2019', 77, 3),
(34, 1150, '10/04/2016', '13/01/2020', 341, 2),
(35, 573, '16/09/2014', '22/08/2018', 412, 1),
(36, 1026, '15/05/2014', '19/03/2020', 265, 3),
(37, 1561, '03/01/2017', '14/02/2019', 404, 1),
(38, 1511, '21/02/2017', '19/07/2018', 256, 4),
(39, 1397, '05/07/2015', '08/03/2018', 314, 1),
(40, 1593, '25/08/2016', '09/12/2018', 364, 3),
(41, 831, '08/02/2015', '05/03/2020', 240, 4),
(42, 804, '27/08/2014', '02/09/2017', 63, 1),
(43, 875, '26/12/2015', '04/09/2016', 497, 2),
(44, 426, '10/09/2014', '28/07/2016', 113, 3),
(45, 1331, '25/06/2015', '01/04/2018', 156, 1),
(46, 1519, '15/05/2016', '02/10/2016', 484, 3),
(47, 984, '24/04/2015', '20/05/2017', 192, 2),
(48, 1662, '07/03/2015', '14/02/2019', 287, 1),
(49, 1008, '15/06/2014', '08/11/2016', 94, 1),
(50, 1303, '16/04/2016', '02/03/2017', 490, 2),
(51, 700, '21/10/2015', '09/01/2017', 325, 2),
(52, 1520, '14/02/2016', '08/10/2016', 126, 4),
(53, 632, '19/10/2015', '23/02/2019', 296, 1),
(54, 640, '29/12/2015', '08/04/2019', 233, 1),
(55, 1630, '31/08/2014', '03/04/2017', 244, 1),
(56, 1129, '14/01/2017', '28/11/2019', 206, 1),
(57, 425, '18/11/2015', '08/09/2019', 466, 4),
(58, 1160, '14/12/2014', '10/02/2019', 212, 2),
(59, 951, '06/04/2016', '05/05/2018', 27, 4),
(60, 1543, '08/04/2016', '25/09/2019', 422, 1),
(61, 1596, '06/05/2014', '26/08/2017', 126, 1),
(62, 1103, '06/09/2016', '18/12/2019', 157, 1),
(63, 1685, '30/07/2016', '18/06/2016', 203, 1),
(64, 624, '16/03/2017', '23/08/2019', 239, 3),
(65, 1129, '11/08/2015', '18/02/2018', 444, 4),
(66, 1451, '18/05/2016', '21/04/2018', 428, 4),
(67, 1216, '12/07/2016', '01/01/2017', 191, 4),
(68, 867, '10/04/2016', '18/10/2016', 332, 2),
(69, 714, '30/07/2014', '23/07/2016', 210, 2),
(70, 419, '08/06/2014', '31/10/2016', 13, 1),
(71, 682, '21/08/2014', '24/04/2018', 269, 4),
(72, 808, '16/07/2014', '09/09/2018', 49, 4),
(73, 552, '27/12/2014', '04/05/2018', 64, 4),
(74, 795, '09/07/2014', '29/10/2016', 92, 2),
(75, 508, '17/09/2015', '03/05/2016', 293, 1),
(76, 648, '22/09/2014', '04/08/2017', 145, 2),
(77, 1484, '15/11/2015', '06/08/2017', 452, 1),
(78, 639, '29/02/2016', '17/11/2018', 289, 3),
(79, 1623, '02/06/2014', '23/12/2019', 499, 2),
(80, 1168, '15/05/2015', '01/11/2017', 247, 1),
(81, 1271, '17/08/2015', '25/07/2018', 210, 3),
(82, 1332, '30/09/2016', '22/04/2018', 441, 4),
(83, 768, '17/07/2014', '08/01/2017', 146, 3),
(84, 813, '23/01/2015', '06/06/2019', 281, 1),
(85, 1379, '03/12/2015', '14/02/2020', 223, 3),
(86, 871, '15/04/2016', '26/07/2016', 379, 4),
(87, 886, '03/06/2014', '13/01/2020', 217, 3),
(88, 948, '10/08/2014', '05/12/2017', 415, 1),
(89, 1067, '31/07/2014', '18/05/2016', 142, 1),
(90, 1118, '22/01/2016', '15/05/2019', 191, 2),
(91, 1642, '26/03/2015', '29/04/2017', 462, 3),
(92, 845, '11/09/2016', '21/05/2019', 20, 1),
(93, 1397, '05/02/2017', '01/11/2017', 35, 2),
(94, 1528, '17/05/2014', '28/06/2018', 61, 3),
(95, 1506, '05/05/2015', '13/06/2016', 490, 1),
(96, 578, '23/11/2016', '16/07/2019', 474, 1),
(97, 1052, '01/02/2016', '06/02/2017', 100, 1),
(98, 937, '13/10/2015', '11/09/2016', 366, 3),
(99, 651, '24/02/2015', '01/02/2020', 355, 3),
(100, 483, '08/09/2015', '16/03/2017', 170, 1),
(101, 772, '26/01/2017', '30/03/2018', 192, 3),
(102, 1186, '04/03/2016', '29/08/2019', 500, 4),
(103, 1002, '25/08/2014', '05/04/2018', 377, 4),
(104, 1651, '22/01/2015', '05/08/2019', 463, 1),
(105, 1450, '29/06/2014', '13/09/2016', 146, 4),
(106, 454, '23/10/2016', '20/07/2019', 63, 2),
(107, 903, '03/07/2014', '01/07/2016', 263, 3),
(108, 1225, '29/01/2016', '18/10/2018', 373, 2),
(109, 788, '05/05/2014', '18/11/2016', 182, 3),
(110, 827, '10/04/2017', '26/05/2018', 171, 1),
(111, 473, '23/06/2016', '04/07/2017', 68, 1),
(112, 510, '05/10/2014', '21/11/2016', 116, 1),
(113, 1677, '27/08/2016', '02/05/2019', 395, 1),
(114, 603, '23/10/2016', '07/11/2019', 327, 3),
(115, 1439, '24/04/2014', '16/06/2017', 491, 4),
(116, 1579, '01/05/2016', '01/10/2018', 221, 3),
(117, 621, '01/11/2014', '07/01/2017', 39, 4),
(118, 1396, '21/04/2015', '09/12/2016', 410, 2),
(119, 835, '14/02/2015', '15/01/2018', 75, 3),
(120, 1667, '20/06/2014', '18/01/2019', 158, 4),
(121, 431, '08/09/2016', '27/08/2018', 178, 3),
(122, 1115, '03/12/2014', '10/09/2016', 175, 1),
(123, 532, '17/05/2016', '23/04/2018', 289, 2),
(124, 726, '16/01/2017', '19/05/2016', 399, 4),
(125, 740, '14/06/2014', '28/10/2017', 453, 4),
(126, 1471, '04/07/2014', '30/10/2019', 159, 3),
(127, 1024, '05/08/2016', '13/03/2020', 76, 2),
(128, 1420, '14/08/2014', '05/09/2018', 71, 2),
(129, 1217, '25/06/2015', '21/11/2016', 97, 2),
(130, 1101, '03/02/2015', '08/07/2019', 462, 4),
(131, 749, '08/10/2016', '25/09/2016', 220, 3),
(132, 1136, '07/11/2014', '19/12/2016', 329, 1),
(133, 1446, '02/08/2015', '18/09/2017', 395, 1),
(134, 1028, '25/03/2016', '02/07/2019', 354, 4),
(135, 1270, '15/03/2016', '09/07/2019', 12, 2),
(136, 1287, '11/08/2014', '27/05/2017', 463, 3),
(137, 931, '24/09/2016', '22/02/2018', 38, 1),
(138, 740, '14/05/2015', '15/11/2018', 287, 4),
(139, 1181, '24/01/2015', '19/11/2019', 483, 1),
(140, 1101, '06/03/2016', '16/09/2017', 48, 2),
(141, 1334, '18/10/2016', '06/04/2020', 314, 2),
(142, 564, '18/01/2017', '04/07/2017', 322, 1),
(143, 469, '05/12/2014', '06/12/2018', 314, 3),
(144, 1325, '31/08/2015', '09/11/2016', 147, 4),
(145, 743, '16/06/2014', '24/10/2017', 226, 3),
(146, 1163, '31/10/2014', '04/10/2018', 194, 3),
(147, 843, '26/08/2016', '10/02/2020', 46, 1),
(148, 1598, '09/02/2015', '24/02/2020', 294, 2),
(149, 930, '31/08/2016', '15/08/2019', 221, 2),
(150, 1435, '28/12/2014', '02/09/2018', 168, 2),
(151, 1480, '10/09/2015', '19/09/2018', 333, 2),
(152, 1609, '12/07/2015', '01/03/2017', 473, 4),
(153, 919, '04/01/2017', '08/03/2017', 135, 1),
(154, 1348, '21/10/2015', '14/10/2018', 58, 4),
(155, 930, '28/02/2015', '03/06/2016', 221, 3),
(156, 1147, '21/12/2015', '27/01/2017', 262, 2),
(157, 679, '06/10/2016', '09/06/2019', 431, 4),
(158, 1102, '01/06/2014', '29/01/2017', 441, 3),
(159, 1382, '20/04/2016', '06/05/2016', 492, 2),
(160, 555, '01/04/2015', '15/09/2018', 32, 4),
(161, 1191, '02/03/2015', '06/03/2018', 78, 1),
(162, 1010, '12/09/2014', '12/07/2016', 184, 4),
(163, 1369, '10/01/2017', '20/12/2019', 387, 3),
(164, 1397, '13/09/2015', '18/11/2018', 243, 1),
(165, 579, '08/01/2017', '31/12/2016', 407, 1),
(166, 1502, '06/10/2014', '08/04/2017', 32, 4),
(167, 777, '29/06/2014', '19/08/2018', 111, 2),
(168, 579, '20/08/2016', '10/01/2019', 486, 2),
(169, 730, '05/07/2016', '23/05/2019', 160, 1),
(170, 433, '18/12/2014', '31/05/2018', 321, 4),
(171, 1550, '16/06/2016', '20/01/2020', 114, 4),
(172, 934, '21/05/2016', '22/06/2019', 336, 3),
(173, 1150, '30/04/2014', '02/04/2018', 468, 1),
(174, 1280, '07/05/2015', '05/09/2018', 381, 2),
(175, 1256, '28/09/2015', '02/05/2018', 468, 1),
(176, 1498, '20/01/2016', '09/01/2019', 365, 2),
(177, 627, '05/01/2015', '28/03/2018', 200, 4),
(178, 602, '23/05/2016', '02/06/2016', 206, 2),
(179, 1524, '27/12/2014', '23/09/2019', 453, 3),
(180, 1697, '11/03/2016', '14/12/2016', 156, 2),
(181, 719, '24/11/2016', '14/01/2017', 499, 2),
(182, 607, '05/12/2014', '10/09/2019', 145, 4),
(183, 901, '23/06/2016', '29/06/2017', 440, 3),
(184, 873, '25/03/2016', '08/07/2016', 279, 4),
(185, 696, '06/12/2015', '18/03/2019', 77, 1),
(186, 931, '06/04/2015', '04/01/2020', 236, 1),
(187, 542, '15/05/2015', '05/04/2019', 305, 2),
(188, 682, '01/06/2015', '17/10/2017', 140, 4),
(189, 423, '08/12/2015', '16/09/2016', 135, 1),
(190, 1636, '08/01/2015', '19/09/2016', 483, 4),
(191, 1137, '29/12/2016', '11/04/2018', 404, 2),
(192, 1481, '01/09/2016', '19/11/2016', 67, 4),
(193, 1031, '15/12/2015', '17/01/2020', 110, 1),
(194, 738, '04/09/2014', '13/01/2019', 209, 3),
(195, 1393, '28/05/2014', '28/11/2017', 148, 1),
(196, 1632, '28/10/2016', '02/10/2019', 52, 4),
(197, 1507, '18/04/2016', '26/10/2017', 16, 3),
(198, 1316, '01/02/2017', '08/02/2020', 165, 4),
(199, 1135, '29/10/2016', '02/03/2020', 129, 3),
(200, 1330, '06/02/2016', '19/05/2019', 114, 1),
(201, 1650, '22/08/2016', '10/09/2018', 418, 2),
(202, 1072, '20/09/2015', '07/08/2017', 196, 1),
(203, 433, '24/11/2015', '18/11/2018', 387, 3),
(204, 1266, '05/08/2014', '03/07/2018', 160, 4),
(205, 1136, '12/08/2016', '30/10/2019', 207, 4),
(206, 1166, '15/07/2016', '21/11/2018', 399, 4),
(207, 1659, '16/11/2015', '01/09/2016', 150, 4),
(208, 1089, '18/01/2015', '19/08/2017', 22, 2),
(209, 1258, '07/01/2016', '12/01/2017', 98, 1),
(210, 915, '07/01/2017', '26/07/2016', 44, 1),
(211, 1653, '12/12/2016', '20/05/2019', 489, 1),
(212, 1306, '16/05/2014', '15/02/2018', 420, 3),
(213, 1525, '06/10/2015', '26/01/2020', 404, 3),
(214, 823, '11/01/2015', '02/10/2016', 2, 4),
(215, 628, '14/09/2015', '26/12/2018', 202, 1),
(216, 650, '24/03/2017', '22/07/2016', 80, 3),
(217, 757, '07/09/2015', '24/04/2019', 237, 4),
(218, 1301, '12/01/2016', '27/02/2020', 223, 2),
(219, 1198, '22/11/2015', '29/02/2020', 5, 2),
(220, 1074, '08/08/2015', '14/05/2016', 177, 4),
(221, 1467, '02/09/2015', '13/04/2017', 358, 1),
(222, 1083, '14/04/2017', '12/05/2019', 294, 4),
(223, 700, '09/03/2016', '24/05/2016', 150, 1),
(224, 1012, '06/01/2016', '12/10/2016', 495, 1),
(225, 1540, '17/05/2016', '26/10/2016', 107, 4),
(226, 1132, '10/11/2014', '20/04/2017', 413, 1),
(227, 1345, '29/07/2015', '06/04/2018', 280, 2),
(228, 1356, '09/12/2015', '08/05/2017', 149, 4),
(229, 648, '27/09/2014', '12/09/2018', 363, 2),
(230, 1174, '22/08/2014', '06/10/2018', 343, 1),
(231, 540, '11/07/2014', '16/04/2019', 481, 3),
(232, 812, '24/03/2015', '07/06/2016', 488, 3),
(233, 1171, '09/03/2015', '17/02/2018', 122, 2),
(234, 1173, '20/02/2015', '13/09/2017', 305, 1),
(235, 492, '14/09/2015', '08/10/2019', 318, 4),
(236, 1469, '28/10/2015', '16/01/2018', 255, 2),
(237, 1438, '01/06/2014', '30/03/2018', 254, 2),
(238, 1186, '23/09/2016', '25/09/2019', 463, 1),
(239, 720, '14/05/2014', '24/03/2019', 139, 2),
(240, 1079, '03/12/2015', '09/03/2017', 490, 3),
(241, 1499, '02/10/2016', '02/05/2018', 28, 1),
(242, 1251, '17/09/2016', '20/05/2019', 326, 4),
(243, 1415, '10/03/2016', '10/09/2019', 333, 1),
(244, 1185, '17/08/2015', '06/12/2016', 198, 4),
(245, 1004, '11/11/2015', '14/04/2017', 37, 1),
(246, 981, '25/11/2015', '30/10/2016', 500, 4),
(247, 708, '04/02/2017', '09/05/2018', 261, 2),
(248, 1230, '03/10/2016', '20/01/2019', 395, 2),
(249, 735, '25/12/2014', '17/06/2019', 289, 4),
(250, 1638, '18/08/2016', '16/10/2018', 317, 3),
(251, 1299, '05/07/2015', '11/12/2018', 288, 1),
(252, 820, '19/12/2014', '18/06/2017', 8, 3),
(253, 1236, '01/09/2016', '18/05/2017', 147, 1),
(254, 1016, '26/11/2016', '23/05/2018', 141, 3),
(255, 937, '06/04/2017', '08/03/2018', 239, 2),
(256, 713, '23/03/2016', '13/09/2019', 267, 1),
(257, 1248, '04/08/2016', '28/03/2020', 352, 3),
(258, 625, '08/08/2015', '21/04/2019', 421, 3),
(259, 1016, '25/01/2016', '12/09/2016', 26, 3),
(260, 683, '11/03/2017', '04/03/2020', 131, 3),
(261, 1055, '29/04/2016', '21/06/2017', 437, 4),
(262, 918, '22/07/2016', '22/07/2018', 27, 2),
(263, 723, '10/11/2014', '05/01/2020', 33, 1),
(264, 966, '05/02/2016', '16/10/2017', 393, 3),
(265, 1667, '22/04/2014', '30/09/2017', 13, 4),
(266, 1336, '23/01/2017', '13/05/2019', 295, 3),
(267, 1531, '23/06/2016', '25/11/2016', 320, 3),
(268, 628, '07/07/2015', '20/08/2016', 89, 1),
(269, 1571, '17/07/2015', '19/06/2018', 409, 2),
(270, 1520, '25/03/2017', '28/07/2018', 105, 4),
(271, 1441, '12/04/2017', '24/06/2017', 160, 4),
(272, 485, '09/06/2015', '18/01/2018', 143, 1),
(273, 1405, '09/05/2015', '21/05/2018', 273, 4),
(274, 608, '19/07/2014', '05/05/2016', 53, 2),
(275, 1642, '19/12/2016', '08/12/2017', 459, 4),
(276, 592, '06/05/2014', '05/03/2017', 140, 4),
(277, 1342, '25/04/2014', '14/02/2017', 372, 1),
(278, 927, '04/03/2017', '21/11/2017', 28, 1),
(279, 835, '06/07/2016', '02/06/2018', 464, 3),
(280, 1408, '15/12/2014', '04/03/2020', 425, 1),
(281, 515, '16/10/2015', '28/07/2016', 126, 3),
(282, 1515, '09/12/2016', '21/03/2017', 310, 2),
(283, 1571, '11/07/2016', '22/01/2019', 123, 3),
(284, 1306, '25/03/2015', '15/08/2018', 407, 4),
(285, 485, '29/04/2014', '01/08/2016', 481, 2),
(286, 939, '10/05/2016', '23/07/2018', 412, 3),
(287, 821, '19/08/2016', '17/12/2017', 474, 3),
(288, 1446, '15/04/2015', '28/12/2016', 285, 2),
(289, 865, '05/05/2016', '09/01/2017', 356, 1),
(290, 770, '14/07/2016', '07/07/2017', 125, 1),
(291, 1269, '09/12/2014', '12/11/2019', 224, 3),
(292, 1613, '19/03/2015', '26/04/2016', 408, 3),
(293, 713, '31/07/2016', '11/11/2018', 293, 2),
(294, 1132, '28/12/2015', '01/11/2019', 360, 2),
(295, 1079, '07/12/2015', '05/02/2017', 249, 1),
(296, 1039, '20/05/2015', '09/03/2017', 119, 2),
(297, 1548, '10/09/2014', '19/04/2018', 389, 2),
(298, 825, '02/01/2015', '28/02/2017', 281, 4),
(299, 602, '23/01/2016', '07/10/2017', 212, 1),
(300, 559, '01/04/2015', '19/11/2016', 394, 1),
(301, 861, '24/09/2016', '05/12/2017', 487, 4),
(302, 1481, '21/08/2014', '12/12/2019', 235, 1),
(303, 675, '30/12/2015', '20/03/2020', 276, 2),
(304, 1416, '05/02/2017', '26/07/2017', 282, 2),
(305, 1257, '07/02/2017', '16/01/2018', 67, 1),
(306, 1107, '04/08/2016', '08/03/2020', 327, 3),
(307, 1067, '31/05/2016', '22/04/2017', 271, 2),
(308, 761, '23/09/2016', '23/03/2018', 158, 2),
(309, 1031, '25/07/2014', '11/09/2016', 24, 4),
(310, 1022, '05/08/2016', '03/05/2018', 333, 3),
(311, 762, '18/07/2014', '06/05/2018', 393, 1),
(312, 1493, '23/07/2016', '31/03/2019', 384, 1),
(313, 1315, '15/06/2016', '26/06/2018', 495, 2),
(314, 799, '28/11/2016', '07/05/2018', 389, 1),
(315, 783, '21/05/2014', '16/06/2017', 477, 4),
(316, 1081, '01/08/2014', '30/05/2018', 429, 3),
(317, 1642, '14/08/2014', '21/12/2019', 403, 2),
(318, 1603, '15/10/2015', '27/04/2019', 144, 4),
(319, 1471, '10/05/2016', '20/02/2019', 220, 3),
(320, 1290, '19/04/2015', '28/03/2020', 472, 2),
(321, 1059, '24/03/2017', '04/01/2020', 487, 1),
(322, 1094, '15/04/2015', '21/04/2016', 147, 1),
(323, 1200, '12/03/2016', '28/01/2018', 432, 4),
(324, 1246, '21/12/2015', '27/03/2017', 365, 2),
(325, 942, '26/07/2014', '27/01/2019', 124, 1),
(326, 1344, '08/12/2015', '03/12/2016', 449, 1),
(327, 1176, '21/08/2015', '28/03/2017', 485, 2),
(328, 1552, '06/08/2016', '30/06/2016', 31, 3),
(329, 751, '30/03/2015', '16/11/2019', 495, 1),
(330, 500, '09/12/2014', '26/03/2019', 414, 4),
(331, 1662, '18/05/2015', '20/01/2020', 226, 4),
(332, 1224, '12/04/2015', '20/09/2018', 74, 1),
(333, 1614, '26/09/2014', '06/02/2019', 322, 1),
(334, 1505, '17/02/2017', '21/07/2016', 291, 1),
(335, 873, '27/05/2014', '03/01/2020', 324, 1),
(336, 1616, '29/12/2014', '29/11/2016', 366, 3),
(337, 1187, '17/03/2015', '12/03/2017', 283, 2),
(338, 798, '09/03/2015', '27/06/2019', 396, 4),
(339, 1518, '22/01/2017', '23/05/2016', 271, 3),
(340, 1413, '28/04/2014', '25/09/2019', 265, 4),
(341, 919, '24/12/2016', '14/09/2018', 483, 4),
(342, 1215, '22/08/2015', '26/07/2016', 411, 2),
(343, 1049, '03/02/2016', '02/02/2019', 308, 3),
(344, 1171, '03/06/2014', '13/05/2019', 452, 4),
(345, 1081, '23/12/2015', '30/04/2019', 138, 1),
(346, 646, '16/08/2014', '20/01/2020', 331, 3),
(347, 792, '24/02/2015', '10/09/2018', 468, 1),
(348, 1170, '15/11/2014', '27/06/2017', 122, 3),
(349, 1532, '28/08/2014', '09/06/2016', 461, 3),
(350, 492, '03/10/2015', '16/05/2019', 292, 3),
(351, 697, '09/11/2016', '03/10/2019', 395, 3),
(352, 836, '18/06/2014', '09/02/2018', 78, 3),
(353, 1234, '30/03/2017', '23/01/2018', 429, 3),
(354, 1388, '07/03/2015', '09/02/2018', 352, 3),
(355, 1003, '14/01/2015', '11/10/2019', 424, 3),
(356, 1299, '05/09/2015', '25/09/2019', 98, 1),
(357, 1599, '12/06/2016', '13/03/2018', 352, 2),
(358, 576, '24/05/2016', '20/10/2019', 321, 1),
(359, 1239, '25/02/2017', '11/10/2017', 29, 4),
(360, 817, '11/04/2017', '06/10/2018', 157, 1),
(361, 1247, '20/08/2014', '02/09/2019', 365, 2),
(362, 1286, '10/12/2014', '10/01/2019', 313, 4),
(363, 1507, '05/01/2016', '31/12/2019', 90, 4),
(364, 690, '24/08/2014', '29/08/2017', 217, 2),
(365, 1068, '16/12/2014', '27/05/2016', 38, 1),
(366, 728, '11/07/2016', '19/05/2016', 264, 3),
(367, 1176, '17/09/2016', '20/05/2018', 282, 2),
(368, 1159, '06/10/2015', '30/05/2016', 447, 3),
(369, 692, '23/09/2016', '07/10/2018', 61, 2),
(370, 1557, '15/05/2016', '21/06/2016', 130, 4),
(371, 862, '31/12/2015', '15/01/2018', 381, 4),
(372, 515, '08/04/2016', '24/10/2017', 497, 3),
(373, 985, '04/10/2015', '22/04/2016', 131, 2),
(374, 1244, '20/02/2017', '12/10/2017', 62, 1),
(375, 1373, '22/01/2016', '03/03/2017', 233, 4),
(376, 488, '13/07/2016', '03/05/2018', 410, 3),
(377, 497, '25/10/2015', '05/05/2016', 405, 3),
(378, 692, '18/07/2016', '22/12/2019', 302, 2),
(379, 1538, '20/07/2015', '04/05/2016', 494, 4),
(380, 1332, '22/04/2016', '13/12/2019', 426, 2),
(381, 833, '25/07/2015', '09/08/2017', 459, 2),
(382, 1056, '25/09/2016', '14/03/2020', 356, 4),
(383, 852, '15/09/2016', '04/02/2020', 148, 3),
(384, 911, '05/06/2014', '10/09/2018', 185, 1),
(385, 1486, '02/06/2016', '17/02/2020', 468, 2),
(386, 1303, '28/03/2016', '02/10/2018', 145, 2),
(387, 586, '02/10/2016', '23/03/2020', 307, 3),
(388, 515, '26/03/2016', '06/10/2017', 281, 3),
(389, 1692, '23/03/2015', '01/12/2017', 433, 4),
(390, 557, '04/07/2015', '30/03/2018', 36, 4),
(391, 1451, '16/11/2014', '19/09/2016', 217, 3),
(392, 826, '07/03/2016', '12/04/2017', 363, 3),
(393, 1134, '21/01/2017', '05/02/2017', 131, 1),
(394, 604, '02/12/2014', '14/04/2017', 20, 4),
(395, 861, '24/08/2015', '06/10/2017', 219, 2),
(396, 696, '08/01/2015', '01/11/2019', 405, 2),
(397, 1560, '22/03/2016', '04/09/2018', 290, 2),
(398, 1670, '26/01/2015', '28/07/2017', 297, 4),
(399, 1688, '19/05/2015', '08/12/2017', 124, 3),
(400, 465, '04/03/2015', '25/04/2019', 44, 3),
(401, 621, '26/09/2015', '08/03/2019', 129, 1),
(402, 920, '12/06/2015', '28/11/2017', 267, 4),
(403, 1063, '13/12/2015', '04/12/2018', 16, 3),
(404, 1157, '24/01/2016', '26/08/2017', 465, 3),
(405, 879, '14/11/2015', '08/02/2017', 61, 2),
(406, 1697, '11/07/2016', '31/03/2020', 249, 1),
(407, 908, '12/04/2017', '05/04/2020', 17, 2),
(408, 1409, '28/12/2014', '25/11/2017', 190, 2),
(409, 1684, '21/05/2014', '25/12/2018', 244, 1),
(410, 1615, '06/02/2017', '31/07/2017', 313, 1),
(411, 1446, '10/12/2014', '19/08/2018', 333, 4),
(412, 1466, '06/05/2014', '02/02/2017', 170, 4),
(413, 1373, '19/10/2015', '05/07/2017', 71, 3),
(414, 884, '07/08/2016', '17/03/2019', 41, 3),
(415, 965, '11/01/2016', '01/08/2017', 403, 3),
(416, 620, '31/05/2015', '19/12/2019', 432, 1),
(417, 442, '21/05/2014', '12/03/2018', 350, 3),
(418, 831, '13/07/2014', '30/07/2018', 52, 3),
(419, 533, '13/11/2014', '13/02/2017', 498, 3),
(420, 1387, '17/07/2014', '12/09/2016', 110, 1),
(421, 488, '18/11/2014', '15/04/2017', 439, 2),
(422, 583, '08/09/2015', '01/03/2017', 183, 4),
(423, 1499, '17/08/2016', '20/04/2020', 354, 3),
(424, 1545, '04/08/2015', '11/01/2018', 138, 3),
(425, 1271, '31/10/2015', '23/12/2017', 488, 1),
(426, 1447, '06/12/2014', '23/11/2018', 278, 1),
(427, 448, '20/02/2016', '31/05/2016', 484, 3),
(428, 918, '23/03/2017', '23/05/2017', 189, 4),
(429, 1212, '08/12/2014', '27/03/2018', 314, 2),
(430, 1516, '22/09/2015', '19/10/2018', 265, 3),
(431, 1209, '24/06/2016', '24/07/2018', 100, 2),
(432, 705, '06/06/2015', '05/11/2016', 472, 2),
(433, 1176, '06/09/2015', '27/01/2020', 6, 2),
(434, 1328, '24/02/2015', '14/08/2017', 44, 3),
(435, 1446, '02/11/2014', '13/11/2019', 303, 2),
(436, 1133, '25/01/2015', '15/06/2018', 303, 3),
(437, 1642, '01/02/2017', '15/04/2018', 374, 4),
(438, 519, '23/03/2016', '27/06/2019', 227, 3),
(439, 955, '22/02/2017', '02/01/2020', 250, 1),
(440, 1228, '22/03/2017', '10/12/2016', 442, 2),
(441, 561, '29/09/2014', '26/01/2020', 86, 4),
(442, 1073, '23/08/2014', '25/01/2020', 77, 4),
(443, 1176, '11/05/2015', '24/05/2019', 115, 4),
(444, 1211, '25/09/2014', '07/09/2017', 37, 2),
(445, 1204, '18/11/2016', '15/02/2019', 246, 1),
(446, 1260, '11/08/2014', '03/01/2018', 114, 4),
(447, 1245, '28/10/2016', '10/11/2016', 452, 3),
(448, 1476, '26/01/2016', '12/05/2018', 142, 2),
(449, 874, '22/01/2017', '19/10/2019', 461, 1),
(450, 1001, '28/10/2015', '26/03/2020', 288, 4),
(451, 960, '31/12/2015', '24/05/2018', 494, 4),
(452, 481, '05/08/2016', '01/09/2018', 161, 4),
(453, 608, '12/06/2016', '14/02/2020', 473, 1),
(454, 1463, '12/11/2016', '29/04/2017', 189, 1),
(455, 1504, '12/02/2017', '27/05/2017', 44, 2),
(456, 1606, '08/02/2017', '28/11/2018', 313, 4),
(457, 1456, '10/11/2014', '03/08/2018', 302, 2),
(458, 409, '13/02/2015', '06/09/2017', 435, 1),
(459, 542, '28/10/2015', '19/05/2017', 311, 1),
(460, 1244, '14/02/2017', '17/09/2017', 366, 1),
(461, 503, '05/08/2015', '12/09/2019', 59, 3),
(462, 1256, '23/03/2017', '27/08/2019', 498, 4),
(463, 749, '12/05/2014', '21/04/2018', 468, 3),
(464, 627, '15/06/2015', '08/02/2019', 205, 1),
(465, 744, '04/02/2015', '27/02/2017', 319, 1),
(466, 1578, '01/02/2015', '20/11/2016', 392, 4),
(467, 1462, '12/05/2014', '21/02/2019', 166, 4),
(468, 958, '16/07/2016', '04/07/2018', 198, 2),
(469, 1531, '31/05/2016', '18/03/2020', 101, 2),
(470, 915, '14/06/2016', '12/04/2018', 124, 1),
(471, 707, '31/12/2014', '09/06/2017', 183, 4),
(472, 1015, '03/05/2014', '15/12/2017', 465, 4),
(473, 1681, '07/06/2015', '20/06/2018', 380, 4),
(474, 1029, '17/08/2016', '30/06/2019', 15, 4),
(475, 787, '29/04/2015', '16/10/2017', 189, 3),
(476, 699, '27/06/2015', '12/02/2018', 346, 4),
(477, 813, '12/02/2016', '20/10/2019', 244, 2),
(478, 669, '12/07/2014', '15/12/2019', 350, 3),
(479, 1657, '05/12/2015', '06/11/2016', 89, 3),
(480, 988, '09/02/2017', '03/02/2018', 406, 2),
(481, 420, '21/07/2015', '01/06/2016', 107, 4),
(482, 549, '04/08/2015', '07/12/2018', 236, 3),
(483, 806, '23/01/2017', '02/03/2018', 297, 4),
(484, 904, '17/03/2017', '08/03/2020', 19, 4),
(485, 1505, '05/06/2015', '16/09/2016', 496, 1),
(486, 501, '14/10/2014', '12/06/2018', 328, 2),
(487, 1127, '08/09/2014', '03/06/2018', 477, 4),
(488, 641, '26/07/2014', '12/06/2017', 463, 1),
(489, 703, '02/08/2015', '01/02/2020', 175, 3),
(490, 1070, '07/06/2014', '25/11/2017', 151, 1),
(491, 839, '15/09/2015', '15/03/2020', 352, 3),
(492, 1466, '03/02/2015', '21/03/2017', 159, 1),
(493, 1173, '28/03/2017', '20/09/2019', 273, 1),
(494, 1562, '19/03/2016', '09/07/2018', 91, 2),
(495, 1097, '17/01/2015', '08/06/2018', 424, 2),
(496, 1588, '20/10/2014', '14/04/2019', 426, 3),
(497, 1696, '10/12/2016', '27/11/2016', 102, 3),
(498, 910, '24/02/2017', '07/12/2018', 5, 2),
(499, 1490, '26/02/2016', '17/02/2018', 17, 4),
(500, 1504, '22/05/2014', '16/01/2017', 498, 2),
(501, 922, '24/05/2015', '08/09/2018', 256, 2),
(502, 695, '15/03/2015', '03/02/2020', 222, 3),
(503, 1269, '18/11/2015', '30/10/2019', 106, 3),
(504, 1549, '25/11/2014', '11/06/2019', 163, 2),
(505, 1282, '04/03/2017', '28/11/2017', 460, 2),
(506, 1041, '06/06/2016', '24/03/2020', 242, 3),
(507, 877, '13/07/2016', '28/03/2019', 330, 1),
(508, 408, '06/12/2016', '14/10/2017', 248, 4),
(509, 1158, '07/08/2014', '04/08/2017', 382, 3),
(510, 736, '01/07/2014', '30/11/2018', 446, 4),
(511, 1287, '19/01/2015', '08/05/2018', 495, 4),
(512, 785, '06/07/2015', '14/08/2019', 5, 4),
(513, 1601, '31/07/2015', '02/06/2016', 19, 4),
(514, 511, '10/08/2014', '03/11/2017', 155, 2),
(515, 701, '03/06/2016', '26/04/2018', 113, 1),
(516, 1649, '23/05/2015', '10/10/2018', 250, 2),
(517, 1277, '07/02/2016', '23/02/2018', 291, 1),
(518, 833, '08/01/2017', '07/02/2019', 345, 1),
(519, 1071, '01/06/2015', '23/02/2020', 417, 3),
(520, 1587, '27/09/2014', '26/09/2018', 151, 3),
(521, 1318, '20/02/2015', '16/12/2016', 373, 1),
(522, 1137, '11/03/2015', '30/05/2019', 70, 1),
(523, 1333, '06/11/2016', '22/12/2018', 51, 2),
(524, 1532, '20/08/2016', '03/03/2017', 201, 1),
(525, 508, '09/05/2016', '07/01/2019', 299, 1),
(526, 1458, '15/10/2016', '28/03/2020', 265, 3),
(527, 899, '28/09/2016', '09/12/2016', 241, 4),
(528, 889, '19/07/2014', '19/04/2020', 177, 3),
(529, 1658, '30/11/2014', '18/01/2020', 19, 1),
(530, 1429, '06/06/2016', '25/07/2019', 42, 4),
(531, 1326, '27/11/2016', '19/03/2019', 453, 4),
(532, 818, '13/12/2014', '17/01/2018', 297, 4),
(533, 451, '12/07/2015', '09/09/2017', 446, 1),
(534, 1584, '21/01/2017', '19/06/2017', 234, 2),
(535, 532, '10/10/2015', '19/11/2019', 204, 4),
(536, 1498, '14/11/2014', '21/07/2017', 358, 3),
(537, 631, '02/05/2016', '25/01/2018', 316, 2),
(538, 1369, '26/07/2016', '13/05/2016', 441, 4),
(539, 723, '04/05/2014', '30/01/2020', 99, 1),
(540, 1694, '25/09/2015', '15/12/2017', 124, 1),
(541, 554, '29/06/2015', '03/08/2018', 442, 1),
(542, 1099, '20/09/2015', '25/08/2019', 17, 3),
(543, 1143, '19/08/2016', '07/05/2016', 300, 4),
(544, 1657, '14/09/2014', '27/10/2019', 239, 2),
(545, 1643, '25/07/2016', '08/03/2018', 471, 3),
(546, 814, '17/08/2014', '20/08/2019', 126, 1),
(547, 757, '14/08/2014', '23/12/2018', 459, 3),
(548, 1049, '15/11/2016', '16/09/2019', 243, 3),
(549, 1172, '22/03/2017', '23/09/2019', 228, 1),
(550, 1377, '19/10/2015', '18/12/2016', 264, 2),
(551, 795, '07/01/2017', '24/11/2017', 267, 2),
(552, 1675, '01/09/2014', '13/02/2018', 403, 4),
(553, 814, '07/04/2015', '13/10/2016', 240, 2),
(554, 1612, '08/01/2015', '13/08/2018', 461, 4),
(555, 549, '19/10/2015', '31/10/2016', 118, 1),
(556, 1357, '12/04/2015', '24/04/2017', 318, 1),
(557, 1273, '01/08/2016', '22/09/2016', 71, 3),
(558, 1538, '15/01/2017', '29/02/2020', 483, 1),
(559, 1131, '24/09/2015', '20/04/2017', 290, 3),
(560, 448, '19/01/2017', '08/06/2016', 50, 2),
(561, 636, '16/06/2015', '27/01/2017', 161, 4),
(562, 863, '12/12/2016', '01/03/2020', 187, 1),
(563, 735, '07/01/2015', '03/10/2016', 333, 3),
(564, 1555, '25/03/2015', '15/01/2017', 15, 2),
(565, 1444, '08/03/2015', '05/07/2016', 96, 4),
(566, 431, '03/07/2016', '17/01/2019', 401, 4),
(567, 1357, '03/10/2014', '28/05/2016', 72, 4),
(568, 875, '07/10/2015', '20/11/2019', 222, 3),
(569, 479, '20/12/2016', '26/04/2018', 120, 3),
(570, 673, '19/06/2014', '21/06/2018', 288, 1),
(571, 1358, '16/10/2014', '02/02/2020', 208, 1),
(572, 1649, '10/10/2015', '04/03/2017', 80, 2),
(573, 1217, '24/06/2016', '28/11/2019', 35, 2),
(574, 708, '26/10/2014', '15/10/2016', 292, 2),
(575, 1410, '05/01/2016', '05/10/2018', 382, 3),
(576, 1435, '23/08/2014', '05/09/2016', 293, 1),
(577, 590, '10/01/2017', '29/06/2019', 30, 1),
(578, 453, '25/09/2016', '09/07/2017', 188, 1),
(579, 1668, '04/08/2014', '22/07/2019', 404, 2),
(580, 1454, '18/09/2014', '26/06/2016', 12, 2),
(581, 1010, '03/08/2016', '02/05/2018', 188, 2),
(582, 1042, '10/08/2015', '20/08/2018', 18, 4),
(583, 1123, '26/12/2016', '04/06/2019', 492, 1),
(584, 552, '16/03/2017', '02/02/2018', 437, 3),
(585, 1639, '22/02/2017', '17/02/2018', 207, 3),
(586, 828, '19/11/2014', '11/06/2016', 366, 4),
(587, 1220, '14/08/2015', '05/11/2018', 275, 2),
(588, 984, '05/09/2015', '25/10/2019', 413, 4),
(589, 1157, '19/02/2016', '25/12/2017', 452, 3),
(590, 1109, '07/07/2015', '02/01/2017', 78, 2),
(591, 1431, '05/09/2015', '24/09/2018', 433, 2),
(592, 601, '18/03/2017', '24/07/2019', 65, 4),
(593, 1412, '28/07/2015', '25/03/2019', 314, 1),
(594, 477, '26/10/2014', '06/07/2019', 161, 2),
(595, 1281, '09/07/2015', '02/05/2019', 390, 3),
(596, 1381, '05/06/2014', '06/04/2020', 180, 4),
(597, 1137, '21/07/2014', '19/01/2017', 429, 4),
(598, 1347, '20/04/2017', '05/06/2017', 263, 1),
(599, 403, '18/03/2016', '12/01/2019', 432, 4),
(600, 745, '17/09/2016', '09/02/2018', 406, 2),
(601, 907, '18/04/2015', '14/07/2016', 353, 3),
(602, 1319, '23/06/2015', '10/11/2018', 381, 3),
(603, 1684, '05/01/2016', '30/05/2016', 359, 3),
(604, 664, '07/09/2015', '08/11/2017', 267, 2),
(605, 487, '30/06/2015', '02/04/2019', 304, 3),
(606, 934, '13/06/2016', '19/11/2016', 431, 3),
(607, 540, '24/10/2014', '16/01/2019', 152, 4),
(608, 1572, '27/07/2016', '18/10/2016', 180, 1),
(609, 648, '29/06/2015', '22/09/2016', 110, 3),
(610, 1270, '05/12/2015', '16/01/2017', 163, 3),
(611, 1054, '28/05/2016', '01/10/2016', 17, 4),
(612, 1607, '20/03/2015', '04/05/2017', 370, 1),
(613, 1136, '13/01/2017', '21/02/2018', 359, 1),
(614, 1120, '21/01/2016', '08/03/2019', 266, 2),
(615, 696, '07/08/2014', '08/12/2017', 317, 1),
(616, 1501, '07/09/2015', '27/03/2020', 245, 2),
(617, 551, '05/09/2015', '29/08/2018', 159, 1),
(618, 1622, '26/11/2014', '21/12/2018', 443, 1),
(619, 1115, '28/05/2015', '03/04/2020', 105, 3),
(620, 1700, '28/08/2014', '26/07/2019', 224, 3),
(621, 1550, '24/10/2016', '19/05/2019', 375, 2),
(622, 584, '22/11/2016', '28/08/2016', 391, 2),
(623, 1625, '23/03/2015', '10/04/2020', 17, 1),
(624, 1438, '30/11/2016', '12/01/2020', 240, 4),
(625, 1431, '16/07/2015', '05/08/2016', 275, 2),
(626, 622, '24/06/2016', '20/11/2017', 302, 4),
(627, 418, '17/01/2016', '09/08/2018', 287, 3),
(628, 701, '14/10/2016', '07/08/2017', 455, 3),
(629, 1088, '04/10/2014', '15/02/2020', 258, 3),
(630, 1251, '06/09/2014', '21/10/2016', 190, 4),
(631, 1640, '15/10/2014', '15/05/2018', 251, 2),
(632, 1481, '02/03/2016', '02/05/2017', 315, 1),
(633, 1078, '11/12/2014', '28/02/2020', 270, 2),
(634, 665, '14/05/2014', '23/06/2016', 336, 2),
(635, 1269, '08/08/2016', '03/04/2018', 362, 2),
(636, 565, '12/05/2014', '18/05/2018', 268, 1),
(637, 802, '12/05/2014', '16/03/2019', 228, 1),
(638, 1575, '11/10/2016', '03/03/2020', 200, 3),
(639, 614, '09/04/2015', '19/09/2018', 247, 4),
(640, 754, '25/05/2014', '15/11/2018', 475, 1),
(641, 1129, '25/08/2014', '22/10/2018', 291, 2),
(642, 825, '19/04/2016', '20/08/2019', 489, 4),
(643, 548, '24/08/2016', '26/11/2018', 397, 1),
(644, 986, '18/01/2016', '26/03/2017', 482, 1),
(645, 844, '10/01/2017', '24/08/2016', 61, 3),
(646, 523, '10/12/2016', '02/01/2019', 289, 4),
(647, 1051, '19/04/2017', '08/12/2017', 476, 4),
(648, 1065, '16/06/2014', '26/08/2017', 208, 2),
(649, 1141, '05/10/2014', '24/03/2019', 485, 3),
(650, 1186, '03/06/2016', '18/04/2020', 482, 4),
(651, 1121, '19/08/2015', '05/07/2016', 371, 2),
(652, 973, '07/04/2015', '03/03/2019', 38, 1),
(653, 543, '26/12/2014', '03/01/2018', 69, 3),
(654, 666, '26/11/2014', '21/01/2018', 401, 3),
(655, 1303, '24/08/2016', '18/06/2017', 43, 3),
(656, 486, '05/01/2016', '04/09/2016', 280, 3),
(657, 1547, '21/11/2015', '23/01/2018', 299, 2),
(658, 706, '20/10/2015', '19/10/2017', 476, 4),
(659, 451, '02/02/2016', '01/04/2019', 399, 1),
(660, 968, '09/08/2016', '30/12/2018', 133, 3),
(661, 1111, '25/04/2016', '05/05/2016', 218, 4),
(662, 1278, '07/06/2016', '25/06/2019', 245, 3),
(663, 1231, '13/04/2017', '15/03/2018', 234, 4),
(664, 1535, '14/11/2016', '10/05/2016', 60, 3),
(665, 1481, '25/11/2015', '26/09/2016', 453, 1),
(666, 507, '26/09/2014', '02/10/2016', 45, 1),
(667, 918, '23/10/2014', '20/05/2016', 85, 2),
(668, 1248, '14/03/2016', '18/08/2018', 453, 1),
(669, 926, '05/12/2016', '15/04/2019', 102, 4),
(670, 1292, '17/05/2014', '22/08/2019', 307, 3),
(671, 1543, '10/07/2015', '21/01/2018', 254, 1),
(672, 585, '23/10/2016', '05/11/2016', 277, 1),
(673, 1420, '24/03/2017', '11/12/2017', 371, 3),
(674, 440, '05/05/2016', '23/04/2017', 128, 1),
(675, 417, '11/12/2015', '17/03/2020', 143, 1),
(676, 1044, '13/10/2016', '14/04/2019', 465, 1),
(677, 769, '11/04/2015', '28/11/2019', 257, 1),
(678, 1538, '05/02/2015', '23/03/2020', 112, 1),
(679, 892, '03/05/2015', '01/06/2016', 333, 1),
(680, 1235, '23/02/2017', '01/01/2018', 357, 2),
(681, 445, '02/07/2016', '14/03/2018', 8, 1),
(682, 536, '06/06/2015', '19/12/2018', 24, 2),
(683, 1107, '16/08/2015', '23/08/2019', 400, 3),
(684, 1563, '10/07/2014', '09/04/2020', 194, 3),
(685, 1322, '03/04/2017', '01/03/2020', 111, 2),
(686, 1611, '21/08/2014', '30/12/2018', 311, 2),
(687, 894, '20/09/2014', '23/07/2016', 41, 4),
(688, 697, '11/08/2016', '13/09/2019', 375, 1),
(689, 800, '10/04/2016', '30/06/2019', 14, 1),
(690, 542, '11/12/2014', '28/03/2017', 79, 1),
(691, 1523, '30/07/2014', '14/09/2019', 42, 3),
(692, 1134, '22/11/2016', '05/04/2017', 452, 4),
(693, 738, '20/01/2016', '09/12/2016', 308, 1),
(694, 1646, '06/05/2016', '07/03/2017', 421, 3),
(695, 1259, '03/07/2015', '09/10/2016', 109, 1),
(696, 401, '11/02/2015', '04/05/2016', 211, 2),
(697, 1190, '28/07/2016', '07/09/2018', 329, 3),
(698, 1644, '16/06/2015', '12/06/2019', 237, 1),
(699, 1673, '07/10/2015', '04/01/2019', 38, 2),
(700, 1247, '10/11/2016', '15/04/2018', 125, 2),
(701, 796, '14/04/2017', '16/02/2019', 251, 3),
(702, 893, '22/05/2015', '11/04/2020', 372, 2),
(703, 1431, '27/12/2015', '04/05/2016', 410, 4),
(704, 806, '28/02/2015', '08/02/2017', 230, 1),
(705, 424, '01/05/2014', '16/09/2017', 122, 2),
(706, 503, '21/05/2016', '06/05/2016', 297, 2),
(707, 830, '17/10/2015', '20/06/2018', 433, 4),
(708, 406, '09/02/2016', '30/01/2017', 227, 4),
(709, 1241, '28/01/2016', '29/10/2018', 490, 2),
(710, 1396, '09/08/2015', '15/02/2018', 119, 2),
(711, 1299, '18/08/2014', '08/09/2017', 9, 1),
(712, 633, '14/09/2014', '01/01/2017', 336, 2),
(713, 1681, '27/03/2017', '13/07/2018', 147, 2),
(714, 1020, '10/09/2016', '04/08/2017', 69, 3),
(715, 617, '26/04/2014', '20/05/2019', 265, 2),
(716, 1384, '04/05/2014', '13/09/2018', 383, 4),
(717, 1342, '26/07/2014', '06/05/2019', 440, 2),
(718, 1585, '16/02/2017', '29/07/2017', 139, 2),
(719, 845, '24/04/2016', '12/04/2019', 309, 4),
(720, 827, '04/04/2015', '07/08/2017', 455, 1),
(721, 1291, '14/01/2016', '05/04/2020', 426, 3),
(722, 1395, '25/09/2014', '13/01/2017', 330, 2),
(723, 448, '01/02/2017', '01/01/2020', 494, 2),
(724, 1336, '11/10/2015', '27/09/2016', 478, 1),
(725, 972, '11/04/2016', '23/01/2019', 481, 1),
(726, 436, '11/09/2015', '18/03/2020', 156, 1),
(727, 1416, '05/11/2015', '15/08/2018', 55, 3),
(728, 1537, '15/10/2014', '02/01/2020', 211, 4),
(729, 868, '05/12/2015', '16/10/2018', 451, 2),
(730, 1476, '02/09/2014', '19/03/2018', 246, 4),
(731, 1478, '01/02/2015', '06/12/2016', 252, 1),
(732, 625, '18/09/2014', '26/10/2017', 141, 4),
(733, 592, '16/05/2015', '27/11/2017', 499, 1),
(734, 1230, '07/03/2017', '09/02/2018', 101, 4),
(735, 617, '21/11/2014', '31/07/2017', 265, 2),
(736, 630, '01/10/2015', '16/04/2017', 444, 2),
(737, 545, '08/10/2015', '09/10/2018', 218, 1),
(738, 1397, '20/08/2014', '25/09/2018', 95, 3),
(739, 1381, '26/03/2016', '31/03/2020', 51, 3),
(740, 1149, '07/04/2015', '15/12/2016', 46, 4),
(741, 1365, '15/12/2014', '03/10/2018', 481, 2),
(742, 839, '17/12/2015', '11/08/2017', 117, 3),
(743, 1590, '24/05/2015', '02/04/2019', 130, 1),
(744, 1631, '06/11/2016', '03/01/2020', 232, 3),
(745, 973, '19/04/2017', '21/01/2020', 115, 1),
(746, 1316, '28/11/2016', '19/11/2019', 294, 4),
(747, 1585, '25/04/2014', '18/09/2017', 138, 3),
(748, 532, '13/08/2016', '26/05/2016', 176, 3),
(749, 654, '28/08/2016', '04/01/2020', 453, 3),
(750, 1058, '19/04/2015', '14/02/2017', 435, 4),
(751, 1291, '03/06/2016', '21/06/2017', 339, 4),
(752, 408, '16/10/2014', '24/01/2020', 83, 1),
(753, 760, '13/07/2016', '06/06/2019', 487, 2),
(754, 566, '22/06/2014', '25/04/2016', 379, 1),
(755, 636, '15/02/2016', '23/08/2019', 279, 1),
(756, 679, '17/07/2016', '27/11/2017', 446, 3),
(757, 426, '18/03/2016', '21/02/2018', 306, 2),
(758, 1429, '01/02/2016', '24/01/2018', 388, 1),
(759, 1205, '19/09/2016', '15/06/2017', 175, 2),
(760, 674, '26/10/2016', '20/02/2019', 217, 3),
(761, 1401, '01/05/2015', '01/12/2018', 354, 2),
(762, 1540, '03/09/2016', '15/05/2017', 481, 4),
(763, 767, '23/09/2016', '09/03/2017', 137, 1),
(764, 459, '12/01/2015', '26/02/2019', 8, 1),
(765, 1041, '01/09/2016', '01/06/2018', 248, 2),
(766, 691, '29/01/2016', '17/11/2019', 207, 4),
(767, 1026, '25/09/2014', '22/09/2019', 26, 1),
(768, 1651, '03/07/2016', '05/03/2018', 109, 2),
(769, 520, '29/08/2016', '12/05/2017', 15, 2),
(770, 861, '20/12/2015', '08/09/2018', 39, 4),
(771, 645, '13/06/2014', '21/10/2019', 14, 1),
(772, 1144, '18/06/2015', '17/08/2016', 112, 1),
(773, 788, '31/10/2014', '06/03/2019', 286, 4),
(774, 667, '15/07/2015', '26/08/2016', 307, 4),
(775, 412, '16/08/2014', '20/03/2019', 439, 2),
(776, 581, '20/11/2016', '15/08/2019', 378, 3),
(777, 784, '15/07/2014', '12/09/2017', 416, 3),
(778, 576, '11/02/2015', '12/07/2018', 225, 1),
(779, 565, '16/12/2015', '09/08/2019', 123, 1),
(780, 1012, '04/02/2016', '09/07/2017', 353, 4),
(781, 1652, '18/05/2014', '29/03/2018', 239, 1),
(782, 535, '06/10/2015', '03/12/2019', 107, 2),
(783, 752, '15/11/2016', '17/06/2019', 58, 3),
(784, 517, '02/12/2016', '16/01/2019', 9, 2),
(785, 993, '05/10/2016', '18/12/2017', 289, 1),
(786, 1526, '01/08/2016', '22/10/2017', 387, 3),
(787, 1243, '20/08/2015', '02/04/2017', 319, 2),
(788, 1389, '16/04/2015', '22/11/2017', 274, 1),
(789, 1474, '02/05/2016', '02/11/2016', 240, 4),
(790, 1565, '22/09/2015', '15/09/2016', 92, 2),
(791, 1172, '20/02/2016', '25/11/2016', 388, 1),
(792, 487, '05/01/2016', '21/06/2018', 469, 1),
(793, 734, '19/01/2016', '04/05/2017', 57, 4),
(794, 1224, '16/02/2015', '19/10/2018', 108, 2),
(795, 776, '13/03/2016', '02/02/2019', 337, 1),
(796, 495, '15/01/2017', '24/07/2016', 32, 3),
(797, 1194, '12/09/2015', '26/05/2016', 8, 4),
(798, 862, '18/08/2014', '08/11/2017', 339, 2),
(799, 1357, '25/01/2017', '23/02/2020', 123, 2),
(800, 1152, '06/06/2015', '27/09/2016', 463, 4);

-- --------------------------------------------------------

--
-- Table structure for table `employee_type`
--

CREATE TABLE `employee_type` (
  `id` int(11) NOT NULL,
  `employee_type` varchar(255) NOT NULL,
  `status` int(11) NOT NULL
) ENGINE=InnoDB DEFAULT CHARSET=latin1;

--
-- Dumping data for table `employee_type`
--

INSERT INTO `employee_type` (`id`, `employee_type`, `status`) VALUES
(1, 'Janitor', 0),
(2, 'Accountant', 0),
(3, 'Furnitor', 0),
(4, 'Personal trainer', 0);

-- --------------------------------------------------------

--
-- Table structure for table `item`
--

CREATE TABLE `item` (
  `id` int(11) NOT NULL,
  `name` varchar(255) NOT NULL,
  `company_name` varchar(255) NOT NULL,
  `barcode` varchar(255) NOT NULL,
  `selling_price` double NOT NULL DEFAULT '-1',
  `quantity` int(11) NOT NULL,
  `date_added` timestamp NOT NULL DEFAULT CURRENT_TIMESTAMP,
  `status` int(2) NOT NULL DEFAULT '0',
  `category_id` int(11) NOT NULL,
  `unit_id` int(11) NOT NULL
) ENGINE=InnoDB DEFAULT CHARSET=latin1;

--
-- Dumping data for table `item`
--

INSERT INTO `item` (`id`, `name`, `company_name`, `barcode`, `selling_price`, `quantity`, `date_added`, `status`, `category_id`, `unit_id`) VALUES
(1, 'Ryan-Harber', 'Tagopia', '52125-185', 18, 295, '2016-12-28 22:12:52', 0, 4, 1),
(2, 'Ondricka, Walter and Harber', 'Skinix', '68084-053', 43, 447, '2016-06-27 09:57:47', 0, 2, 1),
(3, 'Medhurst-Kub', 'Roodel', '35000-662', 33, 252, '2017-02-13 15:52:23', 0, 2, 1),
(4, 'Williamson LLC', 'Voolith', '54868-5472', 78, 257, '2017-03-23 17:46:18', 0, 5, 3),
(5, 'Casper-Yost', 'Ooba', '67938-0858', 65, 241, '2017-01-08 12:31:47', 0, 4, 1),
(6, 'McCullough LLC', 'Eimbee', '50383-824', 25, 416, '2016-09-18 11:50:13', 0, 1, 3),
(7, 'Smith-Hegmann', 'Skiptube', '43742-0372', 15, 324, '2016-04-21 00:54:49', 0, 1, 3),
(8, 'Dickinson-Stanton', 'Edgepulse', '50346-001', 45, 92, '2016-12-24 18:30:46', 0, 1, 3),
(9, 'Kuhn, Ortiz and Upton', 'Eidel', '13630-0015', 55, 16, '2016-12-02 15:04:24', 0, 1, 3),
(10, 'Huels-Bauch', 'Aimbo', '50988-230', 61, 319, '2016-11-21 09:19:55', 0, 5, 3),
(11, 'Lesch, Treutel and Feil', 'Voonyx', '0409-3382', 36, 424, '2017-04-06 17:22:58', 0, 5, 2),
(12, 'Mann-Steuber', 'Omba', '33344-006', 10, 141, '2016-06-08 11:34:46', 0, 2, 2),
(13, 'Macejkovic-Hoeger', 'Midel', '58232-0041', 30, 278, '2016-10-26 05:42:21', 0, 2, 1),
(14, 'Adams, Sporer and Dare', 'Edgeclub', '21695-737', 51, 407, '2016-07-27 02:42:52', 0, 2, 3),
(15, 'Funk LLC', 'LiveZ', '0049-3160', 55, 333, '2017-03-16 08:30:05', 0, 1, 1),
(16, 'Lindgren, Ruecker and Baumbach', 'Skilith', '28107-005', 29, 111, '2017-03-31 08:35:58', 0, 4, 2),
(17, 'O''Reilly, Langworth and Wyman', 'Brainsphere', '0409-3383', 30, 460, '2016-08-22 22:00:47', 0, 5, 1),
(18, 'Cassin-Graham', 'Babbleblab', '59630-630', 74, 488, '2016-05-15 17:09:49', 0, 2, 3),
(19, 'Lowe, McGlynn and Crona', 'Voomm', '41250-442', 65, 102, '2016-06-01 08:08:06', 0, 1, 3),
(20, 'Schmidt, Morar and Wunsch', 'Demivee', '54569-0898', 2, 325, '2017-01-17 17:48:21', 0, 4, 2),
(21, 'Morissette-Hodkiewicz', 'Mycat', '49952-003', 12, 97, '2017-03-04 09:19:15', 0, 1, 2),
(22, 'Hilpert-Miller', 'Wordware', '14783-606', 32, 60, '2016-08-07 01:18:20', 0, 1, 3),
(23, 'Veum-Dickens', 'Realblab', '30014-016', 62, 436, '2016-10-19 01:07:10', 0, 2, 2),
(24, 'Howe-Hartmann', 'Zooveo', '61957-1461', 69, 173, '2017-02-23 16:10:17', 0, 3, 3),
(25, 'Parisian-Hilll', 'Jaxbean', '21130-456', 78, 248, '2016-07-14 07:57:31', 0, 5, 1),
(26, 'Moen Group', 'Centimia', '55910-520', 14, 192, '2017-01-02 22:22:48', 0, 5, 3),
(27, 'Bins Group', 'Bluejam', '60681-2304', 5, 168, '2017-01-08 01:06:34', 0, 4, 3),
(28, 'Breitenberg Inc', 'Brainlounge', '53808-0967', 46, 160, '2017-04-13 21:01:49', 0, 5, 2),
(29, 'Eichmann, Nicolas and Lang', 'Ntags', '60846-810', 27, 124, '2016-09-26 14:05:42', 0, 2, 3),
(30, 'Hermiston-Jerde', 'Oyonder', '24987-377', 74, 376, '2016-06-19 19:02:39', 0, 1, 2),
(31, 'Bode LLC', 'Meejo', '29860-213', 55, 40, '2016-08-09 01:24:45', 0, 2, 3),
(32, 'Sawayn and Sons', 'Rhycero', '55154-2430', 47, 471, '2016-05-09 23:08:10', 0, 5, 2),
(33, 'McLaughlin-Bergnaum', 'Buzzbean', '13537-343', 11, 11, '2016-09-04 18:01:25', 0, 1, 2),
(34, 'Daugherty, Batz and Marks', 'Quimm', '49348-973', 12, 31, '2016-07-30 06:50:09', 0, 4, 1),
(35, 'Wehner, Corwin and Windler', 'Oloo', '49035-030', 50, 284, '2016-05-05 07:51:39', 0, 1, 3),
(36, 'Murphy, Boyle and Graham', 'Riffwire', '30142-180', 44, 209, '2016-07-10 23:20:32', 0, 4, 2),
(37, 'Hodkiewicz, Borer and Parisian', 'Gabspot', '0904-6246', 41, 140, '2016-08-09 22:05:17', 0, 4, 3),
(38, 'Lowe, Fisher and Schowalter', 'Zoonoodle', '68382-070', 12, 152, '2016-06-22 18:03:08', 0, 1, 1),
(39, 'Konopelski, Stoltenberg and Towne', 'Lajo', '0904-6108', 75, 175, '2016-06-25 04:13:04', 0, 4, 1),
(40, 'Dibbert, Gulgowski and Bauch', 'Eamia', '34057-006', 6, 131, '2016-11-05 08:55:33', 0, 4, 3),
(41, 'Vandervort and Sons', 'Ntag', '55714-2272', 50, 411, '2016-07-07 10:40:17', 0, 1, 2),
(42, 'Rosenbaum-Wehner', 'Edgewire', '59762-2332', 12, 339, '2017-03-30 09:35:14', 0, 2, 2),
(43, 'Okuneva Group', 'Blogtag', '52731-7042', 9, 491, '2016-04-22 17:19:27', 0, 5, 2),
(44, 'Klein LLC', 'Babbleset', '54868-5577', 63, 398, '2017-02-28 18:33:11', 0, 2, 1),
(45, 'Davis-Turner', 'Avaveo', '29300-241', 5, 186, '2017-02-14 14:52:02', 0, 5, 3),
(46, 'Kulas, Rath and Turcotte', 'Zoombeat', '43857-0117', 4, 367, '2017-01-12 07:57:32', 0, 1, 2),
(47, 'Hudson, Stroman and Brown', 'Avavee', '68400-117', 4, 165, '2016-07-09 10:52:00', 0, 1, 2),
(48, 'Howell-Kuvalis', 'Mydo', '57520-0220', 67, 227, '2017-01-20 21:21:37', 0, 4, 3),
(49, 'Koss-O''Hara', 'Jetpulse', '21695-803', 38, 17, '2017-04-04 22:10:07', 0, 1, 3),
(50, 'Treutel-Bashirian', 'Meezzy', '65862-147', 16, 192, '2016-05-17 11:06:36', 0, 5, 2),
(51, 'Cartwright LLC', 'Zazio', '63304-590', 76, 67, '2016-04-23 01:55:53', 0, 4, 1),
(52, 'Langworth-Rosenbaum', 'Realfire', '11523-7357', 3, 88, '2017-02-24 22:25:54', 0, 1, 2),
(53, 'Abbott, Kuhic and Boyle', 'Rhyloo', '50865-056', 32, 415, '2017-02-01 02:33:48', 0, 3, 3),
(54, 'Baumbach, Raynor and Weimann', 'Vitz', '50563-161', 42, 426, '2016-05-19 16:31:04', 0, 3, 1),
(55, 'Heaney and Sons', 'Skinder', '70253-128', 61, 275, '2016-12-28 00:59:48', 0, 5, 1),
(56, 'Glover-Ryan', 'Linktype', '49349-756', 9, 180, '2016-09-02 20:11:04', 0, 3, 1),
(57, 'Prosacco, Kuhn and Casper', 'Brightbean', '67777-301', 24, 189, '2016-06-01 19:58:10', 0, 5, 1),
(58, 'Lueilwitz Group', 'Aimbo', '62541-301', 57, 9, '2016-10-20 00:38:51', 0, 3, 2),
(59, 'Deckow, Block and Hammes', 'Zooxo', '66490-691', 21, 135, '2017-01-06 13:20:01', 0, 1, 2),
(60, 'Hansen-Lubowitz', 'Voonte', '55758-001', 66, 435, '2016-07-03 17:54:37', 0, 1, 2),
(61, 'Cremin-Kautzer', 'Vidoo', '36987-1644', 19, 302, '2016-11-26 01:03:56', 0, 1, 3),
(62, 'Reichert Group', 'Camido', '63629-1328', 10, 116, '2016-09-28 00:21:11', 0, 2, 1),
(63, 'Mayer Group', 'Topicware', '0409-1933', 19, 95, '2017-01-27 20:07:48', 0, 2, 1),
(64, 'Krajcik-McDermott', 'Tagchat', '67296-0759', 19, 156, '2016-06-23 14:09:36', 0, 2, 1),
(65, 'Moen, Leuschke and Turner', 'Realfire', '63148-241', 55, 118, '2016-06-12 09:29:50', 0, 3, 2),
(66, 'Farrell, Harber and Cormier', 'Nlounge', '45014-152', 16, 40, '2017-01-04 10:38:37', 0, 2, 3),
(67, 'Kilback, Dickinson and Friesen', 'Fivespan', '42254-079', 26, 394, '2016-12-23 20:46:53', 0, 1, 2),
(68, 'Von-Carroll', 'Realfire', '0378-2402', 44, 273, '2017-02-26 00:06:53', 0, 4, 1),
(69, 'Gerlach-Green', 'Skinte', '69231-001', 28, 11, '2016-11-26 09:29:31', 0, 4, 1),
(70, 'Murphy-Deckow', 'Mita', '36987-1344', 17, 90, '2016-07-12 18:09:28', 0, 1, 1),
(71, 'Eichmann Inc', 'Pixope', '43378-125', 52, 90, '2016-09-25 19:10:19', 0, 5, 3),
(72, 'Parisian Inc', 'Buzzbean', '49781-018', 27, 78, '2016-07-06 21:07:24', 0, 5, 3),
(73, 'VonRueden LLC', 'Pixonyx', '57520-0555', 10, 261, '2016-05-06 21:45:53', 0, 3, 3),
(74, 'Herman-Effertz', 'Dabfeed', '11227-010', 25, 273, '2017-02-01 20:43:13', 0, 2, 1),
(75, 'O''Conner and Sons', 'Zoonoodle', '64725-0550', 54, 260, '2016-12-25 02:22:27', 0, 3, 2),
(76, 'Ledner Group', 'Yakidoo', '55301-351', 45, 126, '2017-02-13 09:17:07', 0, 2, 2),
(77, 'Christiansen-Konopelski', 'Quinu', '49288-0318', 43, 302, '2017-02-05 06:56:08', 0, 3, 1),
(78, 'Brakus LLC', 'Oyope', '37000-179', 36, 193, '2016-06-04 01:17:29', 0, 5, 1),
(79, 'Buckridge, Ullrich and Dare', 'Voomm', '53808-0663', 37, 111, '2017-02-08 12:54:50', 0, 2, 1),
(80, 'Schumm-Schowalter', 'Lazz', '0143-1265', 35, 163, '2016-08-17 15:51:59', 0, 1, 1),
(81, 'Klein Group', 'Wordpedia', '53407-155', 62, 266, '2017-01-05 22:45:51', 0, 4, 3),
(82, 'Schulist-Conroy', 'Twitternation', '55315-550', 15, 144, '2016-05-27 07:47:08', 0, 5, 2),
(83, 'Graham, Lemke and Reilly', 'Kazu', '76237-309', 32, 218, '2016-12-15 09:05:23', 0, 3, 3),
(84, 'Mann Inc', 'Gabtype', '76182-001', 12, 423, '2016-08-02 11:36:34', 0, 5, 1),
(85, 'Walker, Ernser and Hettinger', 'Mudo', '32909-715', 23, 104, '2016-09-22 00:44:38', 0, 2, 2),
(86, 'Kuphal, Gerhold and Rosenbaum', 'Divape', '52915-030', 54, 439, '2016-06-30 18:11:31', 0, 4, 1),
(87, 'Emmerich, Gibson and Barton', 'Leexo', '21695-076', 26, 130, '2016-06-07 12:47:42', 0, 2, 2),
(88, 'Sanford-Rice', 'Trudeo', '57520-1018', 17, 40, '2016-11-19 01:42:32', 0, 5, 2),
(89, 'Farrell, Schimmel and Mueller', 'InnoZ', '65162-751', 8, 345, '2016-09-07 05:18:45', 0, 3, 1),
(90, 'Abshire Group', 'Quatz', '50436-3912', 36, 378, '2016-04-30 06:08:19', 0, 2, 2),
(91, 'Wilderman, Crona and Cormier', 'Skibox', '55714-8012', 21, 185, '2017-03-02 17:08:37', 0, 5, 2),
(92, 'Buckridge, Ortiz and Morissette', 'Tagpad', '27808-029', 59, 110, '2016-05-22 19:33:05', 0, 2, 3),
(93, 'Buckridge, Schneider and Langosh', 'Realfire', '58232-1402', 52, 8, '2016-06-16 15:30:32', 0, 3, 2),
(94, 'Block and Sons', 'Agivu', '62080-4001', 8, 204, '2016-11-23 08:52:18', 0, 2, 3),
(95, 'West, Schultz and Becker', 'Muxo', '55154-6999', 66, 141, '2016-05-17 14:13:19', 0, 2, 2),
(96, 'Gerhold Group', 'Blogspan', '65044-2038', 49, 423, '2016-10-21 21:19:40', 0, 4, 3),
(97, 'McClure LLC', 'Edgetag', '21695-763', 79, 153, '2016-09-01 09:34:06', 0, 4, 2),
(98, 'O''Connell Inc', 'Yakitri', '68094-214', 23, 372, '2017-04-07 19:54:41', 0, 3, 3),
(99, 'Gutmann, Willms and Stark', 'Skinte', '0093-5507', 38, 466, '2016-12-07 16:07:10', 0, 2, 1),
(100, 'Powlowski-Barrows', 'Zoombeat', '55154-5619', 61, 303, '2017-03-17 06:31:58', 0, 4, 3),
(101, 'Hermiston-Fisher', 'Yodoo', '49349-862', 43, 359, '2016-05-25 01:40:06', 0, 5, 3),
(102, 'Huel and Sons', 'Lazzy', '54868-4502', 14, 413, '2016-07-12 11:36:36', 0, 5, 2),
(103, 'Blick and Sons', 'Tavu', '66336-354', 23, 27, '2016-07-19 20:06:39', 0, 4, 3),
(104, 'Strosin, Effertz and Mertz', 'Wordtune', '50222-227', 60, 233, '2016-08-11 11:08:24', 0, 4, 3),
(105, 'Walker and Sons', 'Twinder', '55154-1134', 52, 9, '2016-07-13 01:39:10', 0, 1, 1),
(106, 'Brakus LLC', 'Zava', '51346-003', 19, 255, '2017-01-15 12:00:45', 0, 5, 1),
(107, 'Kirlin Group', 'Oyoyo', '69106-110', 55, 169, '2016-09-09 04:05:53', 0, 2, 1),
(108, 'Graham, Nader and Gibson', 'Skinte', '37205-742', 40, 291, '2016-12-25 01:40:51', 0, 4, 1),
(109, 'Kub Group', 'Fanoodle', '0944-3054', 36, 313, '2016-08-27 15:01:25', 0, 5, 1),
(110, 'Senger-Haag', 'Blogtag', '14783-451', 15, 13, '2017-01-02 06:03:10', 0, 5, 2),
(111, 'Sanford and Sons', 'Divavu', '21130-622', 23, 13, '2016-08-06 03:51:32', 0, 1, 1),
(112, 'Rau, Zemlak and Davis', 'Twinte', '66794-019', 4, 450, '2016-10-20 12:34:12', 0, 2, 1),
(113, 'Kunze-Kunde', 'Vinte', '53808-0344', 53, 74, '2016-04-28 21:13:53', 0, 4, 2),
(114, 'Adams-Pollich', 'Zoovu', '68788-9667', 56, 445, '2016-09-17 13:39:36', 0, 5, 2),
(115, 'Ebert Group', 'Devpoint', '24385-154', 50, 15, '2016-10-31 17:55:09', 0, 5, 3),
(116, 'Murazik LLC', 'Meedoo', '55319-194', 11, 91, '2017-01-08 09:03:03', 0, 2, 2),
(117, 'Littel-O''Hara', 'Camimbo', '68151-4633', 64, 260, '2016-09-24 03:20:55', 0, 2, 2),
(118, 'Von-King', 'Kazio', '53425-002', 23, 210, '2017-01-09 11:47:37', 0, 3, 2),
(119, 'Frami, Hammes and Emmerich', 'Twinte', '37012-357', 36, 349, '2016-07-09 10:57:35', 0, 1, 3),
(120, 'Tromp Group', 'Tagcat', '59779-203', 75, 267, '2016-05-22 06:32:41', 0, 4, 3),
(121, 'Cremin and Sons', 'Rhyzio', '42291-176', 75, 339, '2016-09-26 06:30:31', 0, 3, 3),
(122, 'Rau, Schumm and Goodwin', 'Buzzbean', '24275-0285', 54, 329, '2016-10-12 01:34:36', 0, 1, 1),
(123, 'Bashirian, Schmeler and Wuckert', 'Jatri', '60429-577', 62, 71, '2016-05-23 07:42:12', 0, 5, 2),
(124, 'McDermott Group', 'Camimbo', '49349-707', 54, 43, '2016-09-03 17:56:16', 0, 1, 1),
(125, 'Powlowski, Considine and Reilly', 'Twiyo', '67544-224', 26, 351, '2016-06-25 05:19:16', 0, 5, 3),
(126, 'Mueller Group', 'Skinix', '42043-252', 31, 272, '2016-05-26 20:05:16', 0, 5, 1),
(127, 'Kirlin, Johns and Yost', 'Roomm', '45802-888', 12, 37, '2016-07-31 14:10:11', 0, 1, 1),
(128, 'Ratke, Auer and Boyer', 'Brainsphere', '68016-351', 20, 25, '2016-09-30 23:06:36', 0, 4, 2),
(129, 'Lang Inc', 'Kamba', '52125-492', 17, 80, '2017-01-10 15:11:25', 0, 1, 3),
(130, 'Carroll Inc', 'Gigaclub', '0049-0031', 63, 261, '2016-11-30 04:14:27', 0, 5, 1),
(131, 'Schulist, Thiel and Mueller', 'Snaptags', '49999-151', 53, 441, '2017-01-11 09:10:24', 0, 5, 3),
(132, 'Harvey-Little', 'Kimia', '11523-7368', 10, 384, '2017-04-11 12:47:15', 0, 1, 1),
(133, 'Bergnaum-Shields', 'Photobean', '52125-245', 28, 262, '2016-04-25 10:02:09', 0, 4, 2),
(134, 'Deckow, Greenfelder and Grimes', 'Jaxspan', '0869-0213', 37, 324, '2017-03-26 00:28:14', 0, 1, 2),
(135, 'Stiedemann, Romaguera and Crooks', 'Agimba', '0135-0469', 6, 321, '2016-10-14 14:00:50', 0, 4, 2),
(136, 'Padberg Inc', 'Katz', '36987-2566', 47, 477, '2016-06-16 08:16:17', 0, 4, 3),
(137, 'Bauch, Schoen and Weimann', 'Avamba', '63629-3731', 11, 424, '2017-01-30 21:47:34', 0, 4, 1),
(138, 'Stokes, Denesik and Beatty', 'Skyba', '17478-420', 18, 320, '2016-08-28 05:13:24', 0, 3, 1),
(139, 'Bogan LLC', 'Twinte', '65044-5114', 66, 87, '2016-05-30 11:27:55', 0, 4, 3),
(140, 'Berge, Kris and Torphy', 'Camido', '0378-0088', 29, 119, '2016-08-29 19:01:55', 0, 1, 2),
(141, 'Wilderman Inc', 'Zoomlounge', '62672-221', 37, 281, '2017-01-27 09:30:02', 0, 3, 3),
(142, 'Franecki and Sons', 'Youfeed', '65862-639', 42, 344, '2016-12-22 13:36:40', 0, 2, 1),
(143, 'Volkman, Osinski and Abernathy', 'Snaptags', '49795-809', 40, 295, '2017-04-17 13:42:59', 0, 2, 2),
(144, 'Cummerata-Von', 'Meezzy', '55154-3437', 49, 276, '2016-08-10 22:38:04', 0, 1, 1),
(145, 'Muller LLC', 'Abata', '49288-0414', 16, 179, '2016-05-18 19:43:12', 0, 2, 1),
(146, 'Kshlerin-Legros', 'Twinder', '68382-443', 59, 386, '2016-11-14 07:14:13', 0, 1, 3),
(147, 'Metz-Lakin', 'Kare', '10019-291', 8, 56, '2016-12-01 17:48:28', 0, 5, 3),
(148, 'Dicki, Schoen and Blanda', 'Bubbletube', '37000-853', 76, 108, '2016-07-28 11:22:52', 0, 1, 2),
(149, 'O''Hara and Sons', 'Jayo', '61734-415', 60, 442, '2017-01-25 01:13:27', 0, 1, 3),
(150, 'Barton, Towne and Doyle', 'Fanoodle', '49288-0725', 2, 416, '2016-09-30 21:02:30', 0, 5, 1),
(151, 'Kautzer-Stark', 'Topdrive', '12496-1208', 53, 37, '2017-04-06 15:19:18', 0, 3, 1),
(152, 'Jenkins LLC', 'Teklist', '0268-0894', 14, 136, '2016-10-03 12:20:15', 0, 3, 3),
(153, 'Thompson-Schowalter', 'Photobug', '61722-060', 59, 97, '2017-03-14 08:58:08', 0, 1, 2),
(154, 'Effertz Inc', 'Quaxo', '44911-0033', 63, 162, '2017-01-01 14:43:27', 0, 5, 3),
(155, 'Lakin Inc', 'Zoombeat', '37205-826', 19, 485, '2016-07-09 15:48:40', 0, 2, 3),
(156, 'Carroll-Lowe', 'Livetube', '66184-141', 53, 95, '2016-11-03 10:17:23', 0, 5, 3),
(157, 'Heller, Murazik and Gerlach', 'Yakijo', '58118-0905', 34, 167, '2017-02-26 13:35:39', 0, 3, 3),
(158, 'Rolfson, Ullrich and Kuphal', 'Yodoo', '49967-021', 8, 491, '2016-06-19 14:17:08', 0, 2, 1),
(159, 'Howe Inc', 'Gigabox', '59630-500', 77, 161, '2017-02-19 02:06:01', 0, 2, 2),
(160, 'Weimann, Hegmann and Beatty', 'Brainverse', '62040-2001', 74, 131, '2016-08-24 20:47:03', 0, 1, 3),
(161, 'Ortiz LLC', 'Agimba', '0781-2262', 57, 216, '2017-01-06 10:58:05', 0, 3, 1),
(162, 'Borer-Cruickshank', 'Thoughtstorm', '57237-050', 56, 15, '2016-05-25 21:50:11', 0, 5, 3),
(163, 'Schinner, Bode and Dickens', 'Npath', '51531-8360', 55, 391, '2016-06-23 23:09:37', 0, 2, 1),
(164, 'Cartwright Group', 'Tagpad', '49349-989', 63, 257, '2016-08-03 17:09:11', 0, 5, 1),
(165, 'Medhurst-Gutkowski', 'Meembee', '33261-035', 50, 78, '2016-05-20 01:36:28', 0, 1, 1),
(166, 'Yost-Von', 'Vitz', '75921-648', 29, 306, '2016-11-26 23:38:53', 0, 4, 2),
(167, 'Morissette-Grady', 'Edgewire', '68462-104', 71, 151, '2016-10-03 10:43:21', 0, 2, 1),
(168, 'Gerhold-Farrell', 'Oloo', '48951-1154', 36, 336, '2016-07-03 09:32:52', 0, 2, 2),
(169, 'Rutherford-Lindgren', 'Oyondu', '49304-0014', 7, 121, '2016-12-03 21:58:27', 0, 1, 3),
(170, 'Jenkins, Goodwin and Mohr', 'Trudeo', '63187-113', 3, 402, '2017-03-16 16:42:40', 0, 5, 3),
(171, 'Ratke, Rath and Price', 'Zoombox', '61941-0011', 59, 351, '2016-10-21 19:48:22', 0, 4, 3),
(172, 'Aufderhar, Paucek and Ruecker', 'Eayo', '0904-7725', 77, 214, '2016-09-01 00:40:26', 0, 5, 2),
(173, 'Champlin LLC', 'Blognation', '54868-4968', 54, 414, '2016-11-23 16:09:25', 0, 4, 2),
(174, 'Dach-Jenkins', 'Leexo', '59779-438', 35, 162, '2016-11-16 06:35:15', 0, 5, 2),
(175, 'Will, Hansen and Heathcote', 'Zooveo', '0299-5500', 55, 10, '2017-01-06 22:39:04', 0, 1, 2),
(176, 'Kutch, Bechtelar and Casper', 'Vipe', '36987-2621', 20, 328, '2016-10-10 02:03:29', 0, 3, 2),
(177, 'Connelly Group', 'Skippad', '53041-618', 57, 431, '2016-11-20 20:22:35', 0, 1, 3),
(178, 'Prosacco and Sons', 'Babbleset', '49967-092', 74, 146, '2016-12-28 19:32:08', 0, 2, 2),
(179, 'Veum-Kozey', 'Riffpedia', '65044-0831', 37, 40, '2016-08-18 09:35:33', 0, 4, 3),
(180, 'Sporer, Murphy and Connelly', 'Ntag', '55513-053', 50, 278, '2016-05-04 07:43:43', 0, 3, 3),
(181, 'Simonis Inc', 'Bubblemix', '49999-060', 31, 87, '2016-11-25 21:45:48', 0, 4, 1),
(182, 'Dietrich, Kshlerin and Ernser', 'Npath', '57718-010', 38, 163, '2016-05-17 03:15:16', 0, 1, 1),
(183, 'Bartoletti, Kohler and Parisian', 'Oyoloo', '52389-263', 64, 60, '2016-05-24 07:13:11', 0, 5, 1),
(184, 'Bernier, Price and Weissnat', 'Thoughtblab', '22700-133', 57, 10, '2016-06-11 08:57:04', 0, 3, 3),
(185, 'Schimmel-Jaskolski', 'Buzzdog', '55289-005', 8, 296, '2016-10-09 14:54:11', 0, 4, 2),
(186, 'Sawayn and Sons', 'Dazzlesphere', '37808-211', 3, 56, '2016-09-21 12:50:29', 0, 2, 2),
(187, 'Parker, Stokes and Rau', 'Wordify', '41250-039', 27, 248, '2016-04-21 10:18:09', 0, 5, 2),
(188, 'Carter Inc', 'Bubblemix', '55910-335', 39, 49, '2016-06-01 16:15:04', 0, 1, 1),
(189, 'Koch, Kunze and Daugherty', 'Jayo', '37012-897', 36, 273, '2016-12-08 05:40:56', 0, 1, 3),
(190, 'Cummings, Hahn and Oberbrunner', 'Innojam', '41268-897', 2, 78, '2016-05-16 05:51:49', 0, 3, 1),
(191, 'Gutmann-Hand', 'Skiba', '0113-0054', 80, 48, '2016-11-06 11:03:13', 0, 5, 1),
(192, 'Goyette, Heathcote and Kuvalis', 'Edgeblab', '63304-215', 42, 68, '2016-09-18 06:41:23', 0, 3, 3),
(193, 'Brekke and Sons', 'Thoughtworks', '58118-0434', 4, 343, '2016-09-08 03:08:59', 0, 3, 2),
(194, 'Langosh, Douglas and Raynor', 'Youspan', '49884-576', 4, 85, '2017-02-04 03:36:53', 0, 3, 2),
(195, 'Deckow, Waters and Thiel', 'Zoombeat', '33261-786', 12, 65, '2016-12-02 07:23:24', 0, 1, 2),
(196, 'Lesch, Huel and Prohaska', 'Realcube', '63629-4689', 71, 156, '2017-03-12 00:30:47', 0, 4, 3),
(197, 'Green Group', 'Jabberbean', '36987-1110', 77, 324, '2016-12-16 02:21:25', 0, 1, 3),
(198, 'Stiedemann and Sons', 'Wikivu', '36800-020', 6, 297, '2016-11-06 14:49:04', 0, 3, 3),
(199, 'Quitzon and Sons', 'Trupe', '41163-396', 67, 224, '2016-09-17 02:36:20', 0, 4, 3),
(200, 'Zboncak and Sons', 'Yozio', '63459-177', 62, 114, '2017-02-03 16:32:56', 0, 5, 3),
(201, 'Grant Inc', 'Bubblebox', '49288-0129', 50, 129, '2016-10-26 03:03:11', 0, 5, 1),
(202, 'Satterfield, Kovacek and Mann', 'Mudo', '64038-313', 9, 208, '2016-10-17 09:05:19', 0, 1, 2),
(203, 'Donnelly Inc', 'Meezzy', '36987-1437', 40, 90, '2016-09-17 22:45:22', 0, 4, 3),
(204, 'Orn Group', 'Topicstorm', '0121-0595', 61, 262, '2016-06-22 19:24:52', 0, 1, 2),
(205, 'Oberbrunner, Powlowski and Schumm', 'Jaloo', '64725-3925', 48, 422, '2016-08-26 19:27:36', 0, 1, 1),
(206, 'Haag Inc', 'Photofeed', '98132-149', 41, 395, '2016-10-08 05:37:35', 0, 3, 1),
(207, 'Mann and Sons', 'Gigashots', '42549-528', 58, 150, '2017-03-21 21:14:06', 0, 2, 3),
(208, 'Schroeder, Barton and Senger', 'Browsezoom', '0135-0180', 20, 154, '2017-02-12 12:50:04', 0, 2, 3),
(209, 'Wolf, Abbott and Terry', 'Zoomcast', '36987-1148', 51, 21, '2016-05-03 10:42:36', 0, 3, 1),
(210, 'Morar Group', 'Wordtune', '51346-085', 25, 418, '2016-10-13 04:04:51', 0, 2, 1),
(211, 'Keeling LLC', 'Trudeo', '34645-5008', 58, 191, '2016-08-08 09:22:58', 0, 5, 3),
(212, 'Hayes, Gutmann and Okuneva', 'Zoombeat', '48951-4060', 48, 107, '2016-10-05 22:27:46', 0, 2, 1),
(213, 'Cummerata LLC', 'Voomm', '63029-633', 15, 462, '2016-06-26 23:53:50', 0, 3, 1),
(214, 'Balistreri-Marvin', 'Avamm', '0378-5205', 20, 234, '2016-04-27 07:58:33', 0, 4, 1),
(215, 'Boehm-Ernser', 'Jaxbean', '58633-269', 19, 154, '2016-11-12 10:16:25', 0, 3, 2),
(216, 'Towne-Wehner', 'Topicware', '45802-237', 46, 109, '2017-03-03 08:08:40', 0, 4, 2),
(217, 'Grant, Hayes and Rau', 'Bluejam', '52959-076', 20, 220, '2016-10-29 05:28:58', 0, 2, 3),
(218, 'Leannon-Predovic', 'Twitternation', '61722-086', 51, 401, '2016-07-18 17:30:23', 0, 2, 3),
(219, 'Green-Parisian', 'Skiptube', '48951-8143', 17, 32, '2016-04-22 08:48:54', 0, 3, 2),
(220, 'Daugherty, Pacocha and Wisozk', 'Mydo', '21695-555', 73, 202, '2016-11-22 03:22:30', 0, 4, 3),
(221, 'Gerlach LLC', 'Edgetag', '65862-533', 10, 399, '2016-12-04 13:00:58', 0, 4, 2),
(222, 'Watsica-Jerde', 'Skibox', '55154-5381', 38, 375, '2016-06-25 16:38:58', 0, 4, 3),
(223, 'McKenzie LLC', 'Photobug', '31722-331', 30, 266, '2016-08-07 00:48:04', 0, 3, 3),
(224, 'Waelchi, Reilly and Botsford', 'Realcube', '63402-737', 33, 203, '2017-02-27 14:06:14', 0, 3, 1),
(225, 'Bosco, Russel and Abbott', 'Twimbo', '11822-5330', 38, 109, '2016-10-21 03:11:53', 0, 2, 1),
(226, 'Raynor-Ebert', 'Skimia', '43406-0095', 19, 494, '2016-11-09 17:46:58', 0, 5, 1),
(227, 'Hand and Sons', 'Voonder', '54868-5043', 54, 470, '2017-03-10 15:08:55', 0, 4, 3),
(228, 'Monahan Inc', 'Brightbean', '0378-1809', 60, 158, '2017-03-13 03:16:38', 0, 4, 2),
(229, 'Upton-Ullrich', 'Jaloo', '68828-197', 56, 187, '2016-05-17 13:17:43', 0, 4, 2),
(230, 'Jast Inc', 'Voonyx', '63667-976', 64, 301, '2016-12-05 19:45:35', 0, 1, 3),
(231, 'Kutch-Hand', 'Dabshots', '68788-0518', 67, 446, '2016-08-31 12:59:59', 0, 2, 2),
(232, 'Welch and Sons', 'Thoughtbridge', '64720-128', 3, 300, '2016-05-05 00:15:41', 0, 3, 2),
(233, 'Steuber and Sons', 'Skimia', '55319-512', 6, 317, '2017-04-12 07:34:58', 0, 4, 2),
(234, 'Barton, Torphy and Reichert', 'Wordware', '0069-0108', 57, 92, '2016-06-20 21:35:36', 0, 2, 3),
(235, 'Bashirian-Bartoletti', 'Nlounge', '51769-107', 58, 321, '2016-11-21 14:23:08', 0, 1, 1),
(236, 'Effertz and Sons', 'Wordify', '52544-694', 43, 114, '2016-05-06 06:50:29', 0, 4, 1),
(237, 'Kuhlman-Heathcote', 'Talane', '68001-223', 61, 217, '2016-07-24 04:29:54', 0, 1, 2),
(238, 'Hayes, Pollich and Gaylord', 'Skibox', '56152-2003', 22, 170, '2017-03-13 14:16:19', 0, 1, 1),
(239, 'Krajcik, Littel and Cruickshank', 'InnoZ', '75940-127', 20, 72, '2016-05-26 15:56:25', 0, 3, 1),
(240, 'Kunde Inc', 'Oyonder', '55714-4511', 12, 496, '2016-04-22 23:00:24', 0, 1, 2),
(241, 'Green-Kunze', 'Rooxo', '37808-072', 43, 100, '2017-01-25 23:43:05', 0, 1, 2),
(242, 'Kunde-Runolfsdottir', 'Browseblab', '64942-1073', 51, 273, '2016-07-26 13:01:50', 0, 3, 3),
(243, 'Abernathy Group', 'Yacero', '59779-856', 56, 352, '2016-11-11 21:04:45', 0, 5, 1),
(244, 'Hettinger Group', 'Jetpulse', '0220-9062', 73, 287, '2016-05-15 11:19:45', 0, 1, 2),
(245, 'Moore-Maggio', 'Mymm', '49288-0109', 24, 135, '2016-07-17 15:32:11', 0, 2, 1),
(246, 'Lind-Leannon', 'Vinte', '51027-0007', 8, 349, '2016-10-01 05:15:58', 0, 1, 2),
(247, 'Hintz, Botsford and Rath', 'Miboo', '0169-7705', 47, 477, '2017-04-14 04:49:42', 0, 5, 2),
(248, 'Predovic and Sons', 'Jetwire', '63323-402', 36, 440, '2016-10-23 09:46:48', 0, 5, 2),
(249, 'Reynolds, Jerde and Dickinson', 'Vidoo', '0054-8180', 7, 442, '2016-07-10 06:14:15', 0, 1, 3),
(250, 'Block-Veum', 'Flashset', '60429-030', 38, 109, '2016-05-14 21:23:12', 0, 2, 2),
(251, 'Koss Group', 'Reallinks', '51672-1273', 80, 140, '2016-06-04 03:06:33', 0, 5, 3),
(252, 'Kling and Sons', 'Oyoloo', '57664-541', 7, 242, '2017-01-31 09:12:38', 0, 1, 1),
(253, 'Rau and Sons', 'Youopia', '42346-400', 39, 328, '2016-12-28 09:21:12', 0, 1, 2),
(254, 'McCullough-Klocko', 'Blogpad', '10056-535', 17, 237, '2017-02-02 15:59:16', 0, 3, 2),
(255, 'Cole-Zemlak', 'Thoughtbeat', '50063-001', 36, 23, '2016-04-24 18:00:21', 0, 2, 2),
(256, 'Hills-Stracke', 'Quatz', '43742-0097', 18, 221, '2016-12-14 02:08:19', 0, 1, 3),
(257, 'Carter-Runolfsdottir', 'Meejo', '63824-340', 70, 50, '2016-10-19 06:38:00', 0, 5, 3),
(258, 'Hilpert, Brakus and Weimann', 'Lazz', '52959-997', 29, 375, '2016-06-13 06:46:54', 0, 2, 2),
(259, 'Schaden-Hansen', 'Aimbu', '48951-1232', 70, 277, '2016-07-23 23:44:35', 0, 4, 1),
(260, 'Beahan-Kuhic', 'Einti', '50458-840', 27, 154, '2016-08-20 14:51:50', 0, 1, 2),
(261, 'Pfeffer-Kohler', 'Quamba', '55648-102', 56, 328, '2016-11-17 00:23:25', 0, 3, 3),
(262, 'Lemke-Rosenbaum', 'Zoomzone', '0310-0754', 65, 181, '2017-04-01 13:52:14', 0, 1, 3),
(263, 'Turcotte Group', 'Meetz', '57520-0242', 74, 426, '2016-12-24 06:41:31', 0, 3, 3),
(264, 'Spinka-Kunze', 'Zoonoodle', '36987-3073', 51, 105, '2016-10-01 05:44:40', 0, 2, 3),
(265, 'Cruickshank, Schumm and Marvin', 'Vidoo', '55289-142', 11, 436, '2016-08-30 23:46:02', 0, 5, 2),
(266, 'Stanton-Bashirian', 'Gabcube', '57664-154', 74, 157, '2017-03-22 18:59:49', 0, 4, 2),
(267, 'Mills, Ritchie and Feest', 'Realbridge', '51672-2073', 65, 257, '2017-04-16 15:19:22', 0, 5, 1),
(268, 'Beahan-Gerlach', 'Trilia', '55316-054', 67, 201, '2016-07-28 23:14:30', 0, 4, 3),
(269, 'Heaney, Fahey and Ruecker', 'Realpoint', '68645-404', 11, 407, '2017-03-08 06:31:12', 0, 4, 1),
(270, 'Cole, Balistreri and Bauch', 'Ntags', '68828-076', 44, 14, '2016-05-28 23:58:13', 0, 5, 2),
(271, 'Bode, Kertzmann and Kessler', 'Roomm', '50730-3003', 5, 312, '2016-05-15 19:38:36', 0, 3, 2),
(272, 'Wolf-Davis', 'Yata', '57881-336', 76, 295, '2016-10-17 14:59:18', 0, 3, 2),
(273, 'Hudson LLC', 'Blogspan', '55154-6643', 44, 496, '2017-04-09 01:06:30', 0, 4, 1),
(274, 'Feeney LLC', 'Oloo', '49349-184', 3, 287, '2016-05-20 09:16:40', 0, 4, 2),
(275, 'Legros-Kuhn', 'Mita', '49614-332', 71, 258, '2017-03-09 05:29:33', 0, 4, 1),
(276, 'Mante, Cummerata and Hoppe', 'Vipe', '58809-725', 54, 372, '2016-08-16 04:42:16', 0, 1, 2),
(277, 'Kuphal-Schinner', 'Flipstorm', '36987-2837', 6, 457, '2017-02-02 08:43:10', 0, 4, 3),
(278, 'Turner, Batz and Prosacco', 'Plambee', '52124-0102', 54, 89, '2016-07-24 22:38:17', 0, 1, 2),
(279, 'Langworth, Reynolds and Kuhic', 'Edgewire', '57520-0148', 20, 291, '2016-08-04 00:49:05', 0, 3, 3),
(280, 'Bailey Group', 'Devcast', '37205-762', 14, 274, '2017-03-04 20:35:55', 0, 5, 3),
(281, 'Schroeder and Sons', 'Podcat', '37000-300', 45, 215, '2016-05-06 23:07:05', 0, 3, 3),
(282, 'Kunze-Dibbert', 'Babbleset', '35356-906', 33, 51, '2016-09-28 08:30:35', 0, 5, 1),
(283, 'Schroeder-Weissnat', 'DabZ', '49288-0317', 22, 112, '2016-09-23 22:12:42', 0, 4, 1),
(284, 'Welch-Rowe', 'Katz', '63323-287', 3, 26, '2016-10-02 01:41:10', 0, 1, 3),
(285, 'Schuppe Inc', 'Eamia', '52125-019', 62, 410, '2017-01-14 17:48:03', 0, 2, 2),
(286, 'McClure-Conn', 'Zoomlounge', '15127-288', 16, 461, '2017-03-11 09:37:49', 0, 4, 2),
(287, 'Wintheiser-Botsford', 'Avamba', '66336-533', 13, 309, '2016-09-29 09:20:22', 0, 2, 2),
(288, 'McGlynn Inc', 'Zoonder', '68788-9742', 35, 210, '2016-05-02 14:29:53', 0, 4, 3),
(289, 'Cartwright-Jacobson', 'Brainbox', '59262-353', 53, 394, '2017-01-03 05:21:05', 0, 4, 2),
(290, 'Rosenbaum Inc', 'Thoughtbeat', '68703-067', 30, 238, '2016-05-07 20:25:11', 0, 1, 3),
(291, 'Eichmann, Marvin and Considine', 'Linklinks', '36987-2824', 12, 346, '2016-10-31 21:15:34', 0, 5, 1),
(292, 'Braun and Sons', 'Wikibox', '57664-113', 38, 458, '2016-12-29 23:13:33', 0, 3, 1),
(293, 'Hauck-Howe', 'Topicblab', '0172-3758', 52, 118, '2017-03-09 09:30:34', 0, 4, 3),
(294, 'Fay and Sons', 'Flashset', '57955-1070', 15, 387, '2017-03-30 10:44:26', 0, 3, 2),
(295, 'Gorczany Group', 'Devpoint', '49288-0739', 37, 186, '2016-10-05 04:36:10', 0, 2, 3),
(296, 'Larkin-DuBuque', 'Yakijo', '68016-104', 80, 340, '2016-11-09 16:28:50', 0, 1, 1),
(297, 'Rath, Ritchie and Hamill', 'Layo', '52605-117', 36, 454, '2016-12-30 18:13:47', 0, 2, 2),
(298, 'Lind-Klocko', 'Photobug', '68788-9098', 21, 71, '2016-10-10 07:52:48', 0, 2, 2),
(299, 'Vandervort, Jacobson and Wilkinson', 'Dablist', '0041-0345', 28, 96, '2016-07-11 11:58:30', 0, 3, 2),
(300, 'Stiedemann Group', 'Twitterwire', '68306-114', 6, 153, '2016-12-20 17:32:24', 0, 3, 2),
(301, 'McLaughlin, Casper and Wunsch', 'Feedfish', '51991-818', 39, 453, '2016-06-17 03:47:25', 0, 4, 2),
(302, 'Ullrich-Durgan', 'Tagchat', '0462-0390', 14, 53, '2016-10-21 06:28:38', 0, 1, 3),
(303, 'Ruecker Inc', 'Gabtune', '0185-0211', 60, 399, '2017-03-09 07:02:31', 0, 5, 2),
(304, 'Bergnaum LLC', 'Gabvine', '21130-312', 55, 181, '2016-10-27 19:58:41', 0, 4, 1),
(305, 'Bailey-Koss', 'Youopia', '55154-2393', 20, 58, '2017-01-26 10:55:26', 0, 4, 1),
(306, 'Hettinger Inc', 'Realfire', '52533-006', 47, 419, '2017-03-11 07:04:29', 0, 4, 3),
(307, 'Halvorson and Sons', 'Nlounge', '51870-001', 15, 288, '2016-12-18 12:15:22', 0, 5, 2),
(308, 'Stoltenberg Inc', 'Yodoo', '54868-5755', 11, 118, '2016-11-30 00:20:56', 0, 5, 2),
(309, 'Kuhic Inc', 'Meezzy', '37000-680', 64, 419, '2016-09-24 15:54:53', 0, 3, 2),
(310, 'Christiansen, Auer and Kreiger', 'Flashdog', '68084-527', 24, 441, '2016-07-28 00:08:48', 0, 1, 3),
(311, 'Hartmann, Koepp and Nader', 'Pixonyx', '68788-9439', 45, 36, '2016-07-31 05:06:03', 0, 4, 3),
(312, 'Waelchi-Kub', 'Youspan', '61442-174', 52, 301, '2017-02-12 03:01:39', 0, 5, 3),
(313, 'Von, Nolan and Kuhn', 'Flipopia', '63739-128', 51, 345, '2017-03-26 21:32:13', 0, 5, 3),
(314, 'Waelchi and Sons', 'Leexo', '51621-044', 51, 82, '2016-05-19 13:08:04', 0, 1, 1),
(315, 'Corwin and Sons', 'Realblab', '0615-1569', 40, 80, '2016-12-23 03:53:08', 0, 4, 3),
(316, 'Brakus, Christiansen and Hills', 'Flashset', '30142-199', 63, 297, '2017-02-04 20:33:48', 0, 4, 3),
(317, 'Daugherty-Kilback', 'Twiyo', '42507-296', 48, 109, '2017-03-11 22:57:37', 0, 4, 3),
(318, 'White LLC', 'Livefish', '45802-094', 49, 204, '2017-03-14 22:50:33', 0, 2, 3),
(319, 'Jacobs Inc', 'Digitube', '65588-2230', 76, 53, '2016-04-24 17:36:11', 0, 5, 2),
(320, 'Wilderman LLC', 'Riffwire', '21130-620', 46, 251, '2017-04-09 15:16:22', 0, 3, 2),
(321, 'Prosacco-Reichel', 'Photobug', '75936-113', 78, 221, '2017-02-02 10:04:22', 0, 5, 2),
(322, 'Kulas-Hagenes', 'Devify', '68988-120', 13, 130, '2016-06-24 09:14:35', 0, 5, 2),
(323, 'Breitenberg-Nader', 'Dazzlesphere', '43598-322', 69, 13, '2017-01-31 23:28:43', 0, 5, 1),
(324, 'Bartoletti-Hartmann', 'Vinte', '68788-9783', 45, 389, '2016-10-05 07:24:12', 0, 2, 1),
(325, 'Collier LLC', 'Skinix', '53208-001', 20, 78, '2016-10-11 16:08:57', 0, 3, 3),
(326, 'Labadie, Klein and Harvey', 'Tekfly', '43128-001', 5, 474, '2017-03-21 12:49:16', 0, 4, 1),
(327, 'Hane-Runolfsdottir', 'Vitz', '33261-674', 22, 28, '2017-01-16 08:23:58', 0, 5, 3),
(328, 'Von-Mills', 'Bluezoom', '0603-3741', 38, 256, '2016-07-15 16:08:21', 0, 4, 1),
(329, 'Green-Cormier', 'Roodel', '49349-683', 27, 261, '2016-11-15 10:04:00', 0, 1, 3),
(330, 'Durgan and Sons', 'Quimm', '24451-002', 45, 30, '2017-02-27 02:42:50', 0, 4, 3),
(331, 'Jerde LLC', 'Eire', '54868-6156', 47, 498, '2016-11-06 16:49:59', 0, 4, 3),
(332, 'Casper, O''Kon and Wehner', 'Riffpedia', '0264-3173', 64, 24, '2016-06-23 05:56:19', 0, 4, 1),
(333, 'Senger LLC', 'Oyonder', '68134-363', 39, 471, '2016-12-28 20:47:56', 0, 5, 1),
(334, 'Block, Gislason and Gerhold', 'Chatterbridge', '0363-0446', 59, 344, '2016-10-26 08:25:24', 0, 2, 2),
(335, 'Schuppe Group', 'Wikizz', '76328-222', 24, 146, '2016-11-05 10:36:53', 0, 1, 2),
(336, 'Pfannerstill and Sons', 'Jabbertype', '42254-004', 15, 49, '2016-12-06 02:04:36', 0, 1, 2),
(337, 'Kshlerin, Larson and Crona', 'Centizu', '58980-790', 34, 95, '2016-08-13 03:40:01', 0, 1, 2),
(338, 'Wilderman-Keeling', 'Npath', '0591-3973', 39, 344, '2017-04-06 07:27:42', 0, 4, 1),
(339, 'Barrows-Carter', 'Oyope', '12546-191', 5, 354, '2017-01-31 23:33:12', 0, 2, 2),
(340, 'Lakin, Beier and Fritsch', 'Flashdog', '0378-0055', 38, 290, '2017-03-23 07:16:05', 0, 4, 1),
(341, 'Kirlin-Lockman', 'Buzzster', '36987-3049', 36, 92, '2016-06-11 04:59:34', 0, 3, 2),
(342, 'Homenick-Murray', 'Muxo', '51991-192', 22, 140, '2017-03-22 16:20:17', 0, 4, 3),
(343, 'Hudson-Russel', 'Voomm', '53499-5271', 39, 434, '2016-07-25 13:05:13', 0, 5, 3),
(344, 'Dibbert-Heller', 'Yombu', '53808-0754', 71, 276, '2016-07-16 14:18:33', 0, 3, 1),
(345, 'McKenzie, Dickinson and Schroeder', 'Shufflester', '0093-2064', 19, 338, '2017-03-31 23:31:14', 0, 5, 3),
(346, 'Pfeffer, Sauer and O''Hara', 'Livefish', '59779-511', 79, 172, '2017-01-25 19:22:49', 0, 3, 2),
(347, 'Lockman-Feeney', 'Demivee', '63187-122', 32, 346, '2016-09-19 14:56:29', 0, 1, 3),
(348, 'Schuppe LLC', 'Trilith', '0078-0633', 5, 485, '2016-07-14 12:18:44', 0, 4, 2),
(349, 'Pfannerstill-Quitzon', 'Topiczoom', '46987-377', 6, 410, '2016-10-04 00:30:29', 0, 1, 3),
(350, 'Oberbrunner, Murphy and Crona', 'Camimbo', '36987-2589', 19, 487, '2017-04-13 21:49:01', 0, 2, 1),
(351, 'Hilll, Lubowitz and Murphy', 'Skibox', '55154-2888', 61, 74, '2016-07-07 12:57:19', 0, 5, 3),
(352, 'Turner, Wolf and Stiedemann', 'Camido', '67296-0672', 43, 52, '2016-09-21 06:50:57', 0, 3, 2),
(353, 'Hammes Inc', 'Meevee', '57520-0084', 43, 279, '2016-10-09 19:49:49', 0, 3, 3),
(354, 'Kilback, Klocko and Koss', 'Bluezoom', '64141-112', 75, 331, '2017-02-01 09:30:20', 0, 2, 3),
(355, 'Torp LLC', 'Mycat', '63459-542', 31, 250, '2017-03-29 17:08:31', 0, 4, 3),
(356, 'Leuschke, Jenkins and Hintz', 'Twinder', '0093-8232', 17, 323, '2017-01-12 14:54:52', 0, 3, 3),
(357, 'Metz Group', 'Kazu', '0378-1903', 56, 251, '2016-10-29 09:44:07', 0, 1, 1),
(358, 'Kulas Inc', 'Yamia', '59779-208', 79, 357, '2016-10-09 14:28:42', 0, 1, 2),
(359, 'Bergstrom-Christiansen', 'Skivee', '67296-0041', 32, 383, '2016-06-23 05:51:01', 0, 2, 1),
(360, 'Ankunding Group', 'Zava', '43734-001', 12, 122, '2016-08-11 07:05:06', 0, 3, 3),
(361, 'Gutmann, Lesch and Hyatt', 'Roodel', '58268-013', 14, 385, '2017-04-14 04:49:08', 0, 5, 2),
(362, 'Rippin-Jaskolski', 'Yotz', '0409-7333', 59, 356, '2016-08-16 12:18:13', 0, 4, 2),
(363, 'Luettgen, Hagenes and Hane', 'Linktype', '10191-1252', 47, 481, '2016-11-11 15:04:49', 0, 3, 3),
(364, 'Herman, Morissette and Dietrich', 'Avavee', '67405-550', 55, 22, '2016-09-16 08:35:43', 0, 3, 2),
(365, 'Senger, Satterfield and Bergnaum', 'Meetz', '76388-635', 4, 200, '2016-11-17 13:02:32', 0, 5, 2),
(366, 'Thiel, Hayes and Zboncak', 'Trilith', '43063-184', 53, 393, '2017-02-17 05:29:50', 0, 3, 2),
(367, 'Reynolds Inc', 'Gabcube', '15751-2222', 58, 302, '2017-03-21 18:01:07', 0, 5, 1),
(368, 'Berge, Sawayn and Hand', 'Meeveo', '65133-120', 40, 117, '2016-05-22 10:11:09', 0, 2, 2),
(369, 'Terry, Wuckert and Wiza', 'Cogidoo', '0023-0313', 24, 445, '2017-02-20 22:24:30', 0, 5, 1),
(370, 'Nicolas and Sons', 'Katz', '14783-039', 2, 206, '2016-06-12 16:58:14', 0, 3, 3),
(371, 'Gislason LLC', 'Topicstorm', '65342-2101', 8, 64, '2017-01-28 11:32:34', 0, 4, 2),
(372, 'Predovic, Watsica and Goldner', 'Dablist', '64760-006', 80, 135, '2016-11-07 00:30:32', 0, 1, 1),
(373, 'Kessler, Cummerata and Brekke', 'Layo', '16714-375', 44, 8, '2017-03-27 03:14:52', 0, 2, 1),
(374, 'Larson Inc', 'Realbridge', '52755-200', 16, 48, '2016-06-09 05:22:13', 0, 2, 2),
(375, 'Swift-Weber', 'Browsetype', '36800-244', 59, 196, '2017-02-08 07:37:39', 0, 2, 2),
(376, 'Stoltenberg, Gusikowski and Barton', 'Wikivu', '50111-787', 15, 188, '2017-03-08 18:05:48', 0, 5, 1),
(377, 'Padberg Inc', 'Skibox', '41163-422', 7, 25, '2016-08-18 09:00:52', 0, 5, 2),
(378, 'Rice, Gislason and Schamberger', 'Skyndu', '0135-0574', 72, 271, '2017-04-12 05:12:00', 0, 3, 2),
(379, 'Padberg LLC', 'Kwinu', '57520-0452', 44, 123, '2016-10-18 22:59:43', 0, 4, 3),
(380, 'Durgan-Lueilwitz', 'Realblab', '50580-184', 14, 432, '2016-08-30 08:04:59', 0, 2, 1),
(381, 'Gusikowski Inc', 'Abata', '51079-923', 26, 337, '2016-09-15 14:45:51', 0, 1, 3),
(382, 'Rogahn LLC', 'Tekfly', '54569-2968', 2, 452, '2016-07-07 10:18:03', 0, 4, 1),
(383, 'Swift-Bergstrom', 'Kwilith', '55316-469', 28, 352, '2016-08-02 21:03:48', 0, 2, 3),
(384, 'Mosciski, Ferry and Sawayn', 'Jaxbean', '36987-2477', 47, 185, '2017-02-16 08:19:59', 0, 2, 1),
(385, 'Volkman, Tremblay and Rosenbaum', 'Ailane', '46122-198', 37, 262, '2016-06-09 05:53:44', 0, 4, 3),
(386, 'Emard, Hackett and Witting', 'Zoombeat', '10544-541', 6, 411, '2016-08-07 09:53:31', 0, 1, 1),
(387, 'Zulauf-Huel', 'Demizz', '0409-4057', 21, 467, '2016-12-09 08:49:31', 0, 3, 2),
(388, 'Corwin, Hand and Rosenbaum', 'Edgewire', '50865-640', 67, 136, '2016-11-07 06:43:00', 0, 5, 3),
(389, 'Legros LLC', 'Tagchat', '55316-977', 22, 469, '2016-11-09 16:30:56', 0, 4, 1),
(390, 'Sawayn-Veum', 'Twinte', '49158-500', 78, 334, '2016-11-25 18:54:52', 0, 5, 1),
(391, 'Russel Group', 'Babbleset', '69216-001', 75, 497, '2016-08-28 12:32:09', 0, 3, 2),
(392, 'Metz-Muller', 'Ooba', '68387-559', 17, 475, '2016-09-25 22:39:43', 0, 1, 1),
(393, 'Greenholt-Larson', 'Brainbox', '39892-0804', 80, 331, '2017-03-28 21:43:27', 0, 1, 1),
(394, 'Yundt, Lemke and Fadel', 'Skyvu', '0573-2869', 16, 387, '2016-04-21 08:34:22', 0, 3, 1),
(395, 'Stokes, Crona and Hackett', 'Twitterwire', '76237-290', 37, 429, '2016-05-12 18:04:26', 0, 2, 2),
(396, 'Monahan, Ortiz and Rosenbaum', 'Dynabox', '68084-149', 50, 194, '2017-03-05 01:31:37', 0, 3, 2),
(397, 'Emmerich and Sons', 'Voomm', '17156-616', 75, 164, '2016-09-20 05:37:25', 0, 2, 1),
(398, 'Walsh-Gutmann', 'Twitternation', '60505-6026', 53, 200, '2017-03-03 22:43:23', 0, 2, 1),
(399, 'Tremblay LLC', 'Edgeclub', '0363-0730', 4, 229, '2017-03-19 08:20:10', 0, 3, 2),
(400, 'Corkery-Upton', 'Gabvine', '36987-1314', 73, 462, '2016-10-12 09:44:26', 0, 4, 1),
(401, 'Jaskolski-Keeling', 'Innojam', '58118-1025', 5, 102, '2016-09-04 02:05:13', 0, 4, 3),
(402, 'Ortiz-Cole', 'Jabberstorm', '48951-4019', 36, 95, '2017-02-28 02:21:05', 0, 2, 3),
(403, 'Halvorson-McDermott', 'Tazz', '0069-4396', 48, 35, '2017-03-28 22:42:28', 0, 3, 3),
(404, 'Altenwerth-Tillman', 'Tagtune', '59779-186', 4, 499, '2016-11-02 21:40:43', 0, 5, 2),
(405, 'Stanton and Sons', 'Meejo', '67457-395', 44, 477, '2016-07-01 00:10:28', 0, 1, 2),
(406, 'Hickle Inc', 'Yodo', '52584-474', 63, 171, '2016-06-12 13:12:03', 0, 1, 3),
(407, 'Daugherty, Morissette and Bartoletti', 'Babblestorm', '54296-3001', 5, 366, '2016-06-09 11:28:28', 0, 5, 1),
(408, 'Quitzon, Purdy and Schiller', 'Flashspan', '66116-439', 3, 485, '2016-10-21 01:47:50', 0, 4, 3),
(409, 'Wuckert, Feest and Bartell', 'Babblestorm', '37000-362', 40, 225, '2017-03-09 02:46:43', 0, 4, 3),
(410, 'Kub LLC', 'Shuffledrive', '55289-117', 31, 240, '2016-09-27 22:12:29', 0, 3, 1),
(411, 'Marquardt-Senger', 'Youspan', '54868-0159', 36, 257, '2017-01-31 03:01:31', 0, 2, 1),
(412, 'Towne Inc', 'Edgetag', '65616-001', 2, 482, '2017-03-13 07:15:31', 0, 4, 1),
(413, 'Gaylord-Jones', 'Brainverse', '61957-1121', 28, 127, '2016-10-04 13:26:11', 0, 1, 1),
(414, 'Anderson-Rau', 'Wikibox', '55312-822', 21, 235, '2016-09-11 11:21:17', 0, 5, 1),
(415, 'Bartoletti, Blanda and Corkery', 'Blognation', '10267-0617', 64, 364, '2017-03-22 18:48:10', 0, 3, 1),
(416, 'Paucek, Brakus and Goodwin', 'Ntag', '11673-321', 53, 494, '2016-06-05 00:35:52', 0, 2, 1),
(417, 'Bergnaum, Wilkinson and Murazik', 'Realbridge', '0703-4116', 66, 20, '2016-09-11 11:28:42', 0, 1, 1),
(418, 'White, Gleason and Pfeffer', 'Trudoo', '68788-9826', 11, 169, '2016-07-26 22:20:47', 0, 2, 2),
(419, 'Buckridge, Wilkinson and Hamill', 'Vitz', '0781-3187', 26, 125, '2016-11-04 04:29:47', 0, 4, 3),
(420, 'Pfannerstill Group', 'Livefish', '60429-067', 3, 487, '2016-09-21 08:05:07', 0, 2, 3),
(421, 'Kessler Group', 'Aivee', '33261-364', 40, 352, '2016-06-13 13:41:22', 0, 4, 3),
(422, 'Green, Balistreri and Pfannerstill', 'Divavu', '49483-003', 24, 284, '2016-10-27 16:59:35', 0, 4, 1),
(423, 'Orn Group', 'Yambee', '64376-811', 56, 180, '2016-08-20 16:54:10', 0, 4, 2),
(424, 'Heaney, Wehner and Weimann', 'Rhynyx', '13668-120', 34, 490, '2017-04-08 04:19:08', 0, 4, 1),
(425, 'Halvorson Group', 'Topicware', '63824-740', 28, 160, '2017-02-28 21:23:49', 0, 2, 2),
(426, 'Schmitt-MacGyver', 'Wordtune', '52125-411', 45, 202, '2016-11-10 10:58:55', 0, 5, 1),
(427, 'Watsica-Hills', 'Latz', '56062-368', 18, 318, '2016-08-12 20:39:48', 0, 4, 3),
(428, 'Robel and Sons', 'Zoovu', '76174-130', 39, 468, '2017-01-02 17:24:39', 0, 3, 1),
(429, 'Davis-Toy', 'Zoozzy', '57955-1830', 25, 497, '2016-12-27 20:33:33', 0, 2, 1),
(430, 'Leuschke Group', 'Plambee', '41268-310', 62, 460, '2016-06-18 03:00:38', 0, 3, 1),
(431, 'Walker Inc', 'Meejo', '69103-3500', 48, 39, '2016-06-29 00:09:15', 0, 5, 2),
(432, 'Hayes, Bayer and Howe', 'Topicstorm', '68391-490', 57, 226, '2016-04-22 07:09:00', 0, 2, 2),
(433, 'Leffler-Turner', 'Skalith', '62011-0090', 21, 422, '2016-05-18 15:39:02', 0, 2, 1),
(434, 'Murphy Group', 'Browsecat', '33261-215', 52, 40, '2017-04-15 15:07:47', 0, 5, 3),
(435, 'Kulas, Abbott and Hane', 'BlogXS', '10702-008', 26, 209, '2017-01-18 00:29:07', 0, 4, 3),
(436, 'Anderson-Moore', 'Babbleopia', '0781-9304', 25, 391, '2016-07-22 17:04:21', 0, 1, 3),
(437, 'Ullrich-Hermann', 'Rhynoodle', '59194-002', 23, 122, '2016-08-28 21:26:56', 0, 5, 2),
(438, 'Kozey and Sons', 'Chatterpoint', '0781-5608', 31, 180, '2017-02-16 12:05:46', 0, 1, 2),
(439, 'Jacobi, Klocko and Huels', 'Zoomcast', '62018-001', 5, 171, '2017-04-12 15:13:35', 0, 1, 3),
(440, 'Padberg-Ebert', 'Aivee', '52125-579', 71, 238, '2016-08-28 19:06:14', 0, 5, 3),
(441, 'Halvorson-Schroeder', 'Youfeed', '51079-942', 30, 260, '2017-04-10 14:34:13', 0, 1, 3),
(442, 'Steuber-Collins', 'Yabox', '60760-292', 11, 15, '2016-07-22 00:22:47', 0, 2, 2),
(443, 'Hahn LLC', 'Pixope', '68645-160', 80, 10, '2016-12-13 18:22:33', 0, 3, 3),
(444, 'Herzog and Sons', 'Omba', '55289-337', 4, 446, '2016-10-21 00:20:51', 0, 3, 2),
(445, 'Rau-O''Keefe', 'Linkbridge', '42043-143', 66, 207, '2016-09-10 17:40:50', 0, 4, 1),
(446, 'Wisoky, Mosciski and Jast', 'Podcat', '49349-291', 80, 319, '2016-12-16 00:49:46', 0, 1, 3),
(447, 'Kuhn LLC', 'Realcube', '0228-2896', 33, 291, '2017-02-26 19:08:16', 0, 2, 3),
(448, 'Beatty and Sons', 'Oyonder', '58381-001', 23, 477, '2016-06-24 23:41:06', 0, 4, 2),
(449, 'Bednar-Wunsch', 'Livefish', '0409-7998', 18, 312, '2016-05-05 21:50:24', 0, 3, 2),
(450, 'Yost-Ondricka', 'Plajo', '59011-454', 33, 264, '2016-05-13 17:57:48', 0, 2, 1),
(451, 'Wilderman, Greenfelder and Effertz', 'Yambee', '0472-0013', 60, 60, '2017-03-10 23:12:23', 0, 1, 3),
(452, 'Kshlerin, Kuphal and Johnson', 'LiveZ', '64117-275', 24, 232, '2016-12-23 06:36:04', 0, 5, 3),
(453, 'Fadel, Ratke and Williamson', 'Cogilith', '63121-123', 42, 348, '2016-12-20 23:36:37', 0, 1, 1),
(454, 'Hodkiewicz LLC', 'Feedspan', '52125-400', 5, 145, '2016-06-05 22:15:02', 0, 4, 3),
(455, 'Schuppe and Sons', 'Jabbercube', '55289-502', 10, 10, '2016-05-29 08:06:07', 0, 5, 2),
(456, 'Sawayn Group', 'Yodel', '54575-163', 3, 10, '2017-03-24 07:31:19', 0, 2, 1),
(457, 'Padberg, Schiller and Bogisich', 'Edgeclub', '75984-001', 32, 363, '2017-03-10 05:21:34', 0, 1, 3),
(458, 'Bruen Inc', 'Kare', '33992-0003', 13, 285, '2017-01-11 06:08:13', 0, 4, 1),
(459, 'Kutch, Morar and Schamberger', 'Edgetag', '64942-1253', 7, 114, '2016-08-21 03:30:06', 0, 5, 1),
(460, 'Gleason LLC', 'Vipe', '65862-062', 47, 193, '2017-03-08 15:55:39', 0, 2, 2),
(461, 'Leannon and Sons', 'Flashset', '51628-3232', 19, 276, '2016-07-10 07:20:44', 0, 4, 1),
(462, 'Rogahn-Greenholt', 'Tazz', '66116-432', 12, 149, '2016-09-15 19:52:21', 0, 5, 3),
(463, 'Thiel-Murazik', 'Meemm', '0641-6048', 60, 440, '2017-02-19 23:40:56', 0, 1, 2),
(464, 'Bode and Sons', 'Twitterworks', '10812-259', 13, 417, '2016-10-06 19:29:10', 0, 4, 2),
(465, 'Heller Inc', 'Yodo', '37205-970', 47, 237, '2016-05-27 01:38:09', 0, 1, 2),
(466, 'Hoeger and Sons', 'Zoovu', '49999-133', 5, 403, '2016-10-22 06:17:59', 0, 1, 3),
(467, 'Moen-Wuckert', 'Omba', '99207-130', 14, 295, '2016-07-16 05:54:48', 0, 3, 1),
(468, 'Luettgen Inc', 'Brightdog', '51442-543', 2, 383, '2016-08-06 14:16:08', 0, 5, 3),
(469, 'Willms, Wehner and Balistreri', 'Demivee', '17856-0079', 39, 445, '2016-09-08 18:53:55', 0, 1, 1),
(470, 'Gerhold-Ondricka', 'Zoozzy', '32909-115', 68, 341, '2016-07-23 12:37:16', 0, 3, 1),
(471, 'Spencer-Ferry', 'Zoombeat', '41190-153', 45, 140, '2016-05-23 20:38:54', 0, 5, 3),
(472, 'Medhurst-Powlowski', 'Centizu', '0096-0738', 32, 188, '2017-02-09 02:59:33', 0, 3, 2),
(473, 'Collier Inc', 'Thoughtblab', '42291-239', 28, 371, '2017-03-10 07:29:02', 0, 2, 3),
(474, 'Greenholt, Wyman and Stroman', 'Realpoint', '43269-772', 24, 84, '2016-06-15 09:49:32', 0, 4, 2),
(475, 'Frami, Rolfson and Beier', 'Twitterbeat', '17630-2025', 31, 233, '2016-12-30 15:12:20', 0, 2, 2),
(476, 'Weissnat Inc', 'Gigabox', '0591-0395', 61, 203, '2017-03-16 02:36:57', 0, 1, 2),
(477, 'Feest and Sons', 'Devify', '43749-310', 32, 30, '2017-02-23 10:30:47', 0, 5, 1),
(478, 'Krajcik LLC', 'Eimbee', '0924-0074', 28, 422, '2017-01-15 05:48:58', 0, 2, 3),
(479, 'Ortiz-Lakin', 'Jabbersphere', '0113-0288', 7, 241, '2017-01-15 16:56:38', 0, 2, 1),
(480, 'Johnston Group', 'Wikido', '0056-0173', 79, 437, '2016-05-15 21:41:14', 0, 2, 3),
(481, 'Corkery Inc', 'Realbuzz', '57367-007', 52, 453, '2017-04-14 22:24:10', 0, 4, 3),
(482, 'Grimes LLC', 'Skinix', '52125-180', 41, 120, '2016-12-24 04:08:54', 0, 5, 2),
(483, 'Kris Inc', 'Zooveo', '65162-555', 63, 438, '2016-07-16 00:15:22', 0, 1, 1),
(484, 'McLaughlin, Kohler and Rodriguez', 'Oodoo', '64159-6972', 64, 113, '2016-05-07 11:47:47', 0, 2, 3),
(485, 'Greenholt-Kemmer', 'Yadel', '0187-3554', 15, 9, '2016-12-29 15:23:08', 0, 4, 3),
(486, 'Leannon, Price and Stehr', 'Yodo', '63629-4298', 9, 439, '2016-05-28 13:10:43', 0, 1, 1),
(487, 'Hirthe-Heidenreich', 'Jaloo', '55289-944', 53, 313, '2016-10-12 12:54:09', 0, 4, 2),
(488, 'Farrell-Hayes', 'Skilith', '0904-6234', 10, 405, '2016-09-02 16:38:21', 0, 4, 3),
(489, 'Wolff Inc', 'Oyonder', '52862-017', 11, 150, '2017-01-12 22:47:57', 0, 3, 3),
(490, 'Hintz-Johns', 'Skyvu', '46994-897', 39, 464, '2016-05-18 02:06:44', 0, 5, 2),
(491, 'Schroeder, Hintz and O''Hara', 'Layo', '0409-7715', 2, 391, '2016-07-31 09:48:45', 0, 5, 2),
(492, 'Emard Group', 'Oozz', '36987-1786', 64, 398, '2016-07-15 07:19:39', 0, 3, 2),
(493, 'Gutmann LLC', 'Muxo', '0944-2921', 12, 90, '2016-09-04 09:48:01', 0, 2, 1),
(494, 'Bahringer LLC', 'Trilith', '76328-222', 20, 250, '2016-08-24 23:36:28', 0, 5, 1),
(495, 'Kertzmann-Waters', 'Agimba', '68788-9698', 71, 375, '2017-01-20 19:23:08', 0, 5, 1),
(496, 'Lubowitz, Kuhlman and Lubowitz', 'Talane', '67296-0649', 70, 156, '2016-06-06 15:45:53', 0, 2, 3),
(497, 'Barton Inc', 'Yadel', '63629-4372', 63, 58, '2016-06-06 08:08:55', 0, 4, 1),
(498, 'Towne-Vandervort', 'Gigaclub', '52125-260', 70, 65, '2017-01-05 07:56:55', 0, 2, 1),
(499, 'Mayert, Collins and Lubowitz', 'Skiba', '0268-6627', 39, 30, '2016-08-30 19:49:41', 0, 2, 1),
(500, 'Kautzer-Mueller', 'Yadel', '58930-022', 39, 201, '2016-07-26 17:22:03', 0, 3, 2);

-- --------------------------------------------------------

--
-- Table structure for table `item_category`
--

CREATE TABLE `item_category` (
  `id` int(11) NOT NULL,
  `category` varchar(255) NOT NULL,
  `sellable` int(2) NOT NULL,
  `status` int(2) NOT NULL DEFAULT '0'
) ENGINE=InnoDB DEFAULT CHARSET=latin1;

--
-- Dumping data for table `item_category`
--

INSERT INTO `item_category` (`id`, `category`, `sellable`, `status`) VALUES
(1, 'Food', 0, 0),
(2, 'Drink', 0, 0),
(3, 'Supplement', 0, 0),
(4, 'Furniture', 0, 0),
(5, 'Equipment', 1, 0);

-- --------------------------------------------------------

--
-- Table structure for table `item_payment_in`
--

CREATE TABLE `item_payment_in` (
  `id` int(11) NOT NULL,
  `cost_price` double NOT NULL,
  `quantity` int(11) NOT NULL,
  `payment_date` timestamp NOT NULL DEFAULT CURRENT_TIMESTAMP,
  `payment_amount` double NOT NULL,
  `product_id` int(11) NOT NULL
) ENGINE=InnoDB DEFAULT CHARSET=latin1;

--
-- Dumping data for table `item_payment_in`
--

INSERT INTO `item_payment_in` (`id`, `cost_price`, `quantity`, `payment_date`, `payment_amount`, `product_id`) VALUES
(101, 67, 8, '2016-11-09 02:00:44', 128, 80),
(102, 117, 22, '2016-12-11 02:18:00', 244, 136),
(103, 107, 24, '2017-02-07 14:42:36', 58, 242),
(104, 69, 24, '2017-01-02 13:51:21', 446, 130),
(105, 97, 11, '2016-06-19 02:18:28', 269, 34),
(106, 78, 4, '2017-02-19 14:17:51', 343, 214),
(107, 117, 22, '2017-04-13 17:46:23', 366, 186),
(108, 197, 1, '2016-09-29 00:22:05', 244, 229),
(109, 129, 29, '2016-07-24 06:51:14', 261, 342),
(110, 108, 15, '2017-02-10 03:06:40', 174, 265),
(111, 139, 25, '2017-03-25 10:19:51', 242, 93),
(112, 184, 16, '2017-01-09 10:37:10', 358, 76),
(113, 198, 20, '2016-10-21 05:37:01', 364, 22),
(114, 148, 5, '2017-03-01 17:38:48', 57, 270),
(115, 154, 25, '2017-03-15 06:45:39', 433, 34),
(116, 136, 22, '2016-09-05 00:24:24', 469, 296),
(117, 199, 10, '2017-03-04 02:08:16', 115, 259),
(118, 64, 10, '2016-07-13 00:02:24', 409, 295),
(119, 17, 6, '2016-11-11 19:41:20', 236, 126),
(120, 110, 20, '2016-10-26 17:43:19', 499, 74),
(121, 51, 5, '2016-10-23 16:16:20', 394, 13),
(122, 58, 4, '2016-07-15 12:41:51', 412, 237),
(123, 80, 2, '2017-02-10 11:19:13', 426, 195),
(127, 163, 21, '2016-07-17 02:38:20', 495, 234),
(128, 92, 29, '2016-05-18 20:08:48', 470, 262),
(129, 118, 21, '2016-07-26 04:47:29', 235, 314),
(130, 16, 7, '2016-10-05 08:38:08', 359, 275),
(131, 138, 17, '2016-04-30 06:43:50', 400, 259),
(132, 6, 15, '2016-09-29 04:38:35', 109, 220),
(133, 4, 27, '2016-08-28 03:55:44', 163, 373),
(134, 24, 5, '2016-05-24 11:17:00', 355, 271),
(135, 48, 10, '2016-11-26 14:05:18', 492, 238),
(136, 114, 20, '2016-11-21 10:42:04', 114, 376),
(137, 191, 6, '2017-03-05 19:30:13', 484, 161),
(138, 156, 1, '2017-02-11 18:26:59', 439, 224),
(139, 80, 5, '2016-05-02 17:32:18', 209, 98),
(140, 52, 24, '2016-12-11 03:00:17', 465, 24),
(141, 74, 21, '2016-08-04 13:26:38', 94, 73),
(142, 85, 17, '2016-06-30 11:36:34', 192, 85),
(143, 111, 17, '2016-07-30 23:45:23', 79, 207),
(144, 141, 13, '2017-01-10 14:10:56', 461, 226),
(145, 101, 2, '2016-12-01 08:09:30', 84, 360),
(146, 47, 12, '2017-01-07 01:34:26', 363, 333),
(147, 5, 23, '2017-01-27 01:06:49', 105, 12),
(148, 128, 6, '2016-09-12 17:48:57', 279, 183),
(149, 196, 27, '2016-09-27 08:40:52', 493, 209),
(150, 189, 20, '2016-11-27 19:11:10', 95, 290),
(151, 90, 27, '2017-01-25 11:15:44', 170, 117),
(152, 121, 21, '2017-02-15 15:59:52', 437, 104),
(153, 156, 7, '2016-05-09 01:00:10', 245, 279),
(154, 48, 20, '2016-06-12 09:46:26', 196, 277),
(155, 49, 23, '2016-10-02 08:43:24', 164, 280),
(156, 118, 4, '2016-05-11 14:29:24', 247, 255),
(157, 44, 2, '2016-04-29 22:20:22', 226, 109),
(158, 163, 26, '2016-09-22 18:31:38', 32, 177),
(159, 18, 12, '2017-02-06 18:30:51', 378, 380),
(160, 184, 1, '2016-11-27 20:19:25', 313, 303),
(161, 189, 18, '2016-12-10 00:09:52', 166, 147),
(162, 10, 23, '2017-03-30 00:55:18', 480, 150),
(163, 16, 26, '2016-06-28 20:35:40', 76, 23),
(164, 96, 9, '2017-01-23 19:22:18', 429, 345),
(165, 4, 10, '2016-06-28 20:37:44', 363, 311),
(166, 109, 28, '2016-11-28 03:30:40', 313, 72),
(167, 26, 20, '2016-12-19 20:31:29', 302, 226),
(168, 155, 7, '2016-07-01 02:53:34', 207, 308),
(169, 61, 4, '2016-09-04 03:23:55', 342, 21),
(170, 76, 12, '2017-01-23 12:55:53', 487, 56),
(171, 101, 4, '2017-02-12 00:12:07', 329, 89),
(172, 46, 12, '2017-02-01 11:41:40', 434, 235),
(173, 173, 3, '2016-09-07 11:11:58', 365, 318),
(174, 123, 21, '2016-12-19 11:33:01', 195, 35),
(175, 113, 13, '2016-09-19 01:20:36', 401, 213),
(176, 144, 21, '2016-08-04 21:03:21', 77, 311),
(177, 152, 2, '2016-04-28 10:34:05', 235, 190),
(178, 16, 7, '2017-04-08 04:39:56', 96, 202),
(179, 36, 22, '2016-08-18 20:13:23', 244, 236),
(180, 131, 6, '2016-06-24 19:36:24', 225, 33),
(181, 87, 19, '2017-03-19 02:45:20', 362, 320),
(182, 150, 9, '2016-06-19 14:13:59', 458, 3),
(183, 85, 26, '2016-08-13 07:46:22', 49, 353),
(184, 34, 26, '2016-08-27 01:53:46', 357, 246),
(185, 178, 25, '2016-12-17 00:00:49', 303, 152),
(186, 40, 29, '2016-10-15 15:33:28', 465, 32),
(187, 31, 18, '2016-09-29 08:44:03', 430, 279),
(188, 159, 11, '2016-08-29 09:34:25', 198, 169),
(189, 30, 24, '2017-01-13 22:17:32', 435, 266),
(190, 9, 18, '2016-05-24 02:40:01', 477, 371),
(191, 194, 10, '2017-01-05 17:35:08', 178, 19),
(192, 21, 8, '2016-08-07 04:09:51', 242, 135),
(193, 63, 26, '2016-06-20 17:27:57', 162, 213),
(194, 106, 11, '2016-08-15 22:05:35', 231, 113),
(195, 184, 5, '2016-08-12 03:17:41', 424, 196),
(196, 98, 18, '2016-08-18 21:27:16', 39, 273),
(197, 138, 23, '2016-08-09 16:00:27', 299, 304),
(198, 81, 27, '2016-10-10 05:34:16', 290, 369),
(199, 150, 15, '2016-06-18 01:50:09', 153, 88),
(200, 199, 28, '2017-03-09 05:33:24', 73, 144),
(201, 22, 9, '2016-11-27 03:07:14', 154, 15),
(202, 65, 7, '2016-11-19 14:59:07', 362, 224),
(203, 96, 17, '2016-08-05 20:22:22', 110, 46),
(204, 92, 23, '2017-03-31 09:06:26', 482, 80),
(205, 186, 13, '2016-10-04 18:28:50', 382, 130),
(206, 144, 1, '2016-10-18 18:41:55', 181, 385),
(207, 87, 24, '2016-11-27 12:40:06', 403, 11),
(208, 56, 21, '2016-09-25 08:03:39', 196, 59),
(209, 148, 19, '2016-04-23 04:23:20', 287, 168),
(210, 170, 15, '2016-04-29 12:47:27', 40, 266),
(211, 187, 9, '2016-06-19 14:07:01', 208, 298),
(212, 190, 5, '2016-07-04 22:33:14', 385, 250),
(213, 92, 28, '2016-07-29 09:12:33', 333, 52),
(214, 108, 22, '2016-05-03 15:54:58', 407, 91),
(215, 43, 29, '2016-07-26 05:04:24', 393, 57),
(216, 40, 7, '2016-05-28 15:21:35', 482, 400),
(217, 103, 28, '2016-12-21 02:03:15', 393, 184),
(218, 23, 19, '2016-10-09 12:10:39', 247, 37),
(219, 57, 27, '2016-05-26 16:27:36', 395, 253),
(220, 171, 1, '2016-06-27 09:21:50', 124, 127),
(221, 148, 5, '2016-10-27 03:10:52', 259, 143),
(222, 186, 9, '2017-03-02 13:11:40', 247, 94),
(223, 146, 16, '2016-10-11 12:53:53', 82, 261),
(224, 194, 19, '2016-12-30 23:40:36', 394, 225),
(225, 102, 30, '2016-12-15 23:30:35', 279, 201),
(226, 28, 22, '2016-10-30 06:33:02', 484, 15),
(227, 146, 9, '2016-07-22 00:48:12', 136, 325),
(228, 110, 21, '2016-11-17 22:57:28', 366, 227),
(229, 28, 25, '2016-07-09 01:26:08', 359, 180),
(230, 66, 4, '2016-07-25 22:49:50', 236, 223),
(231, 144, 23, '2016-06-04 01:46:02', 332, 111),
(232, 171, 9, '2016-10-13 19:15:48', 78, 88),
(233, 97, 29, '2016-12-26 10:33:41', 113, 51),
(234, 171, 20, '2017-02-27 02:23:05', 423, 99),
(235, 184, 8, '2017-01-29 21:28:51', 394, 96),
(236, 150, 14, '2016-06-13 13:45:28', 473, 204),
(237, 47, 9, '2016-07-01 18:10:50', 410, 332),
(238, 41, 12, '2016-08-19 16:27:41', 64, 239),
(239, 12, 8, '2017-02-06 18:44:09', 387, 289),
(240, 51, 18, '2016-10-28 10:03:10', 171, 3),
(241, 16, 26, '2016-05-19 08:04:15', 495, 56),
(242, 93, 2, '2016-11-20 20:34:19', 103, 177),
(243, 161, 12, '2017-02-28 10:05:00', 481, 145),
(244, 112, 12, '2017-01-29 05:21:48', 280, 258),
(245, 25, 10, '2016-04-27 11:13:59', 358, 41),
(246, 62, 2, '2016-11-04 04:10:23', 357, 316),
(247, 107, 9, '2016-10-11 23:59:05', 115, 7),
(248, 50, 4, '2016-10-07 10:29:31', 267, 176),
(249, 136, 17, '2016-07-10 17:18:43', 371, 146),
(250, 68, 20, '2017-03-31 10:44:37', 82, 258),
(251, 87, 1, '2017-04-12 18:39:13', 408, 278),
(252, 141, 18, '2016-07-02 08:03:05', 210, 26),
(253, 139, 16, '2016-06-01 13:40:04', 65, 179),
(254, 141, 17, '2016-07-04 21:46:10', 152, 63),
(255, 195, 11, '2016-06-21 14:52:13', 160, 81),
(256, 166, 17, '2016-10-12 17:01:20', 430, 43),
(257, 47, 27, '2017-01-27 22:17:02', 245, 5),
(258, 180, 26, '2016-06-10 15:59:53', 439, 153),
(259, 159, 6, '2017-02-24 04:43:52', 467, 320),
(260, 129, 15, '2017-03-01 22:18:31', 249, 336),
(261, 57, 18, '2017-04-10 20:40:06', 66, 227),
(262, 96, 26, '2016-06-10 07:00:47', 50, 132),
(263, 131, 1, '2016-05-27 07:10:57', 297, 40),
(264, 50, 13, '2016-12-12 08:00:14', 244, 95),
(265, 114, 8, '2017-03-22 02:10:59', 215, 357),
(266, 168, 16, '2016-09-29 16:36:15', 233, 397),
(267, 109, 20, '2016-12-31 05:22:12', 128, 173),
(268, 47, 16, '2016-09-10 06:41:55', 408, 241),
(269, 173, 4, '2016-06-18 23:42:12', 180, 11),
(270, 46, 21, '2016-07-18 03:14:44', 410, 381),
(271, 177, 10, '2017-03-04 10:26:59', 494, 306),
(272, 37, 2, '2016-05-31 23:44:59', 291, 87),
(273, 161, 8, '2017-04-19 19:03:22', 227, 196),
(274, 90, 6, '2016-12-10 13:53:58', 365, 116),
(275, 53, 10, '2016-06-11 12:55:50', 400, 207),
(276, 160, 5, '2016-05-30 07:43:33', 308, 367),
(277, 155, 18, '2016-05-28 21:33:12', 52, 117),
(278, 50, 30, '2016-11-01 12:18:19', 372, 338),
(279, 138, 21, '2016-06-21 16:26:19', 78, 225),
(280, 81, 29, '2017-03-31 19:59:51', 467, 287),
(281, 196, 14, '2016-07-03 05:35:34', 498, 112),
(282, 165, 22, '2016-08-01 15:57:05', 122, 363),
(283, 40, 14, '2017-01-28 02:44:34', 47, 291),
(284, 139, 4, '2016-07-11 22:48:21', 486, 70),
(285, 111, 1, '2017-03-01 18:55:51', 42, 19),
(286, 16, 7, '2017-03-30 02:33:31', 228, 341),
(287, 173, 5, '2017-03-18 06:05:26', 268, 306),
(288, 158, 15, '2017-04-04 21:59:18', 404, 256),
(289, 80, 23, '2017-02-27 07:22:53', 398, 317),
(290, 59, 19, '2017-01-10 15:12:29', 354, 186),
(291, 149, 8, '2016-06-16 16:07:48', 327, 172),
(292, 43, 17, '2016-12-18 04:54:26', 359, 283),
(293, 129, 24, '2016-10-13 21:51:19', 316, 233),
(294, 24, 22, '2016-06-02 22:11:22', 471, 116),
(295, 6, 22, '2016-12-13 02:27:46', 245, 345),
(296, 173, 26, '2016-11-20 06:33:52', 387, 179),
(297, 77, 5, '2016-07-22 00:13:41', 53, 59),
(298, 37, 5, '2017-03-02 11:37:32', 439, 38),
(299, 70, 26, '2016-08-03 08:48:10', 346, 242),
(300, 7, 6, '2016-10-08 16:25:44', 172, 397),
(301, 184, 16, '2017-04-13 09:14:55', 438, 36),
(302, 129, 26, '2016-11-27 23:54:33', 311, 247),
(303, 34, 8, '2016-10-20 06:51:44', 347, 5),
(304, 68, 22, '2017-02-27 01:54:29', 52, 132),
(305, 173, 19, '2016-12-02 23:18:20', 193, 189),
(306, 46, 22, '2017-01-26 18:04:29', 348, 241),
(307, 106, 13, '2016-07-14 10:59:22', 370, 316),
(308, 135, 6, '2016-06-06 03:53:22', 321, 335),
(309, 146, 25, '2017-01-09 23:41:36', 164, 42),
(310, 91, 9, '2016-05-13 07:02:50', 139, 136),
(311, 178, 19, '2016-09-05 07:42:07', 142, 340),
(312, 87, 7, '2016-12-26 21:09:40', 352, 35),
(313, 180, 25, '2016-06-02 20:30:00', 458, 357),
(314, 78, 17, '2016-10-29 15:55:18', 31, 137),
(315, 168, 2, '2016-05-21 18:54:04', 471, 362),
(316, 15, 27, '2017-01-11 11:51:45', 433, 21),
(317, 88, 15, '2016-06-07 23:16:56', 229, 345),
(318, 42, 17, '2016-09-06 18:38:48', 489, 215),
(319, 173, 12, '2017-03-09 18:53:20', 380, 292),
(320, 173, 7, '2016-08-14 20:10:09', 328, 127),
(321, 24, 21, '2017-01-30 04:57:18', 453, 150),
(322, 71, 9, '2016-05-22 10:42:14', 479, 288),
(323, 146, 3, '2016-10-03 21:53:52', 489, 54),
(324, 54, 24, '2016-11-04 10:12:22', 341, 396),
(325, 149, 9, '2017-02-09 21:56:10', 350, 351),
(326, 156, 29, '2016-05-01 17:31:31', 90, 151),
(327, 171, 22, '2016-09-06 15:25:23', 84, 312),
(328, 195, 22, '2016-11-01 00:00:25', 90, 289),
(329, 160, 29, '2016-10-17 16:42:48', 274, 186),
(330, 183, 9, '2017-03-30 15:59:13', 144, 361),
(331, 154, 15, '2016-10-03 04:06:45', 460, 110),
(332, 176, 23, '2016-11-24 17:15:36', 337, 211),
(333, 55, 20, '2016-09-01 23:04:34', 340, 276),
(334, 123, 22, '2016-10-12 21:17:16', 271, 196),
(335, 101, 21, '2016-12-28 10:26:19', 456, 124),
(336, 102, 7, '2016-07-22 04:24:45', 348, 123),
(337, 79, 11, '2016-06-16 09:09:10', 434, 201),
(338, 96, 11, '2016-10-10 00:54:35', 341, 123),
(339, 61, 25, '2017-01-12 21:45:04', 78, 88),
(340, 32, 8, '2016-05-05 18:03:22', 93, 221),
(341, 180, 30, '2016-08-05 15:28:36', 49, 173),
(342, 4, 8, '2016-09-18 00:26:12', 233, 84),
(343, 190, 15, '2016-09-16 22:18:34', 38, 346),
(344, 170, 13, '2017-04-02 08:35:03', 445, 5),
(345, 172, 8, '2016-10-09 09:13:06', 72, 326),
(346, 193, 27, '2016-08-16 04:41:26', 170, 92),
(347, 33, 15, '2016-05-30 07:39:01', 484, 207),
(348, 36, 4, '2017-04-18 16:27:53', 423, 296),
(349, 91, 21, '2016-08-17 00:29:18', 158, 245),
(350, 20, 28, '2016-12-08 01:21:06', 73, 349),
(351, 143, 28, '2016-07-02 22:05:42', 309, 128),
(352, 121, 10, '2017-01-23 17:25:31', 426, 99),
(353, 41, 8, '2016-10-04 19:59:49', 248, 186),
(354, 3, 25, '2016-05-27 21:08:42', 218, 266),
(355, 167, 22, '2016-06-23 12:51:38', 58, 79),
(356, 61, 8, '2017-03-27 00:30:03', 279, 272),
(357, 43, 22, '2017-03-09 05:41:12', 494, 67),
(358, 91, 2, '2016-05-12 11:55:34', 90, 131),
(359, 126, 5, '2016-12-26 21:00:03', 353, 209),
(360, 22, 15, '2016-04-28 20:23:29', 38, 59),
(361, 185, 10, '2017-01-19 03:14:29', 453, 18),
(362, 99, 14, '2017-04-16 12:51:35', 403, 122),
(363, 145, 13, '2016-07-08 15:14:14', 443, 312),
(364, 6, 12, '2016-08-18 08:51:45', 79, 89),
(365, 123, 12, '2016-12-10 01:53:18', 292, 223),
(366, 182, 5, '2017-02-04 07:03:59', 191, 201),
(367, 126, 14, '2016-10-25 23:28:35', 240, 257),
(368, 9, 4, '2016-09-03 23:16:51', 195, 310),
(369, 66, 25, '2016-07-26 21:38:59', 330, 298),
(370, 134, 28, '2017-03-18 03:59:22', 436, 39),
(371, 197, 8, '2016-09-25 11:26:30', 69, 59),
(372, 88, 7, '2017-01-22 19:16:58', 462, 184),
(373, 151, 6, '2016-05-17 03:10:12', 140, 175),
(374, 138, 8, '2016-07-09 04:32:09', 455, 135),
(375, 191, 25, '2017-02-07 23:30:07', 87, 199),
(376, 70, 13, '2016-12-14 03:30:50', 292, 77),
(377, 24, 10, '2016-04-24 16:32:25', 78, 54),
(378, 36, 3, '2016-04-23 12:54:01', 499, 382),
(379, 174, 17, '2017-02-24 20:03:56', 280, 82),
(380, 182, 28, '2016-09-05 11:23:30', 424, 241),
(381, 107, 25, '2016-10-17 23:42:09', 308, 163),
(382, 160, 10, '2017-03-15 22:55:41', 70, 304),
(383, 77, 30, '2016-05-20 08:19:38', 43, 375),
(384, 149, 18, '2016-05-13 15:11:17', 312, 42),
(385, 106, 26, '2017-01-30 09:18:57', 389, 161),
(386, 148, 28, '2016-11-15 00:32:33', 36, 365),
(387, 32, 15, '2016-10-13 01:51:16', 461, 226),
(388, 82, 9, '2016-07-16 12:11:22', 280, 93),
(389, 97, 29, '2016-08-15 23:26:37', 326, 123),
(390, 13, 12, '2016-06-08 11:52:52', 498, 70),
(391, 181, 2, '2017-03-11 02:01:02', 475, 341),
(392, 197, 25, '2017-03-14 02:57:50', 105, 329),
(393, 41, 23, '2016-08-18 04:55:51', 308, 218),
(394, 186, 22, '2017-02-01 22:55:17', 244, 30),
(395, 19, 27, '2016-07-16 07:06:54', 231, 347),
(396, 91, 19, '2017-02-17 13:10:04', 208, 285),
(397, 17, 26, '2017-03-03 09:51:26', 393, 56),
(398, 198, 23, '2016-08-01 22:03:34', 146, 307),
(399, 54, 7, '2016-10-27 10:29:18', 374, 45),
(400, 9, 1, '2016-07-22 10:29:34', 331, 145),
(401, 140, 6, '2016-06-08 19:20:47', 262, 296),
(402, 188, 13, '2016-10-16 03:35:25', 254, 345),
(403, 187, 17, '2016-09-28 15:13:32', 407, 237),
(404, 10, 15, '2016-05-15 21:44:35', 329, 21),
(405, 16, 20, '2017-02-14 12:18:50', 211, 286),
(406, 134, 11, '2017-01-13 15:18:45', 293, 395),
(407, 176, 6, '2016-06-09 10:11:11', 460, 62),
(408, 151, 29, '2016-05-06 20:57:42', 438, 32),
(409, 83, 1, '2016-08-28 09:36:46', 272, 115),
(410, 194, 20, '2017-01-05 11:51:45', 85, 343),
(411, 37, 19, '2016-10-17 15:11:20', 459, 125),
(412, 60, 16, '2017-03-15 06:15:38', 296, 361),
(413, 136, 28, '2016-10-24 17:41:10', 229, 350),
(414, 55, 27, '2016-12-08 14:28:10', 352, 32),
(415, 148, 7, '2016-05-31 16:42:33', 365, 312),
(416, 187, 12, '2016-09-29 06:37:05', 206, 221),
(417, 46, 3, '2017-01-09 19:30:30', 221, 13),
(418, 28, 4, '2017-04-17 04:01:14', 33, 358),
(419, 112, 5, '2017-03-27 06:29:55', 253, 224),
(420, 195, 5, '2017-02-02 21:54:48', 320, 107),
(421, 55, 26, '2016-07-05 14:32:23', 403, 57),
(422, 51, 19, '2016-11-20 19:58:41', 79, 353),
(423, 144, 9, '2016-10-10 18:23:15', 178, 74),
(424, 194, 17, '2016-11-29 18:45:28', 470, 379),
(425, 89, 25, '2017-01-09 23:44:36', 495, 40),
(426, 14, 20, '2016-09-15 10:43:33', 125, 189),
(427, 123, 20, '2017-03-13 23:15:02', 294, 272),
(428, 147, 14, '2016-11-06 20:13:21', 215, 92),
(429, 36, 9, '2017-02-15 07:07:41', 319, 216),
(430, 161, 6, '2016-12-30 21:02:44', 149, 125),
(431, 9, 22, '2016-11-17 05:24:49', 58, 72),
(432, 111, 8, '2016-06-08 00:17:20', 40, 379),
(433, 62, 23, '2016-05-06 12:58:13', 122, 224),
(434, 176, 22, '2017-04-06 06:21:21', 302, 238),
(435, 158, 1, '2016-12-05 16:43:50', 79, 107),
(436, 166, 1, '2017-01-24 02:39:11', 104, 198),
(437, 84, 5, '2016-10-18 07:30:01', 315, 394),
(438, 88, 21, '2017-03-22 12:26:27', 126, 48),
(439, 5, 9, '2016-09-01 00:36:37', 341, 103),
(440, 136, 30, '2017-01-08 22:15:47', 369, 161),
(441, 55, 1, '2016-05-29 03:56:57', 446, 171),
(442, 56, 2, '2016-10-24 23:05:58', 468, 261),
(443, 176, 26, '2016-08-28 01:58:46', 245, 291),
(444, 88, 24, '2017-01-20 23:09:31', 305, 146),
(445, 134, 1, '2017-04-02 22:40:19', 271, 256),
(446, 42, 27, '2016-10-21 02:19:47', 71, 45),
(447, 22, 29, '2017-01-07 20:23:59', 30, 314),
(448, 57, 6, '2016-08-24 17:20:22', 440, 49),
(449, 53, 16, '2017-01-08 09:14:41', 406, 228),
(450, 149, 4, '2016-09-14 15:46:14', 327, 274),
(451, 107, 6, '2017-01-02 18:49:34', 491, 349),
(452, 167, 19, '2016-06-05 03:55:43', 213, 309),
(453, 140, 22, '2016-05-23 14:09:45', 408, 276),
(454, 91, 1, '2016-06-17 06:06:27', 426, 1),
(455, 164, 9, '2016-05-22 07:17:52', 498, 162),
(456, 194, 12, '2016-09-09 06:43:24', 473, 146),
(457, 44, 14, '2017-04-02 10:31:41', 233, 170),
(458, 162, 5, '2017-01-08 09:01:44', 183, 346),
(459, 100, 18, '2017-01-22 20:31:11', 289, 4),
(460, 104, 6, '2016-09-20 06:33:50', 172, 365),
(461, 38, 1, '2016-07-02 16:37:19', 352, 240),
(462, 59, 28, '2017-02-09 14:42:52', 124, 315),
(463, 77, 5, '2016-07-21 06:13:10', 212, 20),
(464, 33, 10, '2016-09-03 19:55:23', 414, 182),
(465, 5, 5, '2016-12-28 15:01:45', 264, 274),
(466, 91, 10, '2016-10-18 09:25:26', 32, 159),
(467, 192, 25, '2016-06-11 02:27:46', 272, 20),
(468, 79, 2, '2016-10-09 13:24:05', 181, 359),
(469, 161, 2, '2016-05-23 16:43:07', 369, 361),
(470, 93, 14, '2016-08-16 21:53:18', 235, 226),
(471, 34, 29, '2016-05-31 17:41:40', 452, 358),
(472, 33, 6, '2017-03-16 06:32:30', 363, 300),
(473, 147, 24, '2016-06-28 10:29:50', 143, 277),
(474, 2, 27, '2016-08-26 18:33:52', 206, 184),
(475, 82, 6, '2016-08-15 12:12:57', 291, 287),
(476, 8, 8, '2016-05-11 06:27:08', 458, 162),
(477, 167, 7, '2016-10-27 00:13:51', 66, 347),
(478, 49, 23, '2017-03-10 19:53:02', 440, 333),
(479, 13, 25, '2017-03-13 14:09:57', 477, 216),
(480, 186, 1, '2017-01-11 12:35:47', 89, 293),
(481, 74, 14, '2017-01-09 19:50:15', 168, 344),
(482, 76, 30, '2017-01-08 08:09:42', 129, 345),
(483, 61, 17, '2017-02-17 09:32:54', 461, 162),
(484, 174, 28, '2016-12-19 03:51:33', 135, 15),
(485, 188, 14, '2017-04-17 02:20:43', 108, 59),
(486, 131, 9, '2016-10-11 19:11:26', 381, 84),
(487, 94, 19, '2016-06-20 00:23:19', 173, 332),
(488, 52, 30, '2016-08-05 12:36:59', 426, 325),
(489, 139, 12, '2017-03-01 18:51:35', 467, 204),
(490, 59, 19, '2017-04-11 04:25:08', 392, 168),
(491, 26, 20, '2017-01-17 21:20:51', 162, 27),
(492, 140, 23, '2016-09-15 11:29:18', 400, 268),
(493, 76, 10, '2016-08-13 04:23:46', 143, 181),
(494, 145, 8, '2017-02-07 01:43:26', 334, 64),
(495, 30, 12, '2016-05-25 02:10:01', 105, 261),
(496, 174, 14, '2017-03-31 11:47:33', 79, 220),
(497, 110, 27, '2016-12-16 06:37:29', 292, 56),
(498, 43, 13, '2016-10-05 05:17:23', 476, 209),
(499, 29, 13, '2016-07-15 23:13:41', 132, 200),
(500, 187, 20, '2016-09-15 11:06:28', 136, 15);

-- --------------------------------------------------------

--
-- Table structure for table `item_payment_out`
--

CREATE TABLE `item_payment_out` (
  `id` int(11) NOT NULL,
  `unit_price` double NOT NULL,
  `quantity` int(11) NOT NULL,
  `payment_date` varchar(255) NOT NULL,
  `payment_amount` double NOT NULL,
  `product_id` int(11) NOT NULL
) ENGINE=InnoDB DEFAULT CHARSET=latin1;

--
-- Dumping data for table `item_payment_out`
--

INSERT INTO `item_payment_out` (`id`, `unit_price`, `quantity`, `payment_date`, `payment_amount`, `product_id`) VALUES
(1, 13, 14, '2016-05-10 11:42:47', 59, 213),
(2, 30, 26, '2017-03-24 11:02:55', 380, 203),
(3, 107, 24, '2017-03-28 05:19:49', 214, 168),
(4, 128, 19, '2016-07-27 06:40:11', 410, 343),
(5, 4, 12, '2016-11-25 09:00:27', 220, 238),
(6, 182, 7, '2017-04-16 12:19:41', 318, 226),
(7, 82, 27, '2016-11-17 09:44:57', 312, 25),
(8, 32, 25, '2016-09-22 23:26:36', 427, 7),
(9, 43, 12, '2017-03-16 11:35:46', 464, 127),
(10, 96, 21, '2016-10-03 04:45:35', 365, 314),
(11, 176, 12, '2016-12-04 00:25:01', 277, 158),
(12, 85, 2, '2016-11-15 19:43:55', 396, 261),
(13, 38, 15, '2017-04-15 06:39:14', 80, 3),
(14, 73, 23, '2017-04-13 22:40:17', 449, 233),
(15, 12, 14, '2016-12-12 22:35:13', 445, 293),
(16, 10, 9, '2017-01-04 06:54:51', 274, 266),
(17, 134, 5, '2016-12-02 11:20:27', 409, 35),
(18, 53, 5, '2016-05-23 23:55:59', 46, 307),
(19, 119, 6, '2016-09-07 07:04:33', 484, 218),
(20, 167, 2, '2016-12-01 23:56:17', 483, 295),
(21, 149, 29, '2016-07-06 08:59:28', 322, 172),
(22, 176, 21, '2016-07-03 14:22:22', 98, 349),
(23, 112, 3, '2017-03-26 21:59:18', 50, 364),
(24, 181, 19, '2017-02-02 03:18:06', 303, 115),
(25, 96, 18, '2016-11-23 23:14:03', 50, 348),
(26, 12, 15, '2017-02-19 13:08:28', 407, 326),
(27, 45, 21, '2017-04-09 10:15:22', 478, 128),
(28, 73, 17, '2016-12-18 12:03:44', 450, 63),
(29, 120, 25, '2016-06-28 11:46:51', 362, 64),
(30, 7, 14, '2016-07-11 04:00:39', 150, 398),
(31, 195, 1, '2016-12-26 11:41:13', 117, 266),
(32, 187, 19, '2017-03-29 02:57:45', 444, 114),
(33, 93, 23, '2016-07-06 17:48:20', 64, 394),
(34, 189, 17, '2016-04-27 06:18:18', 250, 278),
(35, 122, 29, '2016-09-13 03:15:04', 42, 251),
(36, 60, 29, '2016-07-19 21:12:11', 438, 101),
(37, 9, 22, '2016-12-26 12:34:20', 472, 238),
(38, 44, 2, '2017-04-11 03:10:34', 394, 145),
(39, 87, 12, '2016-05-11 09:10:05', 124, 390),
(40, 46, 30, '2016-08-23 00:12:22', 430, 243),
(41, 48, 8, '2016-09-09 03:05:10', 347, 158),
(42, 81, 5, '2016-11-28 16:25:23', 81, 282),
(43, 112, 2, '2016-09-01 02:01:25', 291, 399),
(44, 154, 30, '2016-12-31 10:01:11', 487, 136),
(45, 42, 17, '2017-04-08 17:16:53', 61, 364),
(46, 111, 25, '2017-02-23 22:02:31', 86, 117),
(47, 130, 2, '2016-05-31 07:10:49', 399, 121),
(48, 149, 11, '2017-02-18 12:56:27', 495, 34),
(49, 66, 7, '2016-10-21 15:36:04', 152, 5),
(50, 81, 14, '2016-11-06 08:34:41', 339, 81),
(51, 193, 10, '2016-05-30 10:47:06', 144, 272),
(52, 187, 27, '2017-01-12 06:06:56', 226, 200),
(53, 4, 30, '2016-04-28 17:57:06', 485, 173),
(54, 60, 24, '2017-02-26 08:31:11', 278, 290),
(55, 148, 30, '2016-09-15 07:31:12', 115, 316),
(56, 47, 7, '2016-10-19 21:48:01', 382, 66),
(57, 14, 8, '2017-03-31 11:50:20', 242, 301),
(58, 16, 18, '2016-12-19 09:15:39', 208, 393),
(59, 185, 22, '2017-03-01 19:07:26', 183, 209),
(60, 10, 21, '2017-04-08 07:44:36', 247, 335),
(61, 153, 11, '2016-04-23 06:32:38', 142, 245),
(62, 179, 4, '2016-10-26 08:35:05', 455, 152),
(63, 54, 5, '2016-12-06 17:53:44', 72, 10),
(64, 21, 2, '2017-01-22 19:31:32', 333, 264),
(65, 54, 1, '2016-05-19 04:58:58', 36, 344),
(66, 191, 17, '2016-08-25 07:55:00', 346, 356),
(67, 169, 8, '2017-04-17 10:25:54', 455, 205),
(68, 178, 28, '2016-11-13 13:10:09', 279, 172),
(69, 48, 25, '2017-01-03 23:37:09', 384, 27),
(70, 27, 7, '2016-12-30 16:22:35', 115, 87),
(71, 2, 27, '2017-04-19 00:29:32', 383, 122),
(72, 85, 12, '2016-08-03 11:01:01', 294, 88),
(73, 189, 2, '2016-06-15 16:27:10', 415, 113),
(74, 10, 4, '2016-07-13 01:05:36', 299, 377),
(75, 135, 19, '2017-04-14 00:36:18', 215, 95),
(76, 80, 14, '2016-07-10 16:29:04', 90, 109),
(77, 5, 25, '2016-12-27 16:25:09', 166, 314),
(78, 124, 5, '2017-04-17 17:25:07', 394, 337),
(79, 174, 29, '2016-04-21 21:30:58', 64, 245),
(80, 30, 11, '2016-12-15 08:00:58', 341, 21),
(81, 149, 6, '2017-04-19 08:33:34', 154, 92),
(82, 115, 29, '2016-11-19 12:57:27', 340, 333),
(83, 79, 1, '2016-12-26 15:04:34', 388, 293),
(84, 161, 28, '2016-08-11 20:40:58', 131, 107),
(85, 42, 7, '2016-04-30 05:29:45', 341, 184),
(86, 16, 30, '2016-05-20 17:24:24', 394, 52),
(87, 10, 25, '2016-08-13 03:26:58', 155, 182),
(88, 178, 3, '2017-03-23 07:57:44', 325, 149),
(89, 92, 10, '2016-12-16 07:35:01', 58, 43),
(90, 50, 19, '2016-08-12 13:58:05', 419, 5),
(91, 106, 14, '2017-01-14 15:12:37', 358, 175),
(92, 18, 12, '2016-07-11 09:49:04', 128, 45),
(93, 181, 23, '2017-04-19 22:22:19', 88, 154),
(94, 68, 10, '2016-10-30 03:55:01', 121, 50),
(95, 187, 10, '2016-09-15 00:18:46', 428, 80),
(96, 85, 27, '2016-07-31 07:56:00', 413, 137),
(97, 63, 30, '2016-07-15 11:55:28', 255, 321),
(98, 104, 12, '2016-06-27 02:01:29', 162, 301),
(99, 89, 27, '2016-11-03 23:17:44', 103, 17),
(100, 44, 18, '2017-01-23 19:14:53', 40, 87),
(101, 158, 25, '2016-12-07 13:47:11', 248, 336),
(102, 4, 6, '2016-12-12 08:07:46', 403, 368),
(103, 193, 12, '2016-09-22 05:08:54', 257, 200),
(104, 68, 6, '2017-01-10 16:19:14', 44, 34),
(105, 132, 18, '2016-10-17 01:42:58', 353, 70),
(106, 87, 21, '2016-08-21 02:12:36', 274, 111),
(107, 183, 3, '2016-08-10 19:07:57', 481, 55),
(108, 192, 30, '2016-12-05 12:07:10', 101, 374),
(109, 99, 2, '2016-06-16 17:55:56', 390, 185),
(110, 54, 23, '2016-05-21 01:04:47', 309, 138),
(111, 160, 16, '2016-10-28 03:37:17', 151, 6),
(112, 53, 21, '2017-01-18 22:33:41', 285, 109),
(113, 60, 25, '2017-01-05 09:50:14', 416, 224),
(114, 25, 2, '2017-03-27 00:15:24', 68, 163),
(115, 110, 2, '2016-11-05 16:23:45', 158, 27),
(116, 52, 21, '2017-04-06 15:24:00', 109, 108),
(117, 167, 22, '2016-08-19 10:50:45', 360, 319),
(118, 63, 3, '2016-12-17 07:04:45', 214, 296),
(119, 155, 5, '2016-09-04 19:36:12', 356, 206),
(120, 110, 28, '2017-03-12 15:40:14', 126, 186),
(121, 57, 28, '2016-12-21 00:12:11', 84, 129),
(122, 103, 26, '2016-10-09 03:41:18', 421, 56),
(123, 196, 20, '2017-02-06 04:15:34', 211, 341),
(124, 128, 14, '2016-07-27 17:59:37', 153, 218),
(125, 182, 22, '2016-08-07 21:39:03', 185, 52),
(126, 94, 21, '2017-01-08 06:50:22', 309, 139),
(127, 10, 5, '2016-09-15 23:12:37', 204, 394),
(128, 134, 15, '2017-03-11 07:46:06', 469, 373),
(129, 184, 20, '2017-01-11 02:09:51', 336, 172),
(130, 20, 8, '2016-05-15 16:08:02', 69, 254),
(131, 32, 21, '2016-08-03 20:48:04', 154, 11),
(132, 6, 17, '2016-06-03 00:38:32', 62, 210),
(133, 122, 7, '2017-01-29 04:08:02', 471, 240),
(134, 47, 24, '2017-01-09 02:12:52', 261, 137),
(135, 44, 20, '2016-08-04 10:16:29', 164, 227),
(136, 134, 27, '2016-11-27 08:26:39', 422, 341),
(137, 65, 8, '2016-12-21 15:53:28', 150, 273),
(138, 12, 24, '2016-09-16 05:58:34', 125, 216),
(139, 10, 14, '2016-08-15 05:09:23', 308, 138),
(140, 7, 15, '2016-12-01 12:58:42', 304, 216),
(141, 89, 17, '2017-03-16 11:36:28', 93, 149),
(142, 139, 11, '2016-06-22 08:20:18', 360, 57),
(143, 186, 6, '2016-06-01 01:29:39', 375, 355),
(144, 52, 13, '2016-06-15 18:50:26', 427, 63),
(145, 44, 8, '2016-07-25 06:03:30', 368, 125),
(146, 55, 29, '2016-11-18 17:52:09', 334, 221),
(147, 26, 5, '2016-10-09 10:05:05', 386, 211),
(148, 106, 30, '2017-02-10 03:52:28', 428, 4),
(149, 107, 22, '2016-06-16 10:43:24', 373, 249),
(150, 100, 27, '2016-08-06 23:21:26', 190, 295),
(151, 60, 23, '2016-05-08 21:43:43', 333, 80),
(152, 67, 5, '2016-08-20 01:56:09', 94, 33),
(153, 189, 23, '2016-06-16 00:13:38', 315, 61),
(154, 130, 27, '2016-05-26 00:34:51', 478, 362),
(155, 167, 24, '2016-08-30 17:37:06', 296, 28),
(156, 36, 26, '2016-12-07 19:41:28', 164, 157),
(157, 133, 5, '2016-10-17 11:05:58', 302, 328),
(158, 46, 21, '2016-09-13 14:39:22', 228, 9),
(159, 129, 27, '2016-06-04 04:58:23', 485, 192),
(160, 65, 28, '2016-06-16 18:22:45', 408, 377),
(161, 150, 4, '2016-09-01 02:55:35', 469, 71),
(162, 166, 4, '2017-02-11 03:50:15', 493, 381),
(163, 148, 16, '2016-10-03 23:01:45', 189, 351),
(164, 77, 9, '2017-04-11 10:02:56', 373, 152),
(165, 8, 20, '2017-03-11 15:48:27', 309, 182),
(166, 107, 20, '2016-11-14 09:41:03', 199, 314),
(167, 125, 10, '2017-01-17 14:57:39', 329, 240),
(168, 24, 27, '2017-01-10 22:30:34', 473, 169),
(169, 57, 1, '2016-09-06 13:40:42', 153, 219),
(170, 19, 28, '2016-10-18 02:43:15', 356, 137),
(171, 109, 19, '2016-05-15 20:28:43', 325, 39),
(172, 48, 23, '2016-05-30 02:32:09', 306, 259),
(173, 159, 22, '2017-02-17 01:03:36', 454, 103),
(174, 59, 1, '2016-05-04 01:27:34', 226, 332),
(175, 85, 2, '2016-06-05 07:01:39', 257, 388),
(176, 83, 17, '2016-05-24 07:32:44', 147, 31),
(177, 169, 24, '2016-07-07 02:35:21', 284, 258),
(178, 192, 24, '2017-02-16 23:41:57', 361, 162),
(179, 122, 27, '2016-10-21 21:53:13', 131, 218),
(180, 150, 6, '2016-12-05 00:11:24', 306, 67),
(181, 198, 12, '2016-07-22 07:49:00', 190, 252),
(182, 57, 1, '2016-05-27 22:56:39', 454, 290),
(183, 68, 18, '2016-09-19 10:16:10', 299, 185),
(184, 64, 7, '2016-08-02 15:36:32', 478, 294),
(185, 169, 22, '2016-12-14 19:12:54', 105, 68),
(186, 200, 1, '2017-02-28 03:16:35', 286, 236),
(187, 26, 2, '2016-10-31 01:40:36', 137, 147),
(188, 47, 25, '2016-09-28 17:56:49', 140, 259),
(189, 170, 5, '2016-10-22 06:37:03', 456, 19),
(190, 200, 29, '2016-09-05 15:00:01', 153, 67),
(191, 179, 24, '2016-10-13 14:40:25', 273, 308),
(192, 125, 5, '2016-07-23 18:35:57', 204, 28),
(193, 169, 14, '2016-09-26 08:24:02', 168, 142),
(194, 90, 3, '2016-12-29 15:27:03', 125, 338),
(195, 198, 5, '2016-12-12 08:50:44', 37, 353),
(196, 164, 20, '2016-07-22 13:53:36', 156, 218),
(197, 30, 28, '2016-12-24 15:38:06', 52, 96),
(198, 25, 18, '2016-07-04 01:46:32', 495, 279),
(199, 188, 3, '2016-06-13 07:34:46', 430, 317),
(200, 142, 8, '2017-01-11 12:48:07', 258, 280),
(201, 116, 6, '2017-01-19 23:33:22', 414, 276),
(202, 61, 25, '2016-11-10 06:27:55', 209, 350),
(203, 50, 15, '2016-07-27 08:08:31', 302, 364),
(204, 17, 29, '2016-09-27 17:51:05', 149, 201),
(205, 88, 5, '2017-02-25 16:36:08', 472, 127),
(206, 95, 10, '2016-09-12 11:28:54', 366, 150),
(207, 106, 10, '2017-03-21 18:25:03', 76, 246),
(208, 167, 5, '2017-01-01 08:09:34', 197, 147),
(209, 103, 6, '2016-04-25 09:57:44', 166, 292),
(210, 139, 24, '2017-03-12 19:25:07', 47, 166),
(211, 51, 24, '2016-11-25 07:32:30', 203, 84),
(212, 5, 19, '2017-01-21 13:36:08', 265, 12),
(213, 23, 4, '2017-03-02 19:16:48', 154, 105),
(214, 73, 22, '2016-12-26 13:38:03', 56, 163),
(215, 120, 9, '2016-10-04 09:46:54', 53, 63),
(216, 176, 21, '2016-08-24 07:37:03', 435, 94),
(217, 150, 18, '2016-08-14 07:18:04', 342, 30),
(218, 135, 28, '2017-01-31 02:17:35', 214, 285),
(219, 129, 12, '2016-12-24 09:51:56', 292, 56),
(220, 113, 29, '2016-12-08 05:33:28', 245, 146),
(221, 71, 11, '2016-08-14 00:10:19', 145, 395),
(222, 65, 28, '2016-10-25 11:56:05', 431, 342),
(223, 130, 23, '2017-02-01 23:24:26', 69, 115),
(224, 109, 17, '2016-10-29 06:28:05', 290, 88),
(225, 138, 15, '2016-09-08 21:44:15', 38, 385),
(226, 5, 26, '2016-07-02 14:39:25', 311, 219),
(227, 182, 9, '2016-09-16 16:20:03', 321, 219),
(228, 82, 9, '2017-04-05 06:50:46', 84, 172),
(229, 131, 7, '2017-01-17 10:11:23', 270, 158),
(230, 34, 15, '2016-05-19 14:16:53', 122, 278),
(231, 172, 5, '2016-12-17 07:56:59', 449, 284),
(232, 192, 22, '2016-06-30 03:45:47', 35, 281),
(233, 23, 28, '2016-06-24 17:30:17', 61, 150),
(234, 42, 8, '2016-11-27 16:41:58', 187, 66),
(235, 39, 24, '2017-03-25 22:30:16', 307, 212),
(236, 197, 28, '2016-06-25 20:02:15', 106, 36),
(237, 64, 13, '2016-11-15 08:14:43', 136, 236),
(238, 68, 27, '2017-01-25 06:39:26', 148, 288),
(239, 73, 25, '2016-12-24 09:19:10', 230, 307),
(240, 193, 15, '2016-08-31 03:09:03', 422, 276),
(241, 103, 7, '2017-04-07 13:46:31', 287, 340),
(242, 71, 14, '2017-03-31 01:54:03', 155, 302),
(243, 70, 25, '2016-10-13 08:53:36', 130, 163),
(244, 165, 3, '2016-12-26 02:04:02', 220, 276),
(245, 52, 17, '2017-03-15 22:19:34', 454, 193),
(246, 135, 27, '2017-04-10 06:43:44', 41, 42),
(247, 172, 28, '2016-08-12 07:54:25', 462, 233),
(248, 41, 18, '2017-03-23 22:30:15', 367, 22),
(249, 190, 5, '2017-02-26 19:02:55', 456, 120),
(250, 66, 20, '2016-10-14 02:59:43', 97, 96),
(251, 19, 26, '2016-07-17 04:30:11', 499, 354),
(252, 168, 3, '2016-11-17 19:26:07', 421, 358),
(253, 81, 24, '2016-05-19 06:12:07', 231, 359),
(254, 47, 23, '2016-09-04 23:36:38', 389, 187),
(255, 164, 22, '2016-08-16 20:01:18', 302, 203),
(256, 131, 2, '2016-10-29 05:30:35', 305, 267),
(257, 130, 10, '2017-01-16 12:15:31', 480, 292),
(258, 45, 3, '2016-11-15 12:34:24', 246, 276),
(259, 175, 17, '2016-08-12 19:28:40', 97, 163),
(260, 40, 4, '2016-07-23 11:03:22', 360, 251),
(261, 135, 2, '2016-05-05 03:25:00', 347, 33),
(262, 183, 21, '2017-03-29 13:25:59', 53, 42),
(263, 140, 7, '2017-03-27 02:44:06', 165, 118),
(264, 58, 17, '2017-03-01 21:39:58', 69, 190),
(265, 123, 4, '2017-04-15 18:36:12', 103, 211),
(266, 86, 15, '2016-09-09 11:42:15', 452, 320),
(267, 132, 27, '2016-08-11 21:09:16', 453, 19),
(268, 37, 12, '2016-11-30 16:15:09', 463, 376),
(269, 77, 19, '2016-12-14 13:11:55', 37, 327),
(270, 62, 10, '2016-08-02 17:52:12', 206, 24),
(271, 93, 4, '2016-11-17 09:48:02', 187, 75),
(272, 153, 27, '2016-09-22 20:21:08', 247, 333),
(273, 117, 21, '2016-12-16 03:20:34', 59, 83),
(274, 55, 9, '2016-08-30 10:38:29', 142, 1),
(275, 19, 21, '2016-05-03 16:57:40', 111, 80),
(276, 33, 19, '2016-11-04 15:41:35', 281, 400),
(277, 70, 22, '2016-08-12 00:25:28', 167, 244),
(278, 161, 9, '2016-08-19 10:52:11', 453, 265),
(279, 146, 27, '2016-06-23 18:35:00', 497, 18),
(280, 49, 3, '2016-12-08 06:05:43', 70, 287),
(281, 137, 23, '2016-08-08 16:58:36', 251, 344),
(282, 142, 16, '2016-11-13 03:51:49', 100, 250),
(283, 129, 24, '2016-06-03 11:10:57', 42, 232),
(284, 45, 9, '2016-06-04 13:05:26', 247, 330),
(285, 51, 15, '2016-10-25 02:19:58', 374, 119),
(286, 70, 23, '2017-02-12 17:00:54', 459, 25),
(287, 5, 8, '2017-01-24 11:52:38', 179, 24),
(288, 150, 19, '2016-05-17 10:15:20', 442, 90),
(289, 98, 3, '2016-09-19 05:10:25', 433, 105),
(290, 59, 18, '2017-03-18 23:41:33', 124, 74),
(291, 17, 19, '2017-01-27 19:09:34', 156, 228),
(292, 191, 26, '2017-01-12 07:08:56', 44, 16),
(293, 168, 23, '2017-01-03 22:03:44', 393, 81),
(294, 180, 8, '2016-10-24 00:24:14', 186, 112),
(295, 72, 3, '2017-01-01 02:00:08', 355, 324),
(296, 47, 7, '2016-05-13 07:16:05', 176, 191),
(297, 63, 29, '2017-02-11 00:11:07', 97, 351),
(298, 31, 8, '2016-11-11 01:03:23', 445, 362),
(299, 71, 3, '2016-12-06 14:54:25', 49, 54),
(300, 25, 8, '2016-10-24 17:36:21', 59, 245),
(301, 199, 15, '2016-09-22 05:14:31', 391, 286),
(302, 36, 2, '2017-01-11 05:11:21', 166, 388),
(303, 133, 7, '2017-03-01 23:13:18', 377, 281),
(304, 186, 25, '2016-12-08 15:37:26', 171, 187),
(305, 125, 8, '2016-07-23 11:43:24', 196, 62),
(306, 89, 8, '2016-06-29 17:06:40', 137, 70),
(307, 38, 28, '2017-01-01 04:40:32', 489, 83),
(308, 13, 29, '2017-03-24 09:29:22', 261, 84),
(309, 135, 23, '2017-03-11 14:00:18', 328, 130),
(310, 155, 6, '2016-11-02 23:14:25', 437, 334),
(311, 113, 9, '2017-02-23 21:26:41', 356, 261),
(312, 124, 28, '2017-04-17 04:02:20', 86, 133),
(313, 42, 13, '2017-01-18 09:10:42', 146, 162),
(314, 169, 3, '2016-08-15 06:47:07', 88, 210),
(315, 95, 19, '2016-10-07 02:12:02', 425, 72),
(316, 63, 13, '2016-07-14 04:27:34', 498, 398),
(317, 42, 15, '2016-12-28 00:43:23', 154, 9),
(318, 3, 9, '2016-09-10 22:15:55', 320, 338),
(319, 61, 25, '2017-01-13 08:54:12', 323, 326),
(320, 54, 23, '2017-02-24 06:57:39', 317, 244),
(321, 73, 4, '2017-04-12 23:15:01', 168, 224),
(322, 76, 29, '2016-08-12 13:27:05', 49, 390),
(323, 38, 25, '2017-03-08 15:53:22', 164, 336),
(324, 98, 14, '2017-01-23 13:25:59', 176, 214),
(325, 26, 30, '2016-10-07 17:41:15', 188, 387),
(326, 181, 3, '2016-11-01 04:56:43', 115, 130),
(327, 97, 28, '2017-04-19 18:57:53', 231, 296),
(328, 176, 7, '2016-10-24 12:16:11', 404, 55),
(329, 80, 26, '2016-05-30 20:28:11', 393, 328),
(330, 156, 18, '2017-01-29 09:42:47', 396, 219),
(331, 112, 9, '2016-11-26 07:47:18', 459, 30),
(332, 66, 4, '2016-08-21 00:57:02', 461, 353),
(333, 163, 22, '2017-01-12 19:53:04', 357, 201),
(334, 191, 22, '2016-10-19 06:39:08', 326, 344),
(335, 160, 19, '2017-04-01 05:17:05', 78, 105),
(336, 71, 15, '2016-09-27 11:09:02', 217, 224),
(337, 99, 16, '2017-03-27 03:46:25', 175, 286),
(338, 181, 30, '2016-06-22 12:04:31', 187, 162),
(339, 18, 16, '2016-06-04 09:05:14', 147, 389),
(340, 16, 24, '2016-10-02 03:22:17', 182, 394),
(341, 172, 21, '2016-06-23 11:20:51', 71, 19),
(342, 46, 13, '2016-05-01 18:11:03', 159, 199),
(343, 23, 16, '2016-09-05 23:12:50', 428, 27),
(344, 96, 4, '2016-10-16 08:11:36', 291, 37),
(345, 170, 18, '2017-02-18 09:50:06', 138, 89),
(346, 97, 1, '2017-04-01 22:40:31', 270, 108),
(347, 170, 15, '2016-10-18 19:49:39', 141, 283),
(348, 45, 6, '2017-03-13 13:34:54', 252, 184),
(349, 186, 16, '2017-03-28 11:19:08', 351, 373),
(350, 184, 20, '2016-07-29 23:56:36', 407, 79),
(351, 142, 13, '2016-05-28 01:55:30', 37, 326),
(352, 183, 11, '2017-03-21 23:32:58', 175, 106),
(353, 79, 10, '2017-03-08 07:31:20', 222, 304),
(354, 133, 30, '2016-11-25 17:36:45', 474, 371),
(355, 188, 5, '2016-07-01 19:56:38', 451, 252),
(356, 153, 3, '2016-08-31 02:01:57', 136, 387),
(357, 36, 8, '2016-08-02 09:43:51', 36, 111),
(358, 67, 21, '2017-02-19 13:42:58', 102, 92),
(359, 123, 17, '2016-05-06 23:46:02', 425, 277),
(360, 106, 26, '2016-08-14 19:13:57', 275, 191),
(361, 94, 24, '2016-12-09 13:15:52', 238, 73),
(362, 167, 20, '2016-05-21 16:13:35', 110, 216),
(363, 4, 11, '2016-10-20 02:57:44', 352, 349),
(364, 11, 15, '2016-06-24 20:49:26', 35, 264),
(365, 85, 18, '2016-06-08 02:50:25', 388, 340),
(366, 88, 3, '2016-06-17 06:39:49', 335, 45),
(367, 80, 25, '2016-11-03 13:49:38', 139, 173),
(368, 102, 1, '2016-10-04 15:01:05', 440, 400),
(369, 153, 29, '2016-06-17 20:26:58', 221, 302),
(370, 105, 6, '2016-11-13 20:56:45', 213, 116),
(371, 73, 5, '2016-06-22 10:38:17', 426, 215),
(372, 59, 30, '2017-04-09 13:49:42', 430, 154),
(373, 197, 13, '2016-10-22 20:29:49', 270, 66),
(374, 103, 21, '2016-08-27 07:47:55', 446, 202),
(375, 85, 16, '2016-07-05 06:03:18', 313, 183),
(376, 25, 2, '2016-07-16 22:49:51', 432, 111),
(377, 77, 5, '2017-04-13 06:06:21', 376, 59),
(378, 72, 14, '2016-10-07 16:49:16', 235, 195),
(379, 200, 16, '2017-01-22 20:59:43', 96, 203),
(380, 191, 7, '2016-07-18 08:10:17', 369, 200),
(381, 129, 23, '2016-07-23 02:47:26', 107, 16),
(382, 172, 6, '2016-06-13 16:47:47', 470, 11),
(383, 18, 8, '2017-03-15 07:11:11', 197, 129),
(384, 28, 29, '2016-11-19 11:34:08', 63, 212),
(385, 51, 28, '2016-06-11 08:09:47', 178, 245),
(386, 11, 27, '2016-10-16 12:29:51', 279, 191),
(387, 33, 10, '2016-09-16 12:45:54', 280, 372),
(388, 52, 4, '2016-08-21 21:18:58', 170, 189),
(389, 65, 10, '2017-03-07 23:40:36', 97, 172),
(390, 53, 30, '2017-03-11 13:24:16', 145, 295),
(391, 10, 12, '2016-04-22 18:52:35', 470, 322),
(392, 198, 14, '2017-02-08 07:53:59', 408, 58),
(393, 69, 8, '2016-05-17 05:51:01', 68, 272),
(394, 4, 11, '2016-05-11 08:25:48', 50, 205),
(395, 44, 24, '2016-11-14 17:18:56', 173, 186),
(396, 19, 1, '2016-08-28 06:10:57', 268, 8),
(397, 47, 5, '2017-03-08 19:20:04', 307, 166),
(398, 69, 26, '2016-12-05 13:34:36', 489, 138),
(399, 52, 2, '2017-01-25 00:45:04', 222, 96),
(400, 77, 28, '2016-11-24 10:09:13', 490, 77),
(401, 175, 5, '2016-08-24 17:33:28', 140, 53),
(402, 62, 11, '2016-08-01 18:34:06', 368, 106),
(403, 11, 11, '2017-02-24 08:30:29', 118, 7),
(404, 156, 17, '2017-03-29 08:10:19', 250, 57),
(405, 16, 7, '2016-04-27 19:43:53', 125, 309),
(406, 18, 5, '2017-02-27 01:16:47', 156, 103),
(407, 59, 14, '2016-11-17 02:27:17', 126, 193),
(408, 66, 23, '2017-04-10 08:29:32', 266, 350),
(409, 145, 7, '2016-09-07 03:42:10', 108, 386),
(410, 113, 10, '2016-07-10 21:12:07', 429, 293),
(411, 85, 21, '2016-10-14 01:50:09', 308, 137),
(412, 57, 8, '2016-08-24 23:35:12', 93, 165),
(413, 20, 16, '2016-11-12 09:32:43', 217, 105),
(414, 62, 15, '2017-03-14 16:48:09', 374, 107),
(415, 21, 10, '2016-04-30 12:29:48', 142, 310),
(416, 16, 13, '2016-09-07 22:40:52', 448, 321),
(417, 43, 20, '2017-01-22 02:41:42', 352, 397),
(418, 75, 28, '2016-08-31 03:35:46', 50, 145),
(419, 19, 23, '2016-11-01 12:10:03', 349, 241),
(420, 151, 25, '2016-06-21 00:21:07', 444, 34),
(421, 128, 13, '2016-10-27 12:27:16', 60, 267),
(422, 97, 20, '2017-02-20 17:35:19', 216, 32),
(423, 68, 4, '2016-05-26 20:06:25', 391, 370),
(424, 154, 4, '2017-01-11 09:20:27', 488, 26),
(425, 125, 23, '2016-09-21 14:46:04', 351, 380),
(426, 183, 2, '2017-01-15 02:42:46', 42, 171),
(427, 102, 14, '2016-09-30 05:19:20', 429, 50),
(428, 63, 21, '2017-01-25 02:50:30', 251, 11),
(429, 139, 13, '2017-04-14 04:15:08', 113, 159),
(430, 133, 1, '2017-01-01 22:40:44', 497, 196),
(431, 184, 6, '2016-04-28 21:59:52', 373, 395),
(432, 83, 18, '2016-06-03 06:55:18', 183, 182),
(433, 193, 22, '2016-07-10 11:14:03', 250, 74),
(434, 92, 6, '2016-11-05 11:38:30', 136, 397),
(435, 2, 25, '2017-04-17 09:07:29', 276, 244),
(436, 198, 9, '2016-07-12 23:00:07', 286, 382),
(437, 179, 25, '2016-10-10 23:00:39', 327, 67),
(438, 168, 30, '2016-12-07 05:26:20', 214, 398),
(439, 187, 15, '2016-10-08 22:58:35', 127, 276),
(440, 67, 9, '2016-10-15 14:57:07', 450, 203),
(441, 133, 15, '2016-08-09 19:59:32', 394, 397),
(442, 142, 28, '2016-08-23 10:39:29', 362, 215),
(443, 15, 20, '2017-04-18 03:13:32', 314, 183),
(444, 46, 5, '2017-01-06 18:47:21', 191, 198),
(445, 132, 27, '2016-09-14 09:39:10', 369, 120),
(446, 69, 23, '2016-06-11 21:16:00', 135, 141),
(447, 182, 2, '2016-08-24 20:24:44', 188, 110),
(448, 12, 19, '2017-01-23 19:55:23', 357, 162),
(449, 187, 24, '2016-04-27 00:22:08', 299, 1),
(450, 104, 21, '2016-06-14 10:21:33', 362, 280),
(451, 43, 20, '2016-09-15 07:42:59', 325, 289),
(452, 27, 15, '2016-05-08 09:03:12', 292, 135),
(453, 131, 20, '2017-03-01 23:05:53', 459, 160),
(454, 43, 15, '2016-08-15 18:42:04', 346, 255),
(455, 173, 14, '2016-08-27 07:21:32', 484, 206),
(456, 177, 20, '2016-12-16 03:37:01', 315, 37),
(457, 46, 9, '2016-06-09 23:36:40', 345, 318),
(458, 15, 8, '2017-02-01 08:08:25', 291, 194),
(459, 55, 17, '2016-11-02 02:13:37', 190, 185),
(460, 49, 7, '2017-01-10 11:33:07', 377, 21),
(461, 52, 28, '2017-02-23 00:05:31', 172, 387),
(462, 87, 16, '2016-08-27 17:05:02', 226, 103),
(463, 189, 3, '2016-07-19 13:43:39', 290, 223),
(464, 150, 18, '2016-07-17 14:00:06', 409, 399),
(465, 75, 14, '2016-06-29 23:40:17', 486, 264),
(466, 179, 12, '2016-07-06 23:21:54', 53, 5),
(467, 77, 13, '2016-07-16 13:47:06', 380, 301),
(468, 197, 21, '2016-07-03 11:20:29', 354, 31),
(469, 21, 16, '2016-05-23 08:09:37', 62, 188),
(470, 196, 7, '2017-02-02 01:40:36', 249, 169),
(471, 38, 9, '2016-05-05 13:47:33', 238, 228),
(472, 89, 6, '2016-04-23 13:07:48', 193, 274),
(473, 26, 13, '2017-03-19 14:17:28', 484, 196),
(474, 151, 29, '2016-07-14 04:10:51', 128, 116),
(475, 54, 24, '2017-03-30 09:19:36', 352, 183),
(476, 63, 12, '2016-10-15 17:58:14', 290, 244),
(477, 137, 12, '2016-08-05 06:05:30', 298, 351),
(478, 189, 27, '2017-03-14 19:53:32', 123, 138),
(479, 182, 30, '2017-02-10 14:29:56', 384, 103),
(480, 126, 5, '2016-11-12 05:32:06', 458, 187),
(481, 93, 22, '2016-10-09 07:05:15', 177, 95),
(482, 40, 24, '2016-04-26 05:18:48', 230, 392),
(483, 35, 4, '2016-05-27 18:21:13', 166, 233),
(484, 152, 26, '2016-08-02 12:57:29', 238, 53),
(485, 41, 16, '2016-07-27 17:27:15', 238, 284),
(486, 25, 19, '2016-08-01 21:24:35', 84, 211),
(487, 16, 17, '2016-07-13 00:05:33', 370, 200),
(488, 22, 18, '2016-07-31 04:45:05', 134, 305),
(489, 186, 9, '2016-07-25 04:25:08', 284, 371),
(490, 96, 7, '2017-02-14 01:20:45', 260, 103),
(491, 167, 15, '2017-01-14 15:09:05', 336, 385),
(492, 153, 8, '2017-04-13 16:00:30', 150, 112),
(493, 21, 11, '2016-04-21 06:04:21', 399, 283),
(494, 21, 11, '2017-04-12 00:14:26', 219, 211),
(495, 10, 27, '2016-12-18 11:52:47', 442, 380),
(496, 178, 6, '2016-06-19 11:05:33', 153, 61),
(497, 125, 26, '2016-08-29 09:30:10', 127, 169),
(498, 150, 25, '2016-05-31 07:57:47', 43, 105),
(499, 23, 20, '2016-11-09 06:05:43', 277, 285),
(500, 49, 18, '2016-10-07 16:05:54', 89, 111),
(501, 150, 10, '2017-03-09 05:13:10', 435, 177),
(502, 11, 13, '2017-04-17 18:50:33', 250, 380),
(503, 6, 8, '2017-02-24 04:56:25', 360, 124),
(504, 142, 11, '2016-10-26 10:44:42', 203, 201),
(505, 91, 8, '2017-04-12 01:57:31', 73, 149),
(506, 199, 24, '2016-10-08 06:15:26', 210, 253),
(507, 169, 20, '2016-04-29 05:09:16', 106, 93),
(508, 159, 12, '2016-12-27 22:38:58', 202, 385),
(509, 45, 3, '2016-09-11 18:18:13', 210, 400),
(510, 140, 30, '2016-11-23 17:07:13', 312, 323),
(511, 40, 13, '2016-05-22 04:32:19', 463, 268),
(512, 170, 17, '2016-10-08 22:19:19', 157, 47),
(513, 39, 29, '2016-06-05 22:00:16', 233, 250),
(514, 109, 26, '2016-12-14 16:41:52', 258, 397),
(515, 85, 16, '2016-08-17 10:28:53', 176, 166),
(516, 39, 4, '2017-02-08 14:20:04', 354, 248),
(517, 155, 21, '2016-12-26 22:26:58', 275, 103),
(518, 150, 12, '2016-10-04 22:39:03', 153, 103),
(519, 101, 18, '2016-04-23 09:22:00', 278, 268),
(520, 55, 29, '2016-06-10 04:37:40', 468, 197),
(521, 101, 29, '2016-05-11 04:29:42', 198, 80),
(522, 45, 8, '2016-12-05 15:01:17', 150, 234),
(523, 36, 3, '2017-03-06 01:34:32', 345, 23),
(524, 46, 3, '2016-06-05 10:42:07', 259, 248),
(525, 136, 6, '2016-08-02 09:10:06', 376, 202),
(526, 169, 7, '2016-07-21 17:16:12', 164, 243),
(527, 171, 13, '2017-04-02 04:12:24', 351, 226),
(528, 163, 27, '2016-07-01 18:44:00', 313, 315),
(529, 42, 23, '2016-05-03 21:37:13', 457, 116),
(530, 74, 19, '2016-07-19 16:56:20', 184, 258),
(531, 4, 13, '2016-12-31 21:53:44', 420, 317),
(532, 148, 26, '2016-08-12 05:23:30', 144, 63),
(533, 73, 24, '2017-01-13 10:57:49', 338, 236),
(534, 199, 2, '2016-10-09 14:14:10', 380, 339),
(535, 106, 1, '2016-05-02 22:36:04', 62, 2),
(536, 122, 15, '2016-07-21 13:34:45', 297, 350),
(537, 187, 16, '2016-06-28 18:42:33', 284, 309),
(538, 83, 20, '2016-12-19 05:17:42', 185, 89),
(539, 110, 19, '2016-10-12 04:09:04', 253, 16),
(540, 87, 21, '2016-09-13 07:57:07', 145, 340),
(541, 40, 17, '2017-03-22 07:31:07', 396, 114),
(542, 38, 27, '2016-10-12 15:44:56', 128, 303),
(543, 174, 27, '2016-08-24 04:49:11', 76, 243),
(544, 41, 27, '2016-07-11 19:17:53', 419, 236),
(545, 65, 26, '2016-08-31 16:32:30', 85, 124),
(546, 82, 11, '2016-05-14 19:45:48', 135, 272),
(547, 61, 3, '2017-01-08 14:03:57', 360, 313),
(548, 33, 7, '2016-11-30 13:27:28', 92, 290),
(549, 69, 16, '2016-11-15 05:32:41', 317, 378),
(550, 103, 15, '2016-12-24 12:29:03', 373, 355),
(551, 183, 10, '2017-01-30 12:44:45', 290, 395),
(552, 40, 11, '2017-03-13 01:18:43', 81, 169),
(553, 187, 25, '2016-05-22 21:45:01', 30, 149),
(554, 63, 9, '2016-11-12 13:03:11', 417, 120),
(555, 187, 24, '2016-08-23 13:34:23', 430, 395),
(556, 191, 5, '2016-11-20 23:19:54', 195, 306),
(557, 152, 4, '2016-12-17 10:49:45', 294, 260),
(558, 186, 17, '2016-11-24 04:42:21', 168, 209),
(559, 113, 17, '2016-04-27 12:14:40', 188, 122),
(560, 7, 21, '2016-05-11 15:38:24', 90, 28),
(561, 196, 7, '2016-09-28 19:23:55', 36, 331),
(562, 87, 14, '2017-03-02 09:05:57', 243, 286),
(563, 171, 10, '2017-03-17 06:22:56', 397, 43),
(564, 142, 15, '2016-06-23 23:37:50', 272, 171),
(565, 18, 29, '2016-06-06 21:56:41', 365, 143),
(566, 91, 12, '2016-09-10 06:42:04', 31, 98),
(567, 119, 29, '2017-02-07 21:14:11', 146, 27),
(568, 136, 23, '2016-09-22 12:34:25', 489, 262),
(569, 186, 28, '2017-01-06 07:03:44', 376, 250),
(570, 191, 2, '2016-05-29 18:36:39', 464, 376),
(571, 84, 27, '2016-05-14 16:51:34', 271, 56),
(572, 48, 26, '2017-03-18 05:44:48', 53, 321),
(573, 181, 11, '2017-04-03 07:33:26', 450, 336),
(574, 141, 5, '2016-10-30 22:58:30', 266, 169),
(575, 116, 22, '2016-05-25 12:09:46', 53, 47),
(576, 196, 24, '2016-09-27 05:55:14', 41, 277),
(577, 183, 27, '2016-11-03 13:18:49', 77, 228),
(578, 120, 30, '2016-04-29 11:39:24', 93, 29),
(579, 114, 25, '2016-06-17 16:19:51', 56, 345),
(580, 16, 14, '2017-03-27 04:13:09', 61, 306),
(581, 10, 14, '2016-08-22 09:32:54', 446, 97),
(582, 153, 12, '2016-12-18 15:57:28', 403, 350),
(583, 120, 20, '2017-04-02 01:29:40', 184, 257),
(584, 80, 21, '2016-05-25 06:23:49', 450, 205),
(585, 69, 20, '2016-05-06 08:57:13', 378, 251),
(586, 193, 4, '2016-06-26 11:18:21', 455, 93),
(587, 116, 28, '2016-12-25 06:20:38', 36, 239),
(588, 175, 6, '2017-03-08 02:17:41', 388, 255),
(589, 165, 14, '2016-08-27 04:57:37', 483, 96),
(590, 151, 4, '2016-08-03 19:08:23', 389, 24),
(591, 114, 7, '2016-12-18 22:18:01', 354, 267),
(592, 75, 12, '2016-05-30 07:55:59', 492, 364),
(593, 115, 5, '2017-02-19 05:06:56', 195, 230),
(594, 95, 23, '2016-12-13 21:33:15', 218, 189),
(595, 185, 25, '2016-07-09 16:15:19', 374, 287),
(596, 8, 19, '2016-10-27 18:21:56', 189, 349),
(597, 108, 8, '2017-02-11 12:32:53', 476, 200),
(598, 168, 3, '2016-10-05 10:38:57', 73, 297),
(599, 192, 24, '2017-01-07 09:02:57', 341, 80),
(600, 113, 26, '2017-03-08 03:28:17', 392, 234),
(601, 57, 12, '2016-11-08 23:57:21', 354, 204),
(602, 171, 17, '2016-11-10 18:02:16', 240, 46),
(603, 73, 21, '2016-09-29 14:57:35', 251, 5),
(604, 112, 25, '2016-09-13 09:21:00', 430, 195),
(605, 134, 26, '2016-09-27 01:29:44', 141, 355),
(606, 36, 26, '2017-04-12 05:18:02', 437, 260),
(607, 94, 9, '2016-07-29 19:49:54', 318, 4),
(608, 134, 7, '2016-05-07 17:09:45', 66, 104),
(609, 86, 13, '2017-04-03 01:34:11', 488, 272),
(610, 35, 30, '2016-12-27 11:31:08', 213, 300),
(611, 93, 16, '2016-12-13 18:58:39', 259, 266),
(612, 131, 22, '2017-03-11 17:22:44', 356, 289),
(613, 150, 8, '2016-05-10 13:15:28', 373, 251),
(614, 84, 2, '2016-11-30 20:01:16', 408, 187),
(615, 65, 14, '2017-02-14 02:28:50', 103, 95),
(616, 186, 24, '2016-06-26 09:46:11', 458, 119),
(617, 63, 6, '2016-09-28 14:06:44', 232, 379),
(618, 160, 10, '2017-03-12 02:54:52', 404, 293),
(619, 35, 18, '2016-12-06 22:14:37', 159, 210),
(620, 55, 15, '2016-09-29 22:01:00', 302, 355),
(621, 155, 18, '2017-04-11 07:29:12', 241, 16),
(622, 154, 4, '2016-09-08 19:16:59', 328, 119),
(623, 102, 23, '2017-03-29 21:12:55', 378, 239),
(624, 159, 25, '2016-06-15 08:17:58', 475, 108),
(625, 184, 3, '2016-06-15 21:41:20', 426, 126),
(626, 133, 11, '2016-10-03 12:13:06', 149, 113),
(627, 6, 17, '2016-12-20 23:22:37', 91, 215),
(628, 190, 29, '2017-04-14 16:15:33', 149, 225),
(629, 46, 3, '2016-12-01 11:40:37', 107, 309),
(630, 105, 25, '2017-04-02 22:20:00', 40, 50),
(631, 151, 10, '2016-05-20 08:12:20', 332, 112),
(632, 91, 21, '2016-05-20 06:05:12', 87, 161),
(633, 95, 18, '2016-10-21 22:26:33', 31, 266),
(634, 74, 29, '2016-12-26 04:15:29', 478, 92),
(635, 173, 12, '2016-07-28 11:10:18', 292, 161),
(636, 79, 23, '2016-10-01 18:56:21', 75, 270),
(637, 139, 11, '2016-11-01 13:23:34', 181, 118),
(638, 198, 1, '2016-06-01 11:20:48', 155, 379),
(639, 163, 20, '2017-03-28 10:12:16', 328, 107),
(640, 147, 18, '2017-03-27 21:09:22', 105, 340),
(641, 82, 15, '2017-03-23 10:56:23', 151, 280),
(642, 157, 27, '2016-07-23 01:44:42', 193, 25),
(643, 190, 23, '2016-08-31 18:09:50', 476, 33),
(644, 67, 11, '2016-12-17 19:37:30', 243, 324),
(645, 26, 19, '2016-08-26 09:14:28', 31, 204),
(646, 103, 18, '2016-11-15 02:15:10', 192, 223),
(647, 125, 9, '2016-08-28 22:42:49', 79, 233),
(648, 25, 21, '2016-11-03 04:52:17', 59, 131),
(649, 165, 28, '2017-04-02 16:26:29', 253, 369),
(650, 138, 23, '2017-01-14 06:05:47', 74, 31),
(651, 188, 6, '2017-02-08 09:23:26', 399, 129),
(652, 33, 27, '2016-07-17 04:59:15', 204, 337),
(653, 38, 11, '2016-07-01 00:15:45', 166, 396),
(654, 170, 8, '2016-10-17 19:20:39', 248, 292),
(655, 159, 5, '2017-04-19 23:25:14', 268, 355),
(656, 99, 8, '2016-10-04 12:23:59', 75, 157),
(657, 189, 21, '2016-07-04 21:24:07', 106, 392),
(658, 167, 6, '2016-10-20 23:50:44', 492, 59),
(659, 161, 30, '2016-05-03 23:55:16', 495, 328),
(660, 105, 18, '2017-04-09 13:51:08', 471, 85),
(661, 121, 24, '2016-11-23 15:17:37', 243, 181),
(662, 57, 22, '2017-03-05 08:24:49', 157, 155),
(663, 194, 9, '2016-05-24 02:11:53', 154, 30),
(664, 59, 13, '2017-04-01 16:37:05', 471, 28),
(665, 55, 22, '2016-07-29 01:44:17', 120, 6),
(666, 64, 22, '2016-05-04 23:42:52', 84, 70),
(667, 106, 12, '2016-06-09 06:11:22', 66, 59),
(668, 90, 21, '2017-01-04 08:42:18', 189, 154),
(669, 44, 11, '2016-07-20 01:31:34', 377, 90),
(670, 26, 25, '2016-07-28 11:22:58', 385, 182),
(671, 143, 26, '2016-07-11 19:36:53', 492, 12),
(672, 198, 3, '2016-07-19 15:10:04', 440, 201),
(673, 155, 7, '2017-03-25 23:51:45', 200, 221),
(674, 113, 2, '2016-11-30 08:28:54', 143, 323),
(675, 64, 19, '2016-07-01 01:13:43', 304, 347),
(676, 86, 25, '2016-12-30 20:30:17', 142, 86),
(677, 29, 5, '2016-09-07 12:50:35', 35, 266),
(678, 8, 20, '2016-07-28 05:47:18', 142, 228),
(679, 15, 28, '2016-11-17 06:42:46', 127, 75),
(680, 130, 11, '2016-12-27 10:20:29', 441, 320),
(681, 183, 14, '2016-07-11 14:09:14', 164, 202),
(682, 174, 13, '2016-12-15 13:03:11', 194, 34),
(683, 60, 30, '2016-11-05 08:14:41', 235, 78),
(684, 153, 14, '2016-12-15 21:03:52', 433, 379),
(685, 19, 17, '2016-10-08 23:51:02', 442, 32),
(686, 149, 25, '2016-08-27 18:34:16', 355, 119),
(687, 14, 3, '2016-10-01 13:22:19', 272, 262),
(688, 139, 11, '2017-04-18 09:12:51', 119, 147),
(689, 176, 9, '2016-05-26 19:38:03', 420, 180),
(690, 83, 25, '2016-07-28 11:50:12', 280, 52),
(691, 74, 17, '2016-12-14 19:01:03', 254, 145),
(692, 195, 11, '2016-12-27 17:49:37', 180, 163);

-- --------------------------------------------------------

--
-- Table structure for table `item_unit`
--

CREATE TABLE `item_unit` (
  `id` int(11) NOT NULL,
  `unit` varchar(255) NOT NULL,
  `status` int(11) NOT NULL DEFAULT '0'
) ENGINE=InnoDB DEFAULT CHARSET=latin1 ROW_FORMAT=COMPACT;

--
-- Dumping data for table `item_unit`
--

INSERT INTO `item_unit` (`id`, `unit`, `status`) VALUES
(1, 'Kg', 0),
(2, 'Pcs', 0),
(3, 'Litre', 0),
(4, 'Metre', 0);

-- --------------------------------------------------------

--
-- Table structure for table `member`
--

CREATE TABLE `member` (
  `id` int(11) NOT NULL,
  `first_name` varchar(50) NOT NULL,
  `last_name` varchar(50) NOT NULL,
  `gender` varchar(10) NOT NULL,
  `residential_address` varchar(500) NOT NULL,
  `city` varchar(50) NOT NULL,
  `telephone_no` varchar(50) DEFAULT NULL,
  `alternative_no` varchar(50) DEFAULT NULL,
  `email` varchar(50) NOT NULL,
  `birth_date` varchar(50) NOT NULL,
  `photo` varchar(500) DEFAULT NULL,
  `date_added` timestamp NOT NULL DEFAULT CURRENT_TIMESTAMP,
  `status` int(2) NOT NULL DEFAULT '0'
) ENGINE=InnoDB DEFAULT CHARSET=latin1;

--
-- Dumping data for table `member`
--

INSERT INTO `member` (`id`, `first_name`, `last_name`, `gender`, `residential_address`, `city`, `telephone_no`, `alternative_no`, `email`, `birth_date`, `photo`, `date_added`, `status`) VALUES
(1, 'George', 'Gutierrez', 'Male', '7769 Monica Avenue', 'Zhujiatai', '86-(948)843-7290', '53-(248)678-2017', 'ggutierrez0@photobucket.com', '14/04/1979', NULL, '2017-04-06 12:16:29', 0),
(2, 'Tina', 'Burke', 'Female', '14932 Bunting Place', 'Torrão', '351-(584)123-6076', '595-(951)285-8711', 'tburke1@google.co.uk', '02/11/1969', NULL, '2017-04-16 02:07:45', 0),
(3, 'Gary', 'Thomas', 'Male', '41 Ridgeway Place', 'Lunéville', '33-(279)420-5053', '98-(989)276-5842', 'gthomas2@google.es', '21/05/1964', NULL, '2017-04-01 11:37:45', 0),
(4, 'Joseph', 'Parker', 'Male', '7 Bluejay Park', 'Stockholm', '46-(220)797-7652', '62-(662)231-1815', 'jparker3@google.es', '02/03/1968', NULL, '2017-04-09 01:12:35', 0),
(5, 'Betty', 'Johnston', 'Female', '7384 Bluejay Place', 'Xinzhan', '86-(619)175-2911', '254-(803)293-8749', 'bjohnston4@hexun.com', '23/10/1954', NULL, '2017-03-25 05:41:32', 0),
(6, 'Eric', 'Porter', 'Male', '8304 Mifflin Parkway', 'Muldersdriseloop', '27-(766)641-7304', '1-(502)450-7209', 'eporter5@wordpress.com', '28/09/1960', NULL, '2017-04-16 14:57:04', 0),
(7, 'Judith', 'Allen', 'Female', '5 Manitowish Avenue', 'Néa Plágia', '30-(618)912-9215', '7-(340)440-0111', 'jallen6@ftc.gov', '29/04/1991', NULL, '2017-03-25 02:12:52', 0),
(8, 'Jeremy', 'West', 'Male', '005 Carpenter Pass', 'Wenping', '86-(373)941-1775', '86-(902)317-9443', 'jwest7@t.co', '19/02/1993', NULL, '2017-03-23 17:50:14', 0),
(9, 'Robert', 'Rice', 'Male', '5 Stoughton Junction', 'Koysinceq', '964-(285)350-5882', '54-(230)289-9912', 'rrice8@redcross.org', '11/01/1998', NULL, '2017-04-13 07:00:32', 0),
(10, 'Matthew', 'Fernandez', 'Male', '2927 Londonderry Avenue', 'Wulijie', '86-(303)550-6568', '63-(191)722-6944', 'mfernandez9@comcast.net', '20/08/1955', NULL, '2017-03-29 08:37:03', 0),
(11, 'Pamela', 'Wallace', 'Female', '77 Boyd Center', 'Beishidian', '86-(656)588-3372', '234-(415)993-9429', 'pwallacea@photobucket.com', '12/08/1953', NULL, '2017-04-02 11:21:01', 0),
(12, 'James', 'Andrews', 'Male', '493 Westerfield Terrace', 'Leone', '1-(415)381-2697', '7-(366)160-9361', 'jandrewsb@flavors.me', '02/02/1969', NULL, '2017-03-25 22:36:24', 0),
(13, 'Howard', 'Hart', 'Male', '519 Tony Road', 'Itatinga', '55-(549)403-3659', '381-(824)660-4723', 'hhartc@1688.com', '01/02/1980', NULL, '2017-04-02 20:39:11', 0),
(14, 'Arthur', 'Chapman', 'Male', '57489 Eagan Crossing', 'Trinidad', '598-(820)753-9682', '358-(591)963-5328', 'achapmand@chicagotribune.com', '07/04/1994', NULL, '2017-04-05 18:51:23', 0),
(15, 'Janet', 'Ruiz', 'Female', '9 6th Plaza', 'Kíti', '357-(260)701-0430', '7-(718)873-0873', 'jruize@geocities.jp', '15/03/1971', NULL, '2017-04-09 17:37:11', 0),
(16, 'Jean', 'Campbell', 'Female', '66 Larry Avenue', 'Sainte-Martine', '1-(170)729-0212', '63-(379)680-8407', 'jcampbellf@reddit.com', '09/11/1980', NULL, '2017-04-01 09:18:36', 0),
(17, 'Rachel', 'Ramirez', 'Female', '85 Paget Hill', 'Oslo', '47-(575)314-2438', '66-(855)649-7547', 'rramirezg@house.gov', '03/03/1955', NULL, '2017-03-22 16:27:55', 0),
(18, 'Julie', 'Lane', 'Female', '4948 Fairview Pass', 'Sukorejo', '62-(413)154-7077', '49-(471)210-7216', 'jlaneh@privacy.gov.au', '16/09/1964', NULL, '2017-04-11 04:02:45', 0),
(19, 'Dorothy', 'Sullivan', 'Female', '20711 Lakeland Plaza', 'Cibogo', '62-(246)865-0698', '81-(427)708-6981', 'dsullivani@examiner.com', '23/03/1991', NULL, '2017-03-26 17:19:36', 0),
(20, 'Mildred', 'Morgan', 'Female', '873 Artisan Terrace', 'Balyqshy', '7-(853)406-0378', '228-(593)896-4953', 'mmorganj@cbsnews.com', '30/01/1951', NULL, '2017-04-16 15:16:49', 0),
(21, 'Harry', 'Sullivan', 'Male', '0 Armistice Circle', 'Kebunkelapa', '62-(860)909-1528', '7-(844)634-9753', 'hsullivank@comcast.net', '08/01/1961', NULL, '2017-03-22 09:45:00', 0),
(22, 'Bruce', 'Rivera', 'Male', '1 Wayridge Crossing', 'Nabunturan', '63-(643)354-9379', '63-(719)534-7887', 'briveral@unc.edu', '02/06/1993', NULL, '2017-04-17 07:41:30', 0),
(23, 'Annie', 'Wells', 'Female', '62 Lindbergh Junction', 'København', '45-(496)821-6293', '385-(447)439-1184', 'awellsm@plala.or.jp', '27/06/1964', NULL, '2017-04-04 11:46:47', 0),
(24, 'Samuel', 'Marshall', 'Male', '4 Heath Drive', 'Panique', '63-(782)995-3563', '66-(340)214-5306', 'smarshalln@tiny.cc', '10/05/1968', NULL, '2017-03-31 03:17:50', 0),
(25, 'Louise', 'Griffin', 'Female', '38202 Cottonwood Avenue', 'Chimboy Shahri', '998-(479)956-4990', '86-(459)654-8668', 'lgriffino@kickstarter.com', '17/04/1979', NULL, '2017-04-07 10:12:03', 0),
(26, 'Russell', 'Davis', 'Male', '89131 Brickson Park Parkway', 'Huancaray', '51-(818)212-0568', '62-(770)539-8097', 'rdavisp@salon.com', '23/07/1970', NULL, '2017-04-07 06:03:24', 0),
(27, 'Rachel', 'Reyes', 'Female', '50087 Clemons Court', 'Kouqian', '86-(426)553-6890', '351-(919)349-2935', 'rreyesq@pcworld.com', '06/09/1978', NULL, '2017-04-09 23:54:05', 0),
(28, 'Roger', 'Gardner', 'Male', '76 Comanche Drive', 'Beigang', '86-(171)234-9894', '81-(620)919-2369', 'rgardnerr@telegraph.co.uk', '21/04/1994', NULL, '2017-03-27 21:21:41', 0),
(29, 'Harry', 'Watson', 'Male', '09738 Chinook Lane', '‘Uzeir', '972-(628)471-9064', '383-(978)162-6229', 'hwatsons@ustream.tv', '26/05/1971', NULL, '2017-04-14 19:29:21', 0),
(30, 'Anthony', 'Russell', 'Male', '7 Nancy Junction', 'Fukuech?', '81-(437)368-8344', '62-(452)594-4858', 'arussellt@unc.edu', '16/10/1957', NULL, '2017-04-10 20:08:38', 0),
(31, 'Irene', 'Marshall', 'Female', '65 Village Trail', 'Czarna Woda', '48-(869)658-5796', '46-(685)289-8299', 'imarshallu@xrea.com', '21/11/1973', NULL, '2017-04-12 20:10:43', 0),
(32, 'Kathryn', 'Bishop', 'Female', '17217 Steensland Plaza', 'Ruteng', '62-(696)605-6650', '1-(832)936-1972', 'kbishopv@deviantart.com', '31/10/1989', NULL, '2017-04-16 23:00:13', 0),
(33, 'Justin', 'Morgan', 'Male', '061 Chinook Lane', 'P?rgaaj', '880-(467)631-5062', '63-(807)565-1834', 'jmorganw@etsy.com', '16/06/1993', NULL, '2017-03-31 16:33:16', 0),
(34, 'Mary', 'Morgan', 'Female', '55 Springs Way', 'Créteil', '33-(717)442-6585', '62-(950)493-1699', 'mmorganx@examiner.com', '13/10/1974', NULL, '2017-03-28 04:48:12', 0),
(35, 'Denise', 'Reid', 'Female', '73625 Mcbride Pass', 'Uppsala', '46-(541)134-9707', '34-(609)195-3705', 'dreidy@soup.io', '19/06/1983', NULL, '2017-03-29 15:31:34', 0),
(36, 'Elizabeth', 'Porter', 'Female', '55 Reindahl Circle', 'Skövde', '46-(797)454-8991', '86-(816)655-0900', 'eporterz@themeforest.net', '25/08/1960', NULL, '2017-04-06 11:12:31', 0),
(37, 'Johnny', 'Oliver', 'Male', '4348 Clarendon Center', 'Nazareth', '972-(889)743-6416', '52-(163)665-9232', 'joliver10@ning.com', '17/07/1972', NULL, '2017-04-20 18:32:29', 0),
(38, 'Melissa', 'Jenkins', 'Female', '664 Florence Place', 'São Pedro', '351-(909)662-5464', '33-(972)672-3274', 'mjenkins11@ameblo.jp', '10/04/1980', NULL, '2017-03-24 22:34:32', 0),
(39, 'Daniel', 'King', 'Male', '7621 Scofield Place', 'Centralniy', '7-(925)587-0763', '7-(563)250-1276', 'dking12@rambler.ru', '22/12/1968', NULL, '2017-03-26 12:15:31', 0),
(40, 'Christina', 'Mccoy', 'Female', '58 Brown Lane', 'Banjar Swastika', '62-(587)982-9518', '355-(222)769-9984', 'cmccoy13@plala.or.jp', '25/05/1982', NULL, '2017-04-01 21:30:18', 0),
(41, 'Kathryn', 'Stanley', 'Female', '4109 Jenna Alley', 'Hexing', '86-(258)145-1571', '34-(793)777-2525', 'kstanley14@state.tx.us', '11/05/1973', NULL, '2017-04-16 20:40:26', 0),
(42, 'Rebecca', 'Myers', 'Female', '2790 Bunting Court', 'Monterrey', '504-(157)831-7241', '253-(602)443-8067', 'rmyers15@e-recht24.de', '08/05/1970', NULL, '2017-03-30 22:16:47', 0),
(43, 'Marie', 'Morris', 'Female', '1 Londonderry Court', 'Jincang', '86-(192)223-3912', '62-(910)538-3585', 'mmorris16@state.tx.us', '01/09/1968', NULL, '2017-03-26 14:21:34', 0),
(44, 'Anna', 'Nelson', 'Female', '9 Marcy Plaza', 'Biga', '63-(238)691-0929', '380-(472)288-1017', 'anelson17@cocolog-nifty.com', '24/03/1988', NULL, '2017-03-28 13:50:16', 0),
(45, 'Ann', 'Foster', 'Female', '79 Russell Hill', 'Borik', '62-(102)949-6703', '380-(717)840-1208', 'afoster18@ft.com', '05/11/1981', NULL, '2017-04-15 13:10:43', 0),
(46, 'Stephen', 'Davis', 'Male', '332 South Lane', 'Piedras', '57-(948)145-7048', '351-(952)790-9463', 'sdavis19@booking.com', '03/03/1981', NULL, '2017-04-13 10:23:54', 0),
(47, 'Russell', 'Garcia', 'Male', '8 Melvin Parkway', 'Kavallári', '30-(302)619-7539', '385-(815)298-6382', 'rgarcia1a@sina.com.cn', '15/11/1985', NULL, '2017-04-04 18:16:36', 0),
(48, 'Rachel', 'Bailey', 'Female', '60785 Troy Trail', 'Nangka', '63-(770)135-2759', '970-(562)453-3123', 'rbailey1b@a8.net', '23/09/1974', NULL, '2017-03-23 14:36:13', 0),
(49, 'Todd', 'Gomez', 'Male', '6736 Walton Junction', 'Leiden', '31-(361)869-4798', '358-(946)712-3303', 'tgomez1c@printfriendly.com', '03/04/1953', NULL, '2017-03-23 13:12:46', 0),
(50, 'Marilyn', 'Carpenter', 'Female', '58771 Vidon Park', 'El Capulin', '52-(802)580-5496', '7-(718)640-4131', 'mcarpenter1d@xinhuanet.com', '09/08/1991', NULL, '2017-04-11 15:53:41', 0),
(51, 'Ashley', 'Bailey', 'Female', '718 Lunder Junction', 'Tchamba', '228-(896)106-1797', '351-(657)567-0273', 'abailey1e@ted.com', '07/05/1978', NULL, '2017-04-17 01:48:13', 0),
(52, 'Anna', 'Williamson', 'Female', '4 Armistice Park', 'Taganrog', '7-(822)716-4826', '420-(984)499-0775', 'awilliamson1f@seesaa.net', '06/10/1986', NULL, '2017-03-31 18:41:35', 0),
(53, 'Willie', 'Wagner', 'Male', '92 Sachtjen Avenue', 'Tembeling', '62-(650)487-0562', '62-(461)169-9122', 'wwagner1g@sun.com', '16/04/1993', NULL, '2017-04-08 18:57:14', 0),
(54, 'Shawn', 'Thompson', 'Male', '69 Vera Circle', 'Yixing', '86-(501)196-6200', '86-(995)794-9094', 'sthompson1h@histats.com', '30/09/1988', NULL, '2017-03-27 07:52:43', 0),
(55, 'Patricia', 'Turner', 'Female', '29136 Esker Avenue', 'Vientiane', '856-(690)770-4775', '351-(783)283-6405', 'pturner1i@netscape.com', '15/08/1952', NULL, '2017-03-27 01:07:57', 0),
(56, 'Carol', 'Larson', 'Female', '42896 Starling Place', 'Manjiang', '86-(920)285-2836', '1-(562)648-0598', 'clarson1j@pen.io', '01/09/1970', NULL, '2017-03-29 08:30:33', 0),
(57, 'Christopher', 'Taylor', 'Male', '5860 Toban Place', 'Wajak', '62-(838)639-0339', '92-(160)172-5978', 'ctaylor1k@networkadvertising.org', '08/06/1956', NULL, '2017-04-07 04:00:19', 0),
(58, 'Carlos', 'Franklin', 'Male', '1 Del Sol Street', 'Rixinhe', '86-(780)119-1359', '967-(254)552-0097', 'cfranklin1l@globo.com', '26/02/1978', NULL, '2017-04-01 23:25:03', 0),
(59, 'Earl', 'Shaw', 'Male', '7589 Thackeray Lane', 'Rumbek', '249-(698)128-6094', '380-(933)248-5379', 'eshaw1m@lycos.com', '02/10/1980', NULL, '2017-04-20 10:45:13', 0),
(60, 'Lillian', 'Grant', 'Female', '771 Menomonie Park', 'Puget-sur-Argens', '33-(455)213-3236', '63-(216)172-3954', 'lgrant1n@furl.net', '01/11/1954', NULL, '2017-04-09 11:54:19', 0),
(61, 'Wayne', 'Stanley', 'Male', '2 Division Circle', 'Lumil', '63-(604)340-1017', '351-(720)747-2493', 'wstanley1o@pcworld.com', '24/10/1994', NULL, '2017-04-10 17:05:32', 0),
(62, 'Michael', 'Day', 'Male', '668 Green Pass', 'San Marcos', '57-(711)456-9682', '86-(623)730-0014', 'mday1p@toplist.cz', '03/06/1981', NULL, '2017-03-28 09:35:45', 0),
(63, 'Roger', 'Gray', 'Male', '837 Bultman Drive', 'Rappang', '62-(489)703-9328', '48-(718)221-7625', 'rgray1q@auda.org.au', '27/06/1966', NULL, '2017-04-20 18:13:39', 0),
(64, 'Judith', 'Snyder', 'Female', '60 7th Hill', 'Guadalupe Victoria', '52-(309)159-4463', '591-(514)603-0600', 'jsnyder1r@gov.uk', '10/02/1963', NULL, '2017-03-29 13:52:03', 0),
(65, 'Evelyn', 'Carr', 'Female', '67 Laurel Road', 'Klagenfurt am Wörthersee', '43-(213)638-0282', '51-(150)178-1850', 'ecarr1s@forbes.com', '25/01/1966', NULL, '2017-03-26 09:58:50', 0),
(66, 'Karen', 'Willis', 'Female', '001 Dapin Hill', 'Solnechnyy', '7-(257)665-5574', '375-(174)592-1696', 'kwillis1t@example.com', '25/09/1957', NULL, '2017-04-09 11:59:39', 0),
(67, 'Randy', 'Kelly', 'Male', '68462 Pankratz Avenue', 'Divinópolis', '55-(686)175-0620', '880-(943)922-7750', 'rkelly1u@tripod.com', '07/01/1964', NULL, '2017-04-10 10:25:26', 0),
(68, 'Paula', 'Hamilton', 'Female', '02292 Burning Wood Court', 'Gongyi', '86-(203)200-6471', '63-(993)956-4355', 'phamilton1v@flickr.com', '28/11/1958', NULL, '2017-04-02 12:30:11', 0),
(69, 'Evelyn', 'Tucker', 'Female', '1 Northfield Point', 'Zavitinsk', '7-(350)276-9626', '86-(975)544-2573', 'etucker1w@kickstarter.com', '13/07/1999', NULL, '2017-03-23 10:49:35', 0),
(70, 'Cynthia', 'Gonzales', 'Female', '0 Rowland Center', 'Pan de Azúcar', '598-(911)456-0614', '98-(832)301-5742', 'cgonzales1x@live.com', '29/04/1992', NULL, '2017-04-18 17:43:36', 0),
(71, 'Jonathan', 'Hudson', 'Male', '34 Barnett Lane', 'Baratã', '351-(456)737-2579', '504-(340)235-7897', 'jhudson1y@liveinternet.ru', '08/01/1975', NULL, '2017-04-19 11:12:58', 0),
(72, 'Louise', 'Howard', 'Female', '49095 Golf Point', 'Tazarine', '212-(888)227-9092', '237-(280)810-6511', 'lhoward1z@gravatar.com', '08/03/1983', NULL, '2017-03-29 17:59:59', 0),
(73, 'Alan', 'Bowman', 'Male', '478 Talisman Road', 'Pingling', '86-(386)197-9888', '62-(175)228-4652', 'abowman20@histats.com', '20/06/1993', NULL, '2017-04-12 15:40:41', 0),
(74, 'Elizabeth', 'Hunter', 'Female', '80 Fieldstone Circle', 'Belyayevka', '7-(176)679-2971', '86-(725)537-6465', 'ehunter21@1688.com', '12/11/1968', NULL, '2017-04-10 02:37:03', 0),
(75, 'Roy', 'Wagner', 'Male', '24 Nobel Circle', 'Tigaon', '63-(660)919-2094', '962-(841)933-7355', 'rwagner22@go.com', '28/04/1967', NULL, '2017-04-16 22:43:10', 0),
(76, 'Stephen', 'Martin', 'Male', '47 Village Trail', 'Darovskoy', '7-(551)958-7488', '86-(309)174-0279', 'smartin23@cam.ac.uk', '05/04/1961', NULL, '2017-03-23 19:17:31', 0),
(77, 'Adam', 'Owens', 'Male', '89 Shelley Junction', 'Carhuamayo', '51-(461)126-8997', '63-(670)547-1205', 'aowens24@jimdo.com', '03/07/1956', NULL, '2017-04-07 14:25:32', 0),
(78, 'Justin', 'Schmidt', 'Male', '274 Northridge Place', 'Ciudad Guayana', '58-(879)931-7365', '27-(757)486-1831', 'jschmidt25@guardian.co.uk', '13/02/1987', NULL, '2017-04-15 16:16:05', 0),
(79, 'Nicholas', 'Rose', 'Male', '59488 Tennessee Street', 'Iradan', '996-(655)367-6337', '48-(810)908-5639', 'nrose26@census.gov', '04/06/1979', NULL, '2017-03-22 08:20:29', 0),
(80, 'Billy', 'Parker', 'Male', '8399 Merry Center', 'Yuncheng', '86-(321)837-6232', '62-(738)332-5295', 'bparker27@state.tx.us', '27/11/1989', NULL, '2017-04-17 11:02:21', 0),
(81, 'Catherine', 'Gordon', 'Female', '2395 Cascade Park', 'Louguan', '86-(464)839-3352', '48-(406)715-3502', 'cgordon28@hubpages.com', '06/05/1955', NULL, '2017-04-08 12:24:45', 0),
(82, 'Ann', 'Cole', 'Female', '73 Hayes Road', 'Chujiang', '86-(563)548-5096', '81-(571)989-1037', 'acole29@g.co', '08/03/1963', NULL, '2017-04-08 08:22:51', 0),
(83, 'Philip', 'Cruz', 'Male', '3912 American Court', 'Wotho', '692-(276)121-6123', '7-(953)474-8572', 'pcruz2a@sun.com', '22/02/1958', NULL, '2017-04-15 03:59:10', 0),
(84, 'John', 'Rogers', 'Male', '72861 Schurz Drive', 'Moa', '53-(443)656-1169', '86-(441)483-4234', 'jrogers2b@columbia.edu', '12/05/1967', NULL, '2017-04-18 20:18:33', 0),
(85, 'Tina', 'Reed', 'Female', '142 Shopko Crossing', '?abia Wola', '48-(631)114-2105', '7-(595)177-2380', 'treed2c@ustream.tv', '08/11/1977', NULL, '2017-04-10 02:50:46', 0),
(86, 'Arthur', 'Garrett', 'Male', '6361 Golf View Center', 'Beizi', '86-(667)653-9305', '86-(112)864-9613', 'agarrett2d@ycombinator.com', '02/08/1955', NULL, '2017-04-11 17:01:45', 0),
(87, 'Diana', 'Lewis', 'Female', '9500 Stang Road', 'Los Patios', '57-(862)619-4281', '51-(448)820-9144', 'dlewis2e@hhs.gov', '18/11/1971', NULL, '2017-04-01 03:22:35', 0),
(88, 'Brenda', 'Edwards', 'Female', '14519 Mallard Crossing', 'Soavinandriana', '261-(637)481-5402', '359-(819)468-3656', 'bedwards2f@loc.gov', '10/08/1966', NULL, '2017-03-22 13:05:11', 0),
(89, 'Bonnie', 'Gomez', 'Female', '4909 Warner Street', 'Lom Kao', '66-(375)626-5744', '48-(564)515-1606', 'bgomez2g@desdev.cn', '02/11/1980', NULL, '2017-03-26 20:14:13', 0),
(90, 'Jane', 'Young', 'Female', '279 Schmedeman Circle', 'Giado', '218-(847)565-2318', '386-(320)453-0282', 'jyoung2h@nih.gov', '14/12/1992', NULL, '2017-04-03 12:37:08', 0),
(91, 'Ronald', 'Bailey', 'Male', '8 Mccormick Park', 'Rauco', '56-(140)937-5939', '48-(685)737-8962', 'rbailey2i@angelfire.com', '30/09/1999', NULL, '2017-03-25 12:16:45', 0),
(92, 'Nicole', 'Greene', 'Female', '2 Jackson Plaza', '‘Ajl?n', '962-(473)164-2772', '7-(478)713-4540', 'ngreene2j@nhs.uk', '29/09/1964', NULL, '2017-03-30 16:57:46', 0),
(93, 'Peter', 'Allen', 'Male', '4 Meadow Valley Court', 'Caculé', '55-(185)387-8635', '62-(147)246-8077', 'pallen2k@taobao.com', '10/01/1981', NULL, '2017-04-18 18:55:45', 0),
(94, 'James', 'Hawkins', 'Male', '7 La Follette Court', 'Leran Kulon', '62-(211)151-1622', '63-(964)816-8112', 'jhawkins2l@networksolutions.com', '14/01/1978', NULL, '2017-03-29 01:26:02', 0),
(95, 'Rachel', 'Clark', 'Female', '434 High Crossing Plaza', 'Ko Samui', '66-(544)646-4857', '63-(385)365-6586', 'rclark2m@shop-pro.jp', '14/09/1984', NULL, '2017-03-22 14:46:01', 0),
(96, 'Todd', 'Williamson', 'Male', '16 Hintze Center', 'Th? Tr?n M??ng Kh??ng', '84-(266)945-4922', '48-(185)168-2219', 'twilliamson2n@example.com', '24/07/1962', NULL, '2017-04-11 04:31:35', 0),
(97, 'Susan', 'Lane', 'Female', '90510 Glendale Park', 'Armação de Búzios', '55-(388)981-3256', '57-(471)723-6716', 'slane2o@naver.com', '03/07/1982', NULL, '2017-03-27 12:25:04', 0),
(98, 'Nancy', 'Myers', 'Female', '9 Cody Terrace', 'Aguitu', '86-(824)627-7460', '48-(753)473-6741', 'nmyers2p@wired.com', '06/09/1950', NULL, '2017-04-02 17:06:45', 0),
(99, 'Laura', 'Thompson', 'Female', '2332 Onsgard Pass', 'Doksy', '420-(377)894-8463', '62-(707)468-7895', 'lthompson2q@ovh.net', '06/01/1955', NULL, '2017-04-02 13:26:56', 0),
(100, 'Jonathan', 'Gilbert', 'Male', '67 Mitchell Parkway', 'Apopa', '503-(125)418-0586', '81-(223)217-8535', 'jgilbert2r@dropbox.com', '03/05/1981', NULL, '2017-03-26 20:27:03', 0),
(101, 'Beverly', 'Ramirez', 'Female', '88 Eastlawn Street', 'San Juan Bautista', '502-(762)698-8225', '380-(186)364-3095', 'bramirez2s@elpais.com', '19/03/1966', NULL, '2017-04-11 14:50:47', 0),
(102, 'Joyce', 'Woods', 'Female', '37334 Hazelcrest Pass', 'Yuanqian', '86-(817)587-0258', '370-(716)193-7946', 'jwoods2t@cbslocal.com', '17/11/1982', NULL, '2017-04-14 14:31:27', 0),
(103, 'Andrew', 'Carroll', 'Male', '38 Hoard Junction', 'Viçosa', '55-(402)144-2070', '63-(826)398-8479', 'acarroll2u@webnode.com', '25/05/1976', NULL, '2017-03-22 00:22:17', 0),
(104, 'Donald', 'Jenkins', 'Male', '30 Lake View Parkway', 'Huangascar', '51-(980)750-0541', '47-(534)190-1425', 'djenkins2v@1688.com', '18/07/1996', NULL, '2017-04-17 15:19:03', 0),
(105, 'Sarah', 'Mason', 'Female', '204 Alpine Street', 'Serrana', '55-(653)855-3285', '62-(812)549-7227', 'smason2w@theatlantic.com', '14/11/1993', NULL, '2017-03-30 06:37:34', 0),
(106, 'Virginia', 'Chavez', 'Female', '808 Nova Junction', 'Fengniancun', '86-(956)713-0754', '1-(250)463-2795', 'vchavez2x@dropbox.com', '19/05/1953', NULL, '2017-04-04 21:34:09', 0),
(107, 'Tina', 'Nelson', 'Female', '099 Vermont Park', 'Iecava', '371-(790)554-5376', '7-(329)830-7755', 'tnelson2y@ning.com', '16/11/1963', NULL, '2017-04-09 04:12:59', 0),
(108, 'Patrick', 'Lawson', 'Male', '3 Oneill Terrace', 'Calbuco', '56-(696)974-6050', '254-(973)516-9715', 'plawson2z@desdev.cn', '29/05/1967', NULL, '2017-04-14 19:49:58', 0),
(109, 'Christina', 'Burns', 'Female', '56583 Merchant Alley', 'Haugesund', '47-(997)586-0100', '62-(735)740-0305', 'cburns30@cdc.gov', '29/12/1978', NULL, '2017-04-15 06:36:52', 0),
(110, 'Debra', 'Wood', 'Female', '210 Gale Park', 'Muaralabuh', '62-(650)383-4961', '63-(792)882-8122', 'dwood31@google.ca', '12/04/1967', NULL, '2017-03-31 01:01:11', 0),
(111, 'Deborah', 'Edwards', 'Female', '4 Harper Center', 'Montfavet', '33-(588)450-3128', '351-(265)754-3368', 'dedwards32@kickstarter.com', '27/11/1964', NULL, '2017-03-31 09:46:04', 0),
(112, 'David', 'Daniels', 'Male', '443 Alpine Road', 'Minakuchi', '81-(735)284-9763', '86-(287)433-1349', 'ddaniels33@eventbrite.com', '11/02/1976', NULL, '2017-04-20 05:36:24', 0),
(113, 'Todd', 'Frazier', 'Male', '897 Merry Street', 'San Francisco', '52-(201)900-8244', '260-(778)455-5965', 'tfrazier34@webnode.com', '23/02/1963', NULL, '2017-04-03 13:11:54', 0),
(114, 'Jack', 'Miller', 'Male', '749 Schmedeman Parkway', 'Muarabadak', '62-(776)966-7459', '46-(261)204-5557', 'jmiller35@theatlantic.com', '07/09/1952', NULL, '2017-03-30 07:19:07', 0),
(115, 'Robin', 'Jenkins', 'Female', '7933 Larry Street', 'St?žery', '420-(377)115-7237', '1-(202)119-3537', 'rjenkins36@hhs.gov', '09/01/1968', NULL, '2017-03-26 02:30:58', 0),
(116, 'Jerry', 'Alvarez', 'Male', '9605 Hoffman Terrace', 'Krajanjugosari', '62-(230)946-8160', '7-(202)159-1082', 'jalvarez37@sina.com.cn', '02/05/1995', NULL, '2017-04-11 00:01:15', 0),
(117, 'Julia', 'Scott', 'Female', '9101 Mayfield Junction', 'Okahandja', '264-(201)909-8221', '7-(330)178-0544', 'jscott38@hc360.com', '15/06/1968', NULL, '2017-03-23 22:04:23', 0),
(118, 'Rose', 'Graham', 'Female', '47207 Basil Plaza', 'Al Buq‘ah', '970-(377)703-0283', '1-(308)368-4234', 'rgraham39@sfgate.com', '08/07/1951', NULL, '2017-03-23 15:53:25', 0),
(119, 'Christopher', 'Dunn', 'Male', '116 Bunker Hill Hill', 'Komaki', '81-(566)989-4043', '51-(739)862-4653', 'cdunn3a@cdc.gov', '06/07/1981', NULL, '2017-04-13 05:58:52', 0),
(120, 'Ralph', 'Peterson', 'Male', '40 David Drive', 'Kurgan', '7-(652)844-4434', '261-(391)475-4272', 'rpeterson3b@reference.com', '19/11/1971', NULL, '2017-04-18 01:10:01', 0),
(121, 'Anne', 'Ferguson', 'Female', '4552 Sundown Place', 'Jiangjing', '86-(699)370-1902', '86-(331)393-4852', 'aferguson3c@amazon.co.uk', '19/12/1976', NULL, '2017-03-28 08:04:02', 0),
(122, 'Joshua', 'Nguyen', 'Male', '63 Boyd Terrace', 'Kunj?h', '92-(314)157-8553', '506-(731)872-4639', 'jnguyen3d@mtv.com', '05/03/1987', NULL, '2017-03-24 14:51:38', 0),
(123, 'Albert', 'Jackson', 'Male', '3001 Shoshone Avenue', 'Kruisfontein', '27-(381)479-1385', '33-(737)856-6958', 'ajackson3e@japanpost.jp', '12/09/1957', NULL, '2017-03-31 12:34:21', 0),
(124, 'Edward', 'Russell', 'Male', '23 Melody Street', 'Bergen', '47-(699)810-7638', '7-(510)341-7582', 'erussell3f@goo.ne.jp', '12/06/1983', NULL, '2017-03-28 15:25:35', 0),
(125, 'Randy', 'Schmidt', 'Male', '40154 Sommers Pass', 'Taibao', '886-(915)759-7049', '86-(751)620-4511', 'rschmidt3g@mysql.com', '20/06/1972', NULL, '2017-03-30 23:11:15', 0),
(126, 'Ryan', 'Hernandez', 'Male', '8 Spaight Court', 'Oktyabr’sk', '7-(828)888-1182', '86-(132)741-0056', 'rhernandez3h@geocities.jp', '04/12/1993', NULL, '2017-04-04 21:06:05', 0),
(127, 'Gregory', 'Miller', 'Male', '160 Kedzie Road', 'Hutang', '86-(343)599-6320', '30-(749)409-2200', 'gmiller3i@imgur.com', '25/07/1963', NULL, '2017-03-27 13:44:42', 0),
(128, 'Brian', 'Larson', 'Male', '753 Atwood Drive', 'Sipeng', '86-(766)755-9367', '359-(106)537-9168', 'blarson3j@canalblog.com', '14/02/1956', NULL, '2017-03-27 19:39:46', 0),
(129, 'Walter', 'Crawford', 'Male', '4 Doe Crossing Alley', 'Lakeland', '1-(863)400-8998', '420-(994)306-1028', 'wcrawford3k@youtu.be', '18/05/1982', NULL, '2017-03-25 22:23:17', 0),
(130, 'Laura', 'Payne', 'Female', '4752 Hovde Place', 'San Jacinto', '63-(189)414-3698', '62-(253)156-0547', 'lpayne3l@zdnet.com', '15/02/1956', NULL, '2017-04-04 14:58:12', 0),
(131, 'Albert', 'Vasquez', 'Male', '43 Brentwood Street', 'Biliri', '234-(964)322-4728', '62-(377)774-9075', 'avasquez3m@techcrunch.com', '13/04/1973', NULL, '2017-04-15 20:56:46', 0),
(132, 'Jesse', 'Rodriguez', 'Male', '83673 Melvin Center', 'Huji', '86-(321)305-3662', '385-(809)398-9579', 'jrodriguez3n@oaic.gov.au', '14/06/1982', NULL, '2017-03-23 16:56:45', 0),
(133, 'Willie', 'Cunningham', 'Male', '3059 Shasta Place', 'Xiaomian', '86-(567)782-4866', '51-(414)308-4999', 'wcunningham3o@netvibes.com', '31/03/1955', NULL, '2017-04-18 02:05:28', 0),
(134, 'Joe', 'Long', 'Male', '186 Wayridge Center', 'Cibodas', '62-(700)340-9539', '60-(591)730-5324', 'jlong3p@google.cn', '19/05/1979', NULL, '2017-04-02 10:34:05', 0),
(135, 'Dorothy', 'Jackson', 'Female', '6 Sutteridge Center', 'Hesheng', '86-(239)415-1754', '62-(704)268-2410', 'djackson3q@cyberchimps.com', '06/02/1973', NULL, '2017-04-17 01:37:04', 0),
(136, 'Edward', 'Carroll', 'Male', '5539 3rd Way', 'Stebnyk', '380-(466)617-8279', '81-(331)596-3203', 'ecarroll3r@symantec.com', '23/06/1995', NULL, '2017-03-22 09:22:18', 0),
(137, 'Carlos', 'Austin', 'Male', '21 Declaration Road', 'Catia La Mar', '58-(331)966-0521', '54-(895)179-1666', 'caustin3s@woothemes.com', '06/09/1984', NULL, '2017-04-20 11:18:52', 0),
(138, 'Jonathan', 'Martinez', 'Male', '13 Forest Run Junction', 'Taltal', '63-(773)536-1092', '994-(838)453-8329', 'jmartinez3t@amazon.de', '30/11/1968', NULL, '2017-03-28 20:27:57', 0),
(139, 'Ann', 'Cooper', 'Female', '5411 Pepper Wood Junction', 'Ágios Spyrídon', '30-(820)298-2947', '57-(113)131-9926', 'acooper3u@ifeng.com', '02/04/1998', NULL, '2017-04-02 05:40:18', 0),
(140, 'Annie', 'Lopez', 'Female', '82 Dunning Hill', 'Yashiro', '81-(112)515-9375', '52-(106)821-0328', 'alopez3v@cnn.com', '16/07/1994', NULL, '2017-04-02 07:28:02', 0),
(141, 'Melissa', 'Torres', 'Female', '7621 Bartelt Way', 'Xinjian', '86-(371)845-9211', '7-(236)354-2787', 'mtorres3w@sohu.com', '12/04/1977', NULL, '2017-04-03 07:21:04', 0),
(142, 'Susan', 'Evans', 'Female', '547 Grover Avenue', 'Windsor', '1-(957)639-8430', '7-(884)804-4769', 'sevans3x@state.gov', '26/03/1977', NULL, '2017-04-12 04:00:47', 0),
(143, 'Russell', 'James', 'Male', '9 Bluejay Plaza', 'Beo', '62-(681)946-7061', '232-(434)632-1026', 'rjames3y@usgs.gov', '24/11/1962', NULL, '2017-03-23 14:55:36', 0),
(144, 'Barbara', 'Kim', 'Female', '8 Blackbird Junction', 'Bolekhiv', '380-(791)471-3149', '86-(667)127-3172', 'bkim3z@mediafire.com', '27/01/1961', NULL, '2017-04-15 02:15:51', 0),
(145, 'Phyllis', 'Day', 'Female', '1387 Bowman Park', 'Fezna', '212-(551)884-8528', '93-(552)189-5633', 'pday40@cyberchimps.com', '22/03/1998', NULL, '2017-04-20 08:26:26', 0),
(146, 'Nicole', 'Reyes', 'Female', '1 Northview Way', 'Fengcheng', '86-(929)984-4412', '86-(806)733-0958', 'nreyes41@histats.com', '08/04/1995', NULL, '2017-03-25 20:19:55', 0),
(147, 'Shawn', 'Lopez', 'Male', '86 Acker Point', 'Solok', '62-(357)572-2282', '52-(287)189-8545', 'slopez42@nih.gov', '08/07/1976', NULL, '2017-03-23 23:54:39', 0),
(148, 'Beverly', 'Wagner', 'Female', '66060 Scott Crossing', 'Alquízar', '53-(195)917-9209', '420-(979)595-2661', 'bwagner43@ow.ly', '21/05/1969', NULL, '2017-04-04 12:07:07', 0),
(149, 'Michelle', 'Roberts', 'Female', '5 Corben Place', 'Limatambo', '51-(324)342-9811', '1-(852)151-3197', 'mroberts44@webeden.co.uk', '26/05/1983', NULL, '2017-04-16 04:30:37', 0),
(150, 'Fred', 'Fisher', 'Male', '158 Pleasure Terrace', 'Aras-asan', '63-(172)340-5167', '62-(376)510-9177', 'ffisher45@mashable.com', '13/06/1972', NULL, '2017-04-17 18:14:42', 0),
(151, 'Tina', 'Green', 'Female', '5 Oriole Parkway', 'Övertorneå', '46-(786)802-0518', '358-(952)399-6810', 'tgreen46@over-blog.com', '02/08/1966', NULL, '2017-03-26 21:30:53', 0),
(152, 'Jennifer', 'Burns', 'Female', '953 Loftsgordon Trail', 'Worcester', '27-(282)949-6806', '62-(706)730-1922', 'jburns47@over-blog.com', '10/06/1972', NULL, '2017-04-11 16:01:10', 0),
(153, 'Mildred', 'Cook', 'Female', '8542 Prentice Plaza', 'Ciomas', '62-(516)152-2143', '380-(495)320-8915', 'mcook48@nba.com', '24/03/1967', NULL, '2017-04-13 18:02:54', 0),
(154, 'Tina', 'Pierce', 'Female', '20226 Eggendart Park', 'Bangunharja', '62-(531)728-2602', '86-(868)895-0198', 'tpierce49@google.com.br', '29/12/1983', NULL, '2017-04-08 13:25:22', 0),
(155, 'Fred', 'Wallace', 'Male', '23934 Green Ridge Parkway', 'Néa Péramos', '30-(305)968-8745', '7-(341)180-6667', 'fwallace4a@wiley.com', '06/09/1994', NULL, '2017-04-14 04:50:26', 0),
(156, 'Jacqueline', 'Nguyen', 'Female', '17154 Pawling Terrace', 'Yishui', '86-(858)215-9081', '226-(479)797-6908', 'jnguyen4b@artisteer.com', '01/04/1983', NULL, '2017-04-19 03:22:49', 0),
(157, 'Katherine', 'Kelly', 'Female', '1460 Russell Junction', 'Xihe', '86-(493)528-8044', '230-(954)224-5125', 'kkelly4c@ycombinator.com', '19/04/1958', NULL, '2017-03-27 20:51:43', 0),
(158, 'Shirley', 'Reyes', 'Female', '711 Prentice Trail', 'San Marcos', '503-(797)898-3943', '351-(586)301-0677', 'sreyes4d@netscape.com', '22/09/1963', NULL, '2017-04-17 16:24:20', 0),
(159, 'Frances', 'Gonzalez', 'Female', '0183 Weeping Birch Center', 'Peristerá', '30-(866)284-5707', '1-(281)469-5784', 'fgonzalez4e@economist.com', '20/09/1987', NULL, '2017-04-05 21:12:00', 0),
(160, 'Ashley', 'Berry', 'Female', '51 Petterle Court', 'Santa María del Real', '504-(879)159-7719', '7-(327)674-5771', 'aberry4f@myspace.com', '23/08/1957', NULL, '2017-04-06 14:42:37', 0),
(161, 'Ruby', 'Dean', 'Female', '9665 Melody Way', 'Kuala Lumpur', '60-(287)361-0568', '254-(477)706-7807', 'rdean4g@comsenz.com', '08/10/1984', NULL, '2017-03-22 20:19:38', 0),
(162, 'Adam', 'Baker', 'Male', '028 Garrison Way', 'Cinyumput', '62-(355)824-4528', '63-(392)656-8217', 'abaker4h@netlog.com', '17/01/1978', NULL, '2017-03-23 08:02:03', 0),
(163, 'Chris', 'Berry', 'Male', '4364 Gateway Road', 'Marietta', '1-(770)730-6983', '86-(763)200-5656', 'cberry4i@google.de', '04/04/1994', NULL, '2017-04-20 14:44:38', 0),
(164, 'Jean', 'Larson', 'Female', '7 Bay Place', 'Ouangani', '269-(662)420-0209', '234-(736)476-8623', 'jlarson4j@bbc.co.uk', '18/02/1960', NULL, '2017-04-03 18:39:45', 0),
(165, 'Ryan', 'Fox', 'Male', '933 Randy Lane', 'Nguru', '234-(428)132-5338', '86-(856)861-2672', 'rfox4k@zimbio.com', '12/11/1962', NULL, '2017-04-07 03:22:53', 0),
(166, 'Wanda', 'Bennett', 'Female', '36 Sage Junction', 'Kihurio', '255-(144)591-1921', '31-(204)322-5330', 'wbennett4l@godaddy.com', '12/10/1964', NULL, '2017-03-30 21:28:14', 0),
(167, 'Jack', 'Burke', 'Male', '6633 Comanche Circle', 'Las Tablas', '507-(394)692-8551', '63-(471)470-2544', 'jburke4m@loc.gov', '14/12/1983', NULL, '2017-04-13 09:42:52', 0),
(168, 'Johnny', 'Peterson', 'Male', '78341 Hanover Junction', 'Dresden', '49-(839)675-4155', '255-(660)536-9581', 'jpeterson4n@infoseek.co.jp', '15/08/1967', NULL, '2017-04-16 11:48:33', 0),
(169, 'Virginia', 'Burns', 'Female', '22888 Luster Center', 'Itapaci', '55-(636)249-7898', '46-(105)910-5693', 'vburns4o@discovery.com', '22/06/1991', NULL, '2017-04-12 09:32:16', 0),
(170, 'Jane', 'Greene', 'Female', '02019 Summit Crossing', 'Caikouji', '86-(352)145-8482', '387-(669)757-2980', 'jgreene4p@nifty.com', '13/04/1989', NULL, '2017-04-09 17:25:59', 0),
(171, 'Andrew', 'George', 'Male', '1115 Brown Court', 'Chistopol’', '7-(101)862-2725', '86-(659)605-8599', 'ageorge4q@microsoft.com', '16/06/1989', NULL, '2017-04-18 20:09:35', 0),
(172, 'Bruce', 'Fuller', 'Male', '73378 Shelley Plaza', 'Deskáti', '30-(149)781-0319', '60-(943)638-4432', 'bfuller4r@freewebs.com', '16/06/1954', NULL, '2017-03-25 09:26:59', 0),
(173, 'Mark', 'Chapman', 'Male', '20 Northport Street', 'Komorní Lhotka', '420-(393)547-2350', '86-(295)597-2425', 'mchapman4s@google.com.hk', '25/08/1974', NULL, '2017-04-13 23:06:41', 0),
(174, 'Joan', 'Hawkins', 'Female', '81735 Nevada Circle', 'Refojos de Riba de Ave', '351-(809)193-6762', '224-(917)650-4492', 'jhawkins4t@economist.com', '29/11/1976', NULL, '2017-04-14 16:25:58', 0),
(175, 'Phillip', 'Rogers', 'Male', '29261 Daystar Trail', 'Anau', '689-(127)268-9952', '351-(758)627-7464', 'progers4u@a8.net', '08/05/1985', NULL, '2017-03-26 20:13:27', 0),
(176, 'Fred', 'White', 'Male', '9701 Dawn Parkway', 'Prestea', '233-(558)660-4615', '48-(695)549-5383', 'fwhite4v@google.nl', '27/05/1977', NULL, '2017-04-04 11:46:10', 0),
(177, 'Louis', 'Ford', 'Male', '319 Claremont Pass', 'Jiaocha', '86-(893)204-4569', '86-(857)910-3471', 'lford4w@discovery.com', '11/01/1976', NULL, '2017-04-11 07:55:21', 0),
(178, 'Ann', 'Ford', 'Female', '1747 Cherokee Parkway', 'Ikeda', '81-(752)118-7007', '1-(817)845-8843', 'aford4x@creativecommons.org', '01/04/1981', NULL, '2017-04-19 12:42:09', 0),
(179, 'Kenneth', 'Bailey', 'Male', '184 Kropf Point', 'Xinchang', '86-(401)514-2823', '55-(787)138-5363', 'kbailey4y@pen.io', '06/10/1990', NULL, '2017-03-25 16:04:03', 0),
(180, 'Louis', 'Jordan', 'Male', '045 Nancy Drive', 'Daxi', '886-(935)452-9466', '7-(655)112-3024', 'ljordan4z@biblegateway.com', '25/05/1965', NULL, '2017-04-15 06:40:46', 0),
(181, 'Joyce', 'Butler', 'Female', '8 Birchwood Way', 'La Unión', '57-(906)510-3409', '381-(281)413-4378', 'jbutler50@chron.com', '24/04/1997', NULL, '2017-04-08 07:35:22', 0),
(182, 'Jessica', 'Baker', 'Female', '957 Weeping Birch Drive', 'Martaban', '95-(553)520-4579', '686-(763)541-3228', 'jbaker51@toplist.cz', '30/08/1950', NULL, '2017-04-04 03:55:37', 0),
(183, 'Victor', 'Simmons', 'Male', '9688 Fordem Place', 'Huacachi', '51-(339)749-4647', '420-(848)584-1998', 'vsimmons52@soundcloud.com', '28/09/1969', NULL, '2017-03-27 07:27:50', 0),
(184, 'Patricia', 'Smith', 'Female', '1 Arkansas Junction', 'Pedreira', '55-(130)693-5834', '86-(187)214-8660', 'psmith53@blog.com', '05/10/1975', NULL, '2017-04-08 21:42:45', 0),
(185, 'Kelly', 'Peterson', 'Female', '21412 Everett Place', 'Ukata', '234-(663)968-8251', '381-(297)929-1785', 'kpeterson54@addthis.com', '19/02/1988', NULL, '2017-03-30 18:33:27', 0),
(186, 'Walter', 'Fisher', 'Male', '7 Clarendon Point', 'Tiexi', '86-(996)464-2790', '880-(654)135-6588', 'wfisher55@dyndns.org', '19/11/1994', NULL, '2017-04-05 14:00:04', 0),
(187, 'Randy', 'Alvarez', 'Male', '82 Sachtjen Point', '?mi?owo', '48-(731)834-5294', '54-(578)474-5262', 'ralvarez56@wufoo.com', '13/03/1990', NULL, '2017-04-17 22:10:53', 0),
(188, 'Christina', 'Jordan', 'Female', '660 Loomis Park', 'Puerto Morazán', '505-(590)230-5583', '7-(889)983-0699', 'cjordan57@seesaa.net', '16/07/1989', NULL, '2017-03-25 21:30:35', 0),
(189, 'Kathy', 'Gomez', 'Female', '2841 Rigney Way', 'El Retorno', '57-(307)574-6811', '381-(813)861-5004', 'kgomez58@japanpost.jp', '14/11/1951', NULL, '2017-03-25 03:38:13', 0),
(190, 'Eugene', 'Lawrence', 'Male', '773 Oneill Drive', 'Nicosia', '357-(344)748-9881', '48-(626)351-7751', 'elawrence59@qq.com', '04/08/1998', NULL, '2017-04-11 09:23:02', 0),
(191, 'Paul', 'Franklin', 'Male', '0507 Namekagon Circle', 'Jarošov nad Nežárkou', '420-(261)271-0120', '57-(832)256-7635', 'pfranklin5a@weather.com', '21/07/1964', NULL, '2017-04-16 11:07:31', 0),
(192, 'Jean', 'Sanders', 'Female', '067 Butternut Road', 'Kosino', '7-(864)823-4526', '353-(124)483-2192', 'jsanders5b@netscape.com', '13/06/1968', NULL, '2017-03-29 20:57:42', 0),
(193, 'Theresa', 'Duncan', 'Female', '974 Hovde Circle', 'Manokwari', '62-(981)965-6721', '7-(185)713-6502', 'tduncan5c@ted.com', '02/02/1959', NULL, '2017-03-29 06:08:42', 0),
(194, 'Linda', 'Fisher', 'Female', '401 Red Cloud Parkway', 'Bergvliet', '27-(192)467-5299', '48-(761)594-3076', 'lfisher5d@com.com', '03/11/1950', NULL, '2017-03-31 20:05:14', 0),
(195, 'Robert', 'Martin', 'Male', '286 Hanson Terrace', 'Boaco', '505-(294)750-7531', '86-(297)595-8297', 'rmartin5e@adobe.com', '23/07/1966', NULL, '2017-04-09 10:48:32', 0),
(196, 'Ralph', 'Bailey', 'Male', '164 Muir Drive', 'Ponggok', '62-(687)462-5235', '380-(725)644-9783', 'rbailey5f@mashable.com', '15/04/1959', NULL, '2017-03-22 19:58:29', 0),
(197, 'Cheryl', 'Black', 'Female', '0926 Thackeray Terrace', 'Kombandaru', '62-(493)901-9667', '93-(205)563-1571', 'cblack5g@telegraph.co.uk', '27/05/1952', NULL, '2017-03-26 13:52:12', 0),
(198, 'Robin', 'Kelly', 'Female', '2013 Bultman Point', 'Vlachovo B?ezí', '420-(531)486-2133', '62-(640)245-5984', 'rkelly5h@businessinsider.com', '10/12/1951', NULL, '2017-04-09 10:49:29', 0),
(199, 'Aaron', 'Torres', 'Male', '36 Mcbride Court', 'B?r Saf?jah', '20-(823)140-9442', '46-(705)291-2134', 'atorres5i@mayoclinic.com', '22/04/1995', NULL, '2017-04-10 04:25:30', 0),
(200, 'Susan', 'Williams', 'Female', '64 Forster Place', 'San Jose', '52-(428)324-3932', '351-(656)761-5327', 'swilliams5j@ehow.com', '26/04/1968', NULL, '2017-03-30 19:20:57', 0),
(201, 'Irene', 'Matthews', 'Female', '301 Blue Bill Park Drive', 'Zhouhe', '86-(233)706-9586', '30-(436)825-8791', 'imatthews5k@amazon.co.jp', '11/12/1955', NULL, '2017-04-07 23:02:28', 0),
(202, 'David', 'Gardner', 'Male', '0505 Forster Lane', 'Imider', '212-(577)806-1064', '62-(572)588-6699', 'dgardner5l@free.fr', '07/09/1984', NULL, '2017-04-07 08:59:12', 0),
(203, 'Mary', 'Cunningham', 'Female', '59 Ridgeview Crossing', 'Yong’an', '86-(886)732-5857', '62-(750)491-7081', 'mcunningham5m@wix.com', '06/06/1985', NULL, '2017-04-10 05:23:00', 0),
(204, 'David', 'Black', 'Male', '972 Goodland Circle', 'Tual', '62-(740)765-9808', '1-(281)354-7878', 'dblack5n@bloglines.com', '25/07/1993', NULL, '2017-04-08 21:45:48', 0),
(205, 'Katherine', 'Hanson', 'Female', '573 Claremont Alley', 'Jõhvi', '372-(551)998-9171', '94-(843)653-4673', 'khanson5o@cargocollective.com', '29/03/1961', NULL, '2017-04-11 13:47:12', 0),
(206, 'Jack', 'Daniels', 'Male', '3 Kennedy Circle', 'Sangumata', '62-(534)685-6058', '7-(486)381-0021', 'jdaniels5p@time.com', '09/06/1950', NULL, '2017-04-15 01:05:43', 0),
(207, 'Mildred', 'Rose', 'Female', '6 Sauthoff Way', 'Prado', '55-(828)800-1001', '98-(200)393-7862', 'mrose5q@weather.com', '16/01/1980', NULL, '2017-04-01 01:49:23', 0),
(208, 'Kathy', 'Richards', 'Female', '859 Shelley Junction', 'Göteborg', '46-(271)202-5485', '7-(577)981-0854', 'krichards5r@state.gov', '22/05/1987', NULL, '2017-04-05 21:06:11', 0),
(209, 'Joseph', 'Meyer', 'Male', '26 Dapin Terrace', 'Concepcion', '63-(702)621-5895', '86-(421)955-3751', 'jmeyer5s@answers.com', '07/04/1961', NULL, '2017-04-08 20:04:36', 0),
(210, 'Diana', 'Patterson', 'Female', '3485 Melvin Terrace', 'Pleasant Point', '64-(337)995-8096', '86-(181)364-6065', 'dpatterson5t@webnode.com', '01/05/1979', NULL, '2017-04-09 14:03:21', 0),
(211, 'Martin', 'Wagner', 'Male', '859 Becker Road', 'Bayt al ‘Aw?b?', '968-(102)701-1246', '7-(724)328-0847', 'mwagner5u@pen.io', '27/12/1969', NULL, '2017-04-01 11:17:15', 0),
(212, 'Antonio', 'Bradley', 'Male', '869 Bunting Terrace', 'Th? Tr?n Yên Ninh', '84-(808)679-2283', '51-(338)471-1135', 'abradley5v@nature.com', '14/06/1977', NULL, '2017-04-03 18:31:24', 0),
(213, 'Sarah', 'Anderson', 'Female', '5585 Waywood Circle', 'Quxi', '86-(145)404-6935', '62-(266)649-5851', 'sanderson5w@arizona.edu', '29/01/1992', NULL, '2017-04-02 19:18:12', 0),
(214, 'Adam', 'Lawson', 'Male', '3 Hanover Point', 'Ila Orangun', '234-(977)499-9487', '62-(412)462-1488', 'alawson5x@mapquest.com', '29/07/1978', NULL, '2017-04-01 12:00:18', 0),
(215, 'Justin', 'Wallace', 'Male', '35012 Lotheville Parkway', 'Laško', '386-(760)971-5646', '502-(947)763-3448', 'jwallace5y@newyorker.com', '17/08/1963', NULL, '2017-04-09 07:08:25', 0),
(216, 'Anna', 'Gonzales', 'Female', '57825 Amoth Point', 'Lalig', '63-(199)226-2158', '86-(592)977-8345', 'agonzales5z@google.ru', '08/03/1977', NULL, '2017-04-10 18:20:17', 0),
(217, 'Douglas', 'Moreno', 'Male', '019 Fallview Circle', 'Busalangga', '62-(609)978-9142', '504-(731)417-5295', 'dmoreno60@reference.com', '18/02/1985', NULL, '2017-04-12 03:06:04', 0),
(218, 'Ruby', 'Hunt', 'Female', '4 Merry Court', 'Huangyang', '86-(661)163-3826', '27-(902)242-9504', 'rhunt61@oakley.com', '09/11/1976', NULL, '2017-04-09 10:29:40', 0),
(219, 'Scott', 'Jordan', 'Male', '650 Tomscot Alley', 'Pu’an', '86-(528)276-6094', '33-(822)638-5918', 'sjordan62@imdb.com', '08/05/1985', NULL, '2017-04-20 11:35:02', 0),
(220, 'Robert', 'Williamson', 'Male', '74612 Lakewood Way', 'Krzeszów', '48-(496)512-5811', '66-(641)346-7833', 'rwilliamson63@usnews.com', '11/05/1971', NULL, '2017-04-07 05:56:30', 0),
(221, 'Jessica', 'Harrison', 'Female', '842 Mallory Trail', 'Huangtugang', '86-(554)825-3283', '47-(176)242-0235', 'jharrison64@virginia.edu', '15/10/1960', NULL, '2017-04-20 21:59:14', 0),
(222, 'Steve', 'Wells', 'Male', '0276 Mallory Hill', 'Göteborg', '46-(641)640-1831', '234-(772)195-9574', 'swells65@state.tx.us', '08/01/1951', NULL, '2017-04-20 14:24:14', 0),
(223, 'Antonio', 'Bradley', 'Male', '031 Columbus Lane', 'Mandaon', '63-(484)817-9550', '7-(275)896-1215', 'abradley66@biglobe.ne.jp', '21/05/1986', NULL, '2017-04-06 00:38:01', 0),
(224, 'Theresa', 'Franklin', 'Female', '47 Straubel Court', 'Dobrze? Wielki', '48-(464)761-9043', '63-(577)274-8656', 'tfranklin67@usa.gov', '03/11/1979', NULL, '2017-04-18 13:33:28', 0),
(225, 'Jack', 'Patterson', 'Male', '681 School Park', 'Siyabuswa', '27-(595)100-3730', '52-(866)733-1466', 'jpatterson68@webnode.com', '01/10/1967', NULL, '2017-04-04 19:23:51', 0),
(226, 'Diane', 'Fowler', 'Female', '19655 Almo Junction', 'Gourcy', '226-(788)166-5581', '54-(415)754-6069', 'dfowler69@webmd.com', '18/11/1986', NULL, '2017-04-17 00:27:05', 0),
(227, 'Nicole', 'Perkins', 'Female', '324 Delaware Way', 'Al Mushannaf', '963-(779)175-3338', '230-(246)929-5057', 'nperkins6a@printfriendly.com', '06/10/1952', NULL, '2017-04-18 02:55:55', 0),
(228, 'Pamela', 'Willis', 'Female', '610 Dexter Junction', 'Onzaga', '57-(437)682-2059', '62-(477)352-0271', 'pwillis6b@nhs.uk', '18/07/1972', NULL, '2017-04-03 10:27:39', 0),
(229, 'Anna', 'Carr', 'Female', '9748 Kenwood Court', 'Souto', '351-(300)110-3571', '86-(602)952-9148', 'acarr6c@reddit.com', '21/04/1967', NULL, '2017-03-26 16:12:10', 0),
(230, 'Dennis', 'Nelson', 'Male', '2 Main Drive', 'Gros Morne', '509-(343)607-3675', '55-(946)808-7095', 'dnelson6d@lycos.com', '07/11/1993', NULL, '2017-04-20 01:30:56', 0),
(231, 'Peter', 'Arnold', 'Male', '2019 Hanover Court', 'Bouca', '236-(601)317-3225', '86-(606)631-2862', 'parnold6e@jiathis.com', '27/09/1997', NULL, '2017-04-18 16:19:15', 0),
(232, 'Julia', 'Reed', 'Female', '278 8th Junction', 'Pando', '63-(948)530-5393', '355-(334)811-5144', 'jreed6f@vinaora.com', '06/06/1995', NULL, '2017-04-11 14:02:14', 0),
(233, 'Phillip', 'Moreno', 'Male', '3264 Sachtjen Street', 'Budakovo', '383-(571)723-5449', '86-(379)537-5327', 'pmoreno6g@i2i.jp', '25/05/1990', NULL, '2017-04-15 21:41:58', 0),
(234, 'Dorothy', 'Day', 'Female', '74 1st Lane', 'Qingban', '86-(714)775-3062', '62-(122)601-8282', 'dday6h@mail.ru', '08/01/2000', NULL, '2017-04-09 20:30:20', 0),
(235, 'Russell', 'Bishop', 'Male', '47 Golf View Street', 'Pniv', '380-(630)733-6578', '86-(980)996-4062', 'rbishop6i@blogs.com', '27/11/1962', NULL, '2017-04-08 21:20:19', 0),
(236, 'Christopher', 'Barnes', 'Male', '3 Barnett Road', 'Ol’gino', '7-(207)272-0613', '86-(116)662-5182', 'cbarnes6j@booking.com', '30/04/1954', NULL, '2017-04-10 07:38:49', 0),
(237, 'Paula', 'Riley', 'Female', '168 Bunker Hill Court', 'Banos', '63-(697)705-4253', '86-(517)538-4401', 'priley6k@miitbeian.gov.cn', '19/01/1959', NULL, '2017-04-06 19:54:37', 0),
(238, 'Julia', 'Sims', 'Female', '0 Moose Park', 'Áyios Vasílios', '30-(605)546-0689', '33-(382)313-6650', 'jsims6l@virginia.edu', '19/01/1972', NULL, '2017-03-28 12:00:19', 0),
(239, 'Heather', 'Thomas', 'Female', '29 Crownhardt Junction', 'Arbeláez', '57-(401)805-7131', '351-(389)913-2874', 'hthomas6m@harvard.edu', '29/08/1995', NULL, '2017-04-13 06:44:16', 0),
(240, 'Diane', 'Campbell', 'Female', '7 Burning Wood Drive', 'Cox’s B?z?r', '880-(423)555-9243', '63-(588)203-7079', 'dcampbell6n@wired.com', '27/12/1986', NULL, '2017-03-24 05:48:42', 0),
(241, 'Victor', 'Rivera', 'Male', '72 Cardinal Pass', 'Tawangrejo', '62-(697)604-6007', '62-(599)339-9660', 'vrivera6o@rakuten.co.jp', '05/08/1953', NULL, '2017-04-10 00:44:39', 0),
(242, 'Jerry', 'Johnston', 'Male', '00 Crownhardt Alley', 'Stonewall', '1-(419)394-4158', '7-(923)388-0376', 'jjohnston6p@microsoft.com', '19/07/1999', NULL, '2017-04-04 18:29:05', 0),
(243, 'Edward', 'Phillips', 'Male', '6 Buell Plaza', 'Zhouzai', '86-(497)874-7955', '48-(470)513-0150', 'ephillips6q@hatena.ne.jp', '17/01/1981', NULL, '2017-03-31 01:35:27', 0),
(244, 'Paul', 'Hunt', 'Male', '26293 Melvin Way', 'Mileb', '63-(541)292-4052', '55-(830)547-6292', 'phunt6r@loc.gov', '09/07/1953', NULL, '2017-04-16 16:55:29', 0),
(245, 'Carlos', 'Roberts', 'Male', '71 Valley Edge Way', 'Ciganaria', '62-(532)624-9306', '86-(586)550-5249', 'croberts6s@theguardian.com', '23/02/1952', NULL, '2017-04-04 16:27:24', 0),
(246, 'Gary', 'George', 'Male', '0080 Ronald Regan Street', 'Xiayang', '86-(542)827-2024', '387-(573)358-9472', 'ggeorge6t@vistaprint.com', '24/06/1961', NULL, '2017-04-01 20:31:50', 0),
(247, 'Anne', 'Myers', 'Female', '37 Starling Plaza', 'Panalo-on', '63-(834)436-2941', '86-(668)964-9669', 'amyers6u@cnn.com', '27/05/1950', NULL, '2017-04-04 15:21:03', 0),
(248, 'Victor', 'Johnston', 'Male', '771 Golf View Avenue', 'Sarilhos Grandes', '351-(131)537-0296', '55-(238)991-9129', 'vjohnston6v@tripadvisor.com', '28/01/1997', NULL, '2017-04-02 19:27:16', 0),
(249, 'Helen', 'Gilbert', 'Female', '04760 Lakeland Hill', 'Kendalngupuk', '62-(773)107-6081', '52-(595)540-9664', 'hgilbert6w@plala.or.jp', '14/09/1975', NULL, '2017-03-30 04:49:41', 0),
(250, 'Janet', 'Morrison', 'Female', '277 Pennsylvania Junction', 'Potlot', '62-(510)623-0766', '54-(200)890-6860', 'jmorrison6x@apple.com', '03/05/1964', NULL, '2017-03-24 04:27:57', 0),
(251, 'Doris', 'Green', 'Female', '3705 Kinsman Center', 'Sade', '234-(396)701-3379', '81-(582)663-0474', 'dgreen6y@stumbleupon.com', '16/10/1985', NULL, '2017-04-12 16:43:22', 0),
(252, 'Marilyn', 'Johnston', 'Female', '1550 Sherman Drive', 'Qingshan', '86-(823)153-4783', '996-(488)412-6195', 'mjohnston6z@themeforest.net', '20/06/1984', NULL, '2017-03-27 23:50:23', 0),
(253, 'Julie', 'Watson', 'Female', '32701 Meadow Ridge Plaza', 'Sh?deg?n', '98-(265)146-6394', '52-(309)138-8999', 'jwatson70@dagondesign.com', '15/10/1964', NULL, '2017-04-15 01:17:49', 0),
(254, 'Eric', 'Lee', 'Male', '72 Hazelcrest Alley', 'Saint-Denis', '262-(451)501-7142', '1-(143)317-5736', 'elee71@gnu.org', '01/02/1968', NULL, '2017-04-18 23:33:30', 0),
(255, 'Steve', 'Wells', 'Male', '7645 Esker Drive', 'Sugiharjo', '62-(802)527-5129', '1-(202)288-3552', 'swells72@mail.ru', '24/01/1986', NULL, '2017-04-05 05:21:36', 0),
(256, 'Justin', 'Sanchez', 'Male', '5762 Clyde Gallagher Park', 'Kannabech?-yahiro', '81-(696)187-1166', '55-(533)626-8383', 'jsanchez73@apache.org', '06/07/1979', NULL, '2017-04-16 17:44:47', 0),
(257, 'Aaron', 'Hunt', 'Male', '8532 Warbler Court', 'Yushang', '86-(688)521-9151', '976-(916)476-3756', 'ahunt74@dedecms.com', '11/02/1974', NULL, '2017-03-23 02:14:57', 0),
(258, 'Dorothy', 'Reid', 'Female', '824 Bartillon Junction', 'Flandes', '57-(938)225-4543', '86-(154)527-7135', 'dreid75@salon.com', '18/01/1969', NULL, '2017-04-19 11:56:21', 0),
(259, 'Julie', 'Riley', 'Female', '286 Holmberg Circle', 'Gandiaye', '221-(967)479-4458', '92-(452)421-9430', 'jriley76@nature.com', '31/12/1997', NULL, '2017-04-07 22:29:06', 0),
(260, 'Louis', 'Reynolds', 'Male', '120 Oak Valley Pass', 'Louisville', '1-(502)354-7587', '30-(839)144-9942', 'lreynolds77@squarespace.com', '18/07/1968', NULL, '2017-03-22 16:42:21', 0),
(261, 'Christopher', 'Jenkins', 'Male', '8779 Thierer Alley', 'Yushikalasu', '86-(313)195-7911', '380-(225)659-8288', 'cjenkins78@elpais.com', '27/04/1953', NULL, '2017-04-06 15:05:01', 0),
(262, 'Cheryl', 'Meyer', 'Female', '2683 Saint Paul Hill', 'Airmata', '62-(904)434-3416', '51-(507)493-1519', 'cmeyer79@guardian.co.uk', '28/05/1989', NULL, '2017-04-02 03:12:58', 0),
(263, 'Christina', 'Vasquez', 'Female', '78027 Dapin Center', 'Ocampo', '63-(907)487-9977', '591-(877)114-7519', 'cvasquez7a@google.com.au', '04/02/1954', NULL, '2017-03-22 23:11:12', 0),
(264, 'Harold', 'Wells', 'Male', '2518 Londonderry Junction', 'Iitti', '358-(174)612-1329', '46-(610)555-2932', 'hwells7b@microsoft.com', '03/07/1991', NULL, '2017-04-01 04:45:12', 0),
(265, 'William', 'Walker', 'Male', '3177 Delaware Way', 'Njurunda', '46-(770)166-3128', '63-(339)875-7596', 'wwalker7c@miitbeian.gov.cn', '02/12/1983', NULL, '2017-04-04 01:36:07', 0),
(266, 'Charles', 'Moreno', 'Male', '79 Havey Center', 'Kamojimach?-j?gejima', '81-(236)795-5085', '30-(882)727-1387', 'cmoreno7d@state.tx.us', '13/03/1994', NULL, '2017-04-16 13:59:48', 0),
(267, 'William', 'Banks', 'Male', '88941 Northview Center', 'Zaoxi', '86-(169)357-8520', '54-(397)512-9641', 'wbanks7e@barnesandnoble.com', '22/08/1957', NULL, '2017-04-01 04:17:07', 0),
(268, 'Joyce', 'Welch', 'Female', '50 Lien Alley', 'Sumberrojokrajan', '62-(363)412-9581', '62-(743)782-9037', 'jwelch7f@bloglovin.com', '05/06/1967', NULL, '2017-04-03 15:47:37', 0),
(269, 'Earl', 'Wells', 'Male', '6600 Parkside Place', 'Liulin', '86-(234)615-6886', '1-(303)592-9443', 'ewells7g@t.co', '28/09/1999', NULL, '2017-03-30 23:00:48', 0),
(270, 'Brandon', 'Murray', 'Male', '56 Mendota Street', 'S?otowa', '48-(186)209-9433', '33-(221)760-8733', 'bmurray7h@hugedomains.com', '22/03/1952', NULL, '2017-03-25 03:05:44', 0),
(271, 'Susan', 'Hansen', 'Female', '77 Onsgard Terrace', 'Torres', '55-(215)348-6485', '57-(343)228-2549', 'shansen7i@com.com', '29/09/1988', NULL, '2017-04-06 19:15:34', 0),
(272, 'Jose', 'Fowler', 'Male', '74790 Brown Pass', 'Ganghwa-gun', '82-(235)303-5226', '84-(268)492-5977', 'jfowler7j@google.fr', '01/07/1955', NULL, '2017-03-31 19:32:31', 0),
(273, 'Joseph', 'Perkins', 'Male', '30938 Maple Pass', 'Pécs', '36-(369)527-8656', '62-(692)322-1858', 'jperkins7k@acquirethisname.com', '17/07/1964', NULL, '2017-04-13 20:47:41', 0),
(274, 'Beverly', 'Rivera', 'Female', '39 Eliot Avenue', 'Xichang', '86-(144)534-7820', '86-(163)284-4280', 'brivera7l@google.ru', '06/08/1965', NULL, '2017-04-15 23:44:09', 0),
(275, 'Shawn', 'Lawrence', 'Male', '3 Independence Point', 'Charlotte', '1-(704)182-4052', '84-(828)780-6366', 'slawrence7m@slideshare.net', '22/11/1972', NULL, '2017-04-17 14:02:09', 0),
(276, 'John', 'Chapman', 'Male', '710 Meadow Ridge Point', 'Tab?lah', '966-(565)611-2691', '86-(341)791-2201', 'jchapman7n@webs.com', '13/11/1961', NULL, '2017-03-25 09:50:05', 0),
(277, 'Sharon', 'Knight', 'Female', '10 Delaware Way', 'Escola', '351-(881)307-3586', '86-(409)895-3376', 'sknight7o@cocolog-nifty.com', '18/05/1999', NULL, '2017-04-02 06:19:02', 0),
(278, 'Sarah', 'Howell', 'Female', '3 Dahle Plaza', 'Stoney Ground', '1-(263)465-9587', '54-(926)106-9448', 'showell7p@skyrock.com', '17/08/1960', NULL, '2017-03-31 08:47:24', 0);
INSERT INTO `member` (`id`, `first_name`, `last_name`, `gender`, `residential_address`, `city`, `telephone_no`, `alternative_no`, `email`, `birth_date`, `photo`, `date_added`, `status`) VALUES
(279, 'Diana', 'Edwards', 'Female', '83 Armistice Way', 'R?msar', '98-(701)483-7652', '86-(844)644-0936', 'dedwards7q@theglobeandmail.com', '29/11/1953', NULL, '2017-04-04 01:38:16', 0),
(280, 'Margaret', 'Reynolds', 'Female', '35 Talmadge Circle', 'Paris 19', '33-(995)160-6190', '257-(396)109-1397', 'mreynolds7r@shareasale.com', '03/08/1965', NULL, '2017-04-10 23:14:46', 0),
(281, 'Jonathan', 'Montgomery', 'Male', '7918 Veith Street', 'Al Khawkhah', '967-(277)248-4995', '86-(293)403-7335', 'jmontgomery7s@marriott.com', '06/07/1955', NULL, '2017-03-28 12:35:10', 0),
(282, 'Mary', 'Mason', 'Female', '607 Oneill Parkway', 'Frakulla e Madhe', '355-(113)539-2094', '7-(599)431-9267', 'mmason7t@pcworld.com', '26/02/1964', NULL, '2017-04-01 01:06:57', 0),
(283, 'Sarah', 'Fox', 'Female', '2 Darwin Trail', 'Sindangsari', '62-(664)333-7542', '86-(250)708-4559', 'sfox7u@webeden.co.uk', '24/05/1980', NULL, '2017-04-12 05:08:49', 0),
(284, 'Kathleen', 'Perkins', 'Female', '99 Fremont Street', 'Mugala', '86-(651)385-1682', '86-(683)859-6035', 'kperkins7v@tumblr.com', '07/07/1983', NULL, '2017-03-29 01:52:06', 0),
(285, 'Julie', 'Jacobs', 'Female', '9 Hoffman Court', 'Zaria', '234-(144)592-3784', '1-(513)166-3286', 'jjacobs7w@liveinternet.ru', '08/07/1991', NULL, '2017-04-07 04:08:52', 0),
(286, 'Scott', 'Clark', 'Male', '58 Gale Parkway', 'Oslo', '47-(749)958-7618', '598-(427)973-6802', 'sclark7x@google.cn', '26/05/1956', NULL, '2017-04-16 13:47:27', 0),
(287, 'Jeffrey', 'Carroll', 'Male', '9 Gerald Circle', 'Hedaru', '255-(643)771-6741', '386-(647)834-7386', 'jcarroll7y@census.gov', '25/10/1991', NULL, '2017-04-17 12:43:07', 0),
(288, 'Rose', 'Pierce', 'Female', '37 Garrison Terrace', 'Roma', '39-(883)574-1933', '63-(841)214-6323', 'rpierce7z@sun.com', '10/12/1975', NULL, '2017-03-23 22:24:30', 0),
(289, 'Elizabeth', 'Anderson', 'Female', '0623 Swallow Street', 'Vale', '995-(907)317-2599', '86-(324)397-1610', 'eanderson80@fema.gov', '22/07/1979', NULL, '2017-04-13 18:54:07', 0),
(290, 'Kathy', 'Dunn', 'Female', '72 Bartillon Center', 'Maibu', '63-(698)566-1716', '33-(523)481-7673', 'kdunn81@google.com.hk', '25/09/1953', NULL, '2017-04-07 17:44:53', 0),
(291, 'Rebecca', 'Montgomery', 'Female', '550 Lindbergh Avenue', 'Pereiro', '351-(123)359-9006', '54-(295)163-5430', 'rmontgomery82@comcast.net', '29/01/1987', NULL, '2017-04-19 12:50:43', 0),
(292, 'Fred', 'George', 'Male', '1765 Thackeray Terrace', 'Guruyan', '63-(616)238-5979', '55-(693)787-5691', 'fgeorge83@npr.org', '16/07/1985', NULL, '2017-03-29 08:33:42', 0),
(293, 'Kimberly', 'Hawkins', 'Female', '0 Grasskamp Circle', 'Alabat', '63-(660)788-0470', '242-(459)309-5653', 'khawkins84@pinterest.com', '18/12/1988', NULL, '2017-04-15 06:04:59', 0),
(294, 'Patricia', 'Cruz', 'Female', '9 Golf Course Street', 'Mungo', '63-(109)320-4710', '62-(788)894-6917', 'pcruz85@blogs.com', '12/05/1977', NULL, '2017-03-29 19:21:34', 0),
(295, 'Amanda', 'Bennett', 'Female', '98 Delaware Road', 'Suez', '20-(448)465-4447', '63-(862)439-0945', 'abennett86@instagram.com', '22/06/1952', NULL, '2017-04-10 23:50:00', 0),
(296, 'Irene', 'Parker', 'Female', '57221 Loftsgordon Park', 'Pensacola', '1-(850)608-5131', '62-(859)612-3791', 'iparker87@huffingtonpost.com', '13/12/1991', NULL, '2017-04-10 14:35:13', 0),
(297, 'Philip', 'Ross', 'Male', '03782 Montana Pass', 'Muñoz East', '63-(838)509-7620', '7-(522)988-3743', 'pross88@state.tx.us', '30/12/1957', NULL, '2017-04-04 15:44:48', 0),
(298, 'Larry', 'Powell', 'Male', '57055 Harper Court', 'Marcos', '63-(779)504-2132', '63-(527)769-2478', 'lpowell89@desdev.cn', '17/03/1977', NULL, '2017-04-13 14:27:05', 0),
(299, 'Billy', 'Morris', 'Male', '2053 6th Parkway', 'West End', '1-(750)822-3313', '34-(216)337-9686', 'bmorris8a@newsvine.com', '29/06/1962', NULL, '2017-04-03 13:21:16', 0),
(300, 'Douglas', 'Walker', 'Male', '14 Forest Dale Plaza', 'Tisno', '385-(567)563-6813', '46-(445)748-2238', 'dwalker8b@shareasale.com', '11/09/1964', NULL, '2017-04-14 15:51:07', 0),
(301, 'Jean', 'Dixon', 'Female', '8 Melvin Junction', 'Albany', '1-(229)156-6727', '86-(202)709-0717', 'jdixon8c@ustream.tv', '05/05/1999', NULL, '2017-04-20 06:04:26', 0),
(302, 'Victor', 'Berry', 'Male', '73669 Bashford Pass', 'Fengren', '86-(423)510-7013', '385-(733)176-9933', 'vberry8d@vistaprint.com', '21/04/1954', NULL, '2017-04-19 00:04:01', 0),
(303, 'Wayne', 'Porter', 'Male', '8 Browning Plaza', 'Stari Banovci', '381-(536)432-5122', '62-(315)970-1179', 'wporter8e@msn.com', '18/05/1996', NULL, '2017-04-11 11:24:41', 0),
(304, 'Gary', 'Jackson', 'Male', '9 Bunker Hill Trail', 'Serra da Silveira', '351-(602)725-3324', '253-(568)407-8052', 'gjackson8f@unicef.org', '25/12/1958', NULL, '2017-04-04 17:44:05', 0),
(305, 'Tammy', 'Ortiz', 'Female', '86241 Gerald Junction', 'Ibiporã', '55-(216)809-1323', '57-(981)117-3364', 'tortiz8g@spotify.com', '23/06/1960', NULL, '2017-04-02 22:58:45', 0),
(306, 'Catherine', 'Burton', 'Female', '259 Spenser Junction', 'Shar’ya', '7-(704)842-8136', '51-(360)542-8198', 'cburton8h@theguardian.com', '03/06/1988', NULL, '2017-04-14 08:38:34', 0),
(307, 'Frances', 'Lynch', 'Female', '51425 Hovde Terrace', 'Al Marj', '218-(442)295-3120', '86-(544)402-5812', 'flynch8i@nature.com', '24/10/1976', NULL, '2017-04-12 03:31:53', 0),
(308, 'Janice', 'Dean', 'Female', '4 Jay Lane', 'Kh?jand', '992-(906)250-3800', '62-(506)160-7451', 'jdean8j@who.int', '15/03/1963', NULL, '2017-03-24 20:42:23', 0),
(309, 'Nicholas', 'Fernandez', 'Male', '20 School Alley', 'Phum? Véal Srê', '855-(275)668-7561', '86-(602)852-2943', 'nfernandez8k@weebly.com', '29/06/1990', NULL, '2017-04-11 22:38:16', 0),
(310, 'Juan', 'Stone', 'Male', '57441 Merrick Place', 'Novohrad-Volyns’kyy', '380-(451)759-8885', '63-(701)823-7916', 'jstone8l@nsw.gov.au', '11/10/1950', NULL, '2017-04-08 17:39:39', 0),
(311, 'Gloria', 'Ryan', 'Female', '8688 John Wall Alley', 'Xunjian', '86-(814)352-1894', '86-(208)674-8526', 'gryan8m@dailymotion.com', '21/11/1963', NULL, '2017-04-12 23:06:55', 0),
(312, 'Eric', 'Howell', 'Male', '2556 Granby Center', 'N’dalatando', '244-(824)555-2953', '963-(206)179-9052', 'ehowell8n@webnode.com', '08/07/1965', NULL, '2017-04-10 06:15:10', 0),
(313, 'Shawn', 'Nguyen', 'Male', '8661 Kinsman Circle', 'Louisville', '1-(502)837-4168', '506-(756)628-3157', 'snguyen8o@barnesandnoble.com', '14/12/1962', NULL, '2017-04-12 17:21:32', 0),
(314, 'Daniel', 'Gardner', 'Male', '5 Ridge Oak Lane', 'Yayao', '86-(729)513-9761', '7-(438)291-6459', 'dgardner8p@opensource.org', '19/10/1977', NULL, '2017-04-08 21:39:19', 0),
(315, 'Anthony', 'Rose', 'Male', '898 Magdeline Center', 'Guilherand-Granges', '33-(150)265-6442', '1-(713)728-0901', 'arose8q@fotki.com', '31/05/1959', NULL, '2017-04-18 19:35:27', 0),
(316, 'Sean', 'Jackson', 'Male', '564 Hagan Avenue', 'Blokdesa Situgede', '62-(562)241-5215', '86-(804)817-0366', 'sjackson8r@amazon.co.jp', '03/02/1966', NULL, '2017-03-30 23:24:08', 0),
(317, 'Theresa', 'Jordan', 'Female', '7 Tony Lane', 'Dongbatu', '86-(700)754-0214', '54-(879)642-5792', 'tjordan8s@joomla.org', '18/07/1964', NULL, '2017-04-18 19:44:19', 0),
(318, 'Evelyn', 'Richardson', 'Female', '1880 Johnson Point', 'Beyla', '224-(513)536-6216', '86-(864)104-7337', 'erichardson8t@ask.com', '10/04/1985', NULL, '2017-04-20 19:38:28', 0),
(319, 'Margaret', 'Hunt', 'Female', '56297 Atwood Parkway', 'Orléans', '33-(136)349-5234', '351-(903)761-3215', 'mhunt8u@dedecms.com', '31/01/1985', NULL, '2017-04-13 11:03:51', 0),
(320, 'Anna', 'Graham', 'Female', '48197 Haas Hill', 'Le Hochet', '230-(692)810-5550', '1-(585)550-8908', 'agraham8v@netvibes.com', '27/10/1995', NULL, '2017-04-04 13:21:37', 0),
(321, 'Craig', 'Thompson', 'Male', '4 Division Parkway', 'Daze', '86-(653)164-4635', '81-(157)272-1804', 'cthompson8w@ycombinator.com', '07/01/1988', NULL, '2017-04-03 22:22:18', 0),
(322, 'Phillip', 'Hall', 'Male', '69 Tennessee Avenue', 'Zhaocun', '86-(419)439-9900', '381-(445)892-1397', 'phall8x@oakley.com', '27/06/1953', NULL, '2017-04-04 05:53:19', 0),
(323, 'Timothy', 'Stevens', 'Male', '138 Mallard Crossing', 'Valenciennes', '33-(774)922-9370', '1-(803)776-8285', 'tstevens8y@google.fr', '17/12/1990', NULL, '2017-03-26 05:39:17', 0),
(324, 'Amy', 'Lopez', 'Female', '40610 Oakridge Place', 'Kalkara', '356-(215)723-6200', '66-(777)448-8409', 'alopez8z@umn.edu', '23/04/1951', NULL, '2017-04-06 15:58:52', 0),
(325, 'Maria', 'Webb', 'Female', '1 Calypso Pass', 'Angra do Heroísmo', '351-(863)345-5594', '57-(538)831-5935', 'mwebb90@google.ru', '22/11/1988', NULL, '2017-03-25 17:58:53', 0),
(326, 'Kevin', 'Mendoza', 'Male', '78 Melvin Street', 'Barra Cheia', '351-(252)211-4485', '63-(640)977-3617', 'kmendoza91@google.co.uk', '08/11/1986', NULL, '2017-04-18 05:18:19', 0),
(327, 'Terry', 'Taylor', 'Male', '28 Mosinee Lane', 'Sepahua', '51-(620)589-9762', '47-(187)183-3077', 'ttaylor92@java.com', '30/07/1981', NULL, '2017-04-06 07:59:22', 0),
(328, 'Donald', 'Spencer', 'Male', '6 Waywood Road', 'Marini?i', '385-(833)316-7346', '62-(220)846-3491', 'dspencer93@github.com', '05/01/1963', NULL, '2017-04-06 21:10:41', 0),
(329, 'Kathryn', 'Nelson', 'Female', '6 Corscot Parkway', 'Lao Suea Kok', '66-(791)936-3792', '48-(741)146-5697', 'knelson94@ameblo.jp', '06/02/1998', NULL, '2017-04-16 01:24:05', 0),
(330, 'Jeremy', 'Dunn', 'Male', '60261 Kinsman Drive', 'Barrinha', '55-(477)542-4653', '420-(131)531-2181', 'jdunn95@eepurl.com', '05/03/1963', NULL, '2017-04-19 20:47:27', 0),
(331, 'Albert', 'Ramirez', 'Male', '042 Eggendart Place', 'Iquique', '56-(232)500-3364', '7-(564)842-1669', 'aramirez96@accuweather.com', '03/10/1995', NULL, '2017-03-22 07:16:19', 0),
(332, 'Diane', 'Alvarez', 'Female', '4 Old Shore Circle', 'Daytona Beach', '1-(386)111-3505', '51-(209)899-4856', 'dalvarez97@loc.gov', '25/04/1964', NULL, '2017-03-27 16:12:23', 0),
(333, 'Paula', 'Simmons', 'Female', '91 Tennessee Trail', 'Heicheng', '86-(888)909-0483', '86-(339)686-1218', 'psimmons98@123-reg.co.uk', '10/11/1966', NULL, '2017-04-19 18:38:58', 0),
(334, 'Howard', 'Sanders', 'Male', '4 Pond Way', 'Tawun', '62-(344)137-9799', '66-(517)519-4370', 'hsanders99@naver.com', '26/06/1976', NULL, '2017-04-12 12:37:42', 0),
(335, 'Patricia', 'Morales', 'Female', '0 Macpherson Terrace', 'Hupalivka', '380-(308)482-8687', '7-(117)505-0997', 'pmorales9a@weibo.com', '27/11/1951', NULL, '2017-04-03 14:17:41', 0),
(336, 'Deborah', 'Harrison', 'Female', '254 Kim Road', 'Punata', '591-(862)693-4489', '20-(253)231-3739', 'dharrison9b@simplemachines.org', '15/08/1992', NULL, '2017-03-29 15:08:26', 0),
(337, 'Janet', 'Baker', 'Female', '4 Northfield Alley', 'Babice', '48-(688)984-2116', '30-(878)377-6725', 'jbaker9c@bloomberg.com', '25/08/1991', NULL, '2017-03-22 20:27:48', 0),
(338, 'Jose', 'Anderson', 'Male', '385 Victoria Road', 'Elói Mendes', '55-(324)593-0967', '383-(940)767-7931', 'janderson9d@ovh.net', '12/02/1973', NULL, '2017-04-04 07:15:32', 0),
(339, 'Ronald', 'Hart', 'Male', '139 Lien Crossing', 'Umbulan', '62-(708)454-1236', '33-(521)188-5505', 'rhart9e@i2i.jp', '24/03/1997', NULL, '2017-04-06 21:33:52', 0),
(340, 'Timothy', 'Baker', 'Male', '97343 Derek Street', 'Chengjiao', '86-(979)459-1305', '55-(795)613-7769', 'tbaker9f@xinhuanet.com', '07/04/1985', NULL, '2017-04-14 14:11:30', 0),
(341, 'Roy', 'Stanley', 'Male', '6 Blackbird Street', 'Johanneshov', '46-(685)124-1662', '223-(484)926-8105', 'rstanley9g@globo.com', '18/10/1954', NULL, '2017-04-18 12:20:14', 0),
(342, 'Timothy', 'Cruz', 'Male', '94 Kropf Junction', 'Buyant', '976-(307)648-2658', '216-(752)948-4090', 'tcruz9h@princeton.edu', '17/03/1995', NULL, '2017-04-04 04:12:54', 0),
(343, 'Ruth', 'Nichols', 'Female', '07755 Shasta Trail', 'Corralito', '54-(653)941-4792', '62-(166)666-3150', 'rnichols9i@google.nl', '15/10/1994', NULL, '2017-04-02 03:43:27', 0),
(344, 'Kenneth', 'Brown', 'Male', '041 Sundown Alley', 'Linxihe', '86-(270)598-2125', '233-(501)894-2407', 'kbrown9j@etsy.com', '14/08/1987', NULL, '2017-03-22 20:12:43', 0),
(345, 'Diane', 'Hamilton', 'Female', '5259 Manitowish Hill', 'Härnösand', '46-(544)687-4906', '86-(617)848-8625', 'dhamilton9k@gov.uk', '06/12/1961', NULL, '2017-03-27 20:20:23', 0),
(346, 'George', 'Gray', 'Male', '9 Hauk Alley', 'Radomir', '359-(602)607-0058', '420-(856)835-7883', 'ggray9l@webmd.com', '24/10/1980', NULL, '2017-03-27 13:41:09', 0),
(347, 'Brian', 'Clark', 'Male', '0 Caliangt Trail', 'Pozhang', '86-(236)100-8214', '62-(946)431-3295', 'bclark9m@buzzfeed.com', '26/10/1969', NULL, '2017-03-28 01:26:56', 0),
(348, 'Robert', 'Hudson', 'Male', '9969 Declaration Street', 'Kudirkos Naumiestis', '370-(874)561-7200', '56-(114)134-6109', 'rhudson9n@youtu.be', '03/08/1993', NULL, '2017-04-08 20:26:42', 0),
(349, 'Pamela', 'Knight', 'Female', '3791 Anhalt Lane', 'Trnovlje pri Celju', '386-(376)739-2358', '33-(662)809-6124', 'pknight9o@slate.com', '24/07/1967', NULL, '2017-03-26 10:18:01', 0),
(350, 'Sharon', 'Andrews', 'Female', '1 Hayes Crossing', 'Kónitsa', '30-(740)240-8860', '86-(673)273-2924', 'sandrews9p@technorati.com', '22/08/1967', NULL, '2017-03-31 18:55:59', 0),
(351, 'Janice', 'Henry', 'Female', '339 Oneill Plaza', 'Guimarães', '351-(928)247-1244', '62-(414)456-0460', 'jhenry9q@dyndns.org', '20/09/1979', NULL, '2017-03-26 10:21:16', 0),
(352, 'Edward', 'Brown', 'Male', '8 Springs Center', 'Domanín', '420-(744)147-4971', '86-(503)511-4639', 'ebrown9r@mayoclinic.com', '28/02/1994', NULL, '2017-04-11 13:10:16', 0),
(353, 'Diane', 'Freeman', 'Female', '004 Lakewood Junction', 'San Fernando del Valle de Catamarca', '54-(355)890-4890', '86-(893)641-9128', 'dfreeman9s@uol.com.br', '21/04/1952', NULL, '2017-03-30 16:37:47', 0),
(354, 'Michael', 'Young', 'Male', '12 Moland Road', 'Calle Blancos', '506-(666)546-9240', '86-(110)261-5569', 'myoung9t@webeden.co.uk', '23/05/1953', NULL, '2017-03-24 12:04:32', 0),
(355, 'Mildred', 'Wilson', 'Female', '74266 Amoth Avenue', 'Esch-sur-Alzette', '352-(586)686-2612', '27-(141)811-4760', 'mwilson9u@icio.us', '28/08/1958', NULL, '2017-03-27 08:26:58', 0),
(356, 'Jimmy', 'Myers', 'Male', '528 Harper Avenue', 'Louredo', '351-(841)706-8283', '86-(755)293-9453', 'jmyers9v@walmart.com', '22/10/1953', NULL, '2017-04-20 00:30:37', 0),
(357, 'Walter', 'Carroll', 'Male', '5 South Street', 'Svetlyy', '7-(897)321-0370', '62-(467)936-6302', 'wcarroll9w@noaa.gov', '25/07/1950', NULL, '2017-04-09 04:08:39', 0),
(358, 'George', 'Fernandez', 'Male', '48 Orin Hill', 'Hanshou', '86-(797)473-5864', '82-(414)568-3068', 'gfernandez9x@weibo.com', '29/10/1997', NULL, '2017-04-12 20:53:34', 0),
(359, 'Lori', 'Watson', 'Female', '33117 Bellgrove Street', 'Cipolletti', '54-(768)618-9589', '58-(173)911-4077', 'lwatson9y@bing.com', '20/12/1998', NULL, '2017-03-25 21:53:03', 0),
(360, 'John', 'Welch', 'Male', '73056 Morning Pass', 'Pasrukrajan Satu', '62-(392)133-7041', '970-(983)260-1885', 'jwelch9z@army.mil', '28/11/1997', NULL, '2017-03-26 09:39:25', 0),
(361, 'Virginia', 'Meyer', 'Female', '65 Summer Ridge Terrace', 'Kopychyntsi', '380-(212)967-5881', '62-(538)292-8690', 'vmeyera0@netlog.com', '17/08/1978', NULL, '2017-03-22 08:05:51', 0),
(362, 'Jennifer', 'Wright', 'Female', '4 Aberg Lane', 'Temuji', '62-(899)402-9051', '62-(781)658-1941', 'jwrighta1@salon.com', '16/04/1954', NULL, '2017-04-04 04:05:05', 0),
(363, 'Debra', 'Walker', 'Female', '6514 Pearson Center', 'Nianba', '86-(151)315-2668', '84-(910)447-9741', 'dwalkera2@tiny.cc', '24/08/1971', NULL, '2017-04-04 16:36:34', 0),
(364, 'Jane', 'Larson', 'Female', '06717 Declaration Junction', 'Tomé Açu', '55-(593)625-3803', '86-(763)121-1707', 'jlarsona3@globo.com', '25/04/1969', NULL, '2017-03-25 17:03:48', 0),
(365, 'Ann', 'Riley', 'Female', '0 Saint Paul Alley', 'Pleven', '359-(481)444-6251', '380-(460)649-8303', 'arileya4@fema.gov', '31/01/1953', NULL, '2017-04-01 06:53:31', 0),
(366, 'Karen', 'Kennedy', 'Female', '0 Ilene Street', 'Rabat', '212-(156)758-2878', '63-(201)515-3308', 'kkennedya5@google.com.au', '15/11/1962', NULL, '2017-03-27 01:50:07', 0),
(367, 'Tina', 'Harrison', 'Female', '33 Lyons Road', 'Galis Dua', '62-(796)158-6308', '1-(323)504-3601', 'tharrisona6@mozilla.org', '01/02/1981', NULL, '2017-04-06 23:40:45', 0),
(368, 'Ernest', 'Perkins', 'Male', '34 Buena Vista Street', 'Gualeguaychú', '54-(864)712-9874', '507-(110)123-8386', 'eperkinsa7@army.mil', '18/12/1982', NULL, '2017-04-05 22:51:03', 0),
(369, 'Pamela', 'Howard', 'Female', '98 Heffernan Way', 'Nanjing', '86-(929)818-4294', '51-(370)435-2243', 'phowarda8@twitpic.com', '13/08/1993', NULL, '2017-03-30 05:19:18', 0),
(370, 'Jennifer', 'Robertson', 'Female', '5 Saint Paul Plaza', 'Calape', '63-(993)102-0260', '380-(580)637-9845', 'jrobertsona9@nps.gov', '08/01/1974', NULL, '2017-04-08 10:42:52', 0),
(371, 'Maria', 'Young', 'Female', '82 Fremont Circle', 'Kokstad', '27-(709)726-6112', '51-(110)247-4849', 'myoungaa@ucoz.com', '17/04/1984', NULL, '2017-03-24 15:08:16', 0),
(372, 'Kevin', 'Fisher', 'Male', '28543 Gale Way', 'Beauvais', '33-(294)452-0524', '62-(249)733-4081', 'kfisherab@stumbleupon.com', '07/06/1959', NULL, '2017-03-31 06:11:33', 0),
(373, 'Ann', 'Daniels', 'Female', '7 Manitowish Park', 'Hamburg', '49-(819)638-2335', '33-(567)147-7710', 'adanielsac@youtube.com', '10/01/1980', NULL, '2017-04-02 19:05:47', 0),
(374, 'William', 'Reyes', 'Male', '10 Elka Plaza', 'Lons-le-Saunier', '33-(240)483-1451', '86-(863)249-4184', 'wreyesad@constantcontact.com', '02/06/1990', NULL, '2017-03-30 22:26:50', 0),
(375, 'Eugene', 'Moore', 'Male', '5 Crownhardt Pass', 'Cochabamba', '51-(405)257-7082', '94-(665)139-8160', 'emooreae@is.gd', '05/06/1993', NULL, '2017-04-04 19:08:10', 0),
(376, 'Michelle', 'Vasquez', 'Female', '10 Mesta Point', 'Utm?nzai', '92-(939)465-9069', '86-(330)155-0936', 'mvasquezaf@marketwatch.com', '26/11/1959', NULL, '2017-04-03 23:59:06', 0),
(377, 'Rachel', 'Chapman', 'Female', '0 Anderson Terrace', 'Payxambabazar', '86-(356)517-3037', '86-(948)988-7600', 'rchapmanag@alexa.com', '21/06/1958', NULL, '2017-04-09 13:49:57', 0),
(378, 'Kathleen', 'Stephens', 'Female', '15022 Schlimgen Circle', 'Mah?b?d', '98-(630)762-3665', '98-(368)281-3738', 'kstephensah@epa.gov', '25/01/1971', NULL, '2017-04-09 11:15:13', 0),
(379, 'Albert', 'Watson', 'Male', '466 Stoughton Drive', '??', '86-(139)304-2943', '86-(538)835-8211', 'awatsonai@amazon.co.jp', '05/05/1973', NULL, '2017-03-23 14:12:04', 0),
(380, 'Diane', 'Richards', 'Female', '05323 Stone Corner Terrace', 'Dungarvan', '353-(237)722-1490', '60-(904)597-6205', 'drichardsaj@disqus.com', '27/12/1991', NULL, '2017-03-29 13:50:25', 0),
(381, 'Eric', 'Hicks', 'Male', '25920 Fairfield Circle', 'Mandera', '254-(118)338-1150', '7-(312)343-0602', 'ehicksak@webnode.com', '09/11/1978', NULL, '2017-03-28 13:56:51', 0),
(382, 'Judy', 'Bennett', 'Female', '947 Bellgrove Court', 'Mogi das Cruzes', '55-(935)572-0008', '86-(739)431-3164', 'jbennettal@istockphoto.com', '18/09/1951', NULL, '2017-04-10 15:36:36', 0),
(383, 'Irene', 'Bell', 'Female', '5630 Cordelia Circle', 'W?gliniec', '48-(712)229-8470', '51-(377)330-3747', 'ibellam@istockphoto.com', '11/08/1991', NULL, '2017-03-25 18:41:03', 0),
(384, 'Kenneth', 'Gonzales', 'Male', '35 Memorial Pass', 'Az Z?hir', '967-(944)308-4313', '57-(684)277-4311', 'kgonzalesan@diigo.com', '27/10/1972', NULL, '2017-04-20 10:20:08', 0),
(385, 'Todd', 'Phillips', 'Male', '8587 Myrtle Alley', 'Jindui', '86-(296)772-7820', '62-(701)284-4272', 'tphillipsao@globo.com', '01/04/1977', NULL, '2017-04-15 00:37:52', 0),
(386, 'Louise', 'Richards', 'Female', '2 Shasta Trail', 'Krasnaya Polyana', '7-(421)854-8798', '48-(778)796-9425', 'lrichardsap@chicagotribune.com', '02/04/1980', NULL, '2017-04-10 02:11:40', 0),
(387, 'Robert', 'Sims', 'Male', '12 Monterey Junction', 'Okpoga', '234-(735)660-4037', '51-(186)921-1424', 'rsimsaq@microsoft.com', '08/05/1951', NULL, '2017-03-22 17:51:15', 0),
(388, 'Deborah', 'Reyes', 'Female', '45 Vernon Court', 'New Westminster', '1-(140)339-2149', '55-(836)766-5120', 'dreyesar@nifty.com', '09/05/1997', NULL, '2017-04-05 21:31:27', 0),
(389, 'Kathleen', 'Payne', 'Female', '8477 Tomscot Junction', 'Kisumu', '254-(948)156-3486', '81-(285)624-7361', 'kpayneas@networkadvertising.org', '25/01/1971', NULL, '2017-03-28 08:29:34', 0),
(390, 'Sandra', 'Brooks', 'Female', '0077 Roth Avenue', 'Kute', '62-(880)792-4197', '351-(190)555-5512', 'sbrooksat@jigsy.com', '02/01/1992', NULL, '2017-04-04 14:56:20', 0),
(391, 'Janice', 'Hart', 'Female', '17389 Golden Leaf Place', 'Ta Khmau', '855-(349)808-7993', '51-(660)406-7363', 'jhartau@dot.gov', '27/10/1970', NULL, '2017-04-11 22:38:07', 0),
(392, 'Craig', 'Austin', 'Male', '664 Portage Terrace', 'Maquanzhen', '86-(753)624-2285', '62-(433)888-7566', 'caustinav@slate.com', '29/07/1955', NULL, '2017-04-12 16:58:49', 0),
(393, 'Jesse', 'Wilson', 'Male', '89 Scofield Hill', 'Yuscarán', '504-(536)199-1775', '51-(357)737-0818', 'jwilsonaw@ted.com', '17/11/1950', NULL, '2017-03-28 02:58:55', 0),
(394, 'Dorothy', 'Hayes', 'Female', '55 Oak Avenue', 'Sukamaju Kidul', '62-(549)155-8718', '967-(204)566-1804', 'dhayesax@indiegogo.com', '14/01/1987', NULL, '2017-04-01 14:38:14', 0),
(395, 'Denise', 'Perry', 'Female', '3395 Dixon Pass', 'Lanat', '63-(339)592-1433', '86-(994)544-5075', 'dperryay@aboutads.info', '09/04/1986', NULL, '2017-03-23 23:44:51', 0),
(396, 'Ann', 'Carter', 'Female', '96986 West Drive', 'Pilluana', '51-(370)727-3634', '86-(278)370-5691', 'acarteraz@wsj.com', '08/12/1999', NULL, '2017-03-31 05:37:26', 0),
(397, 'Ryan', 'Robinson', 'Male', '6864 Corscot Place', 'Longshan', '86-(788)886-6468', '886-(899)752-4026', 'rrobinsonb0@ca.gov', '28/04/1957', NULL, '2017-04-19 19:37:33', 0),
(398, 'George', 'Nelson', 'Male', '91555 Calypso Center', 'Siemi?tkowo', '48-(899)402-9643', '420-(535)823-9544', 'gnelsonb1@blogtalkradio.com', '21/11/1980', NULL, '2017-03-24 09:57:59', 0),
(399, 'Joyce', 'Bailey', 'Female', '3273 Sycamore Court', 'Lianshan', '86-(607)734-9825', '86-(262)188-3720', 'jbaileyb2@livejournal.com', '27/11/1971', NULL, '2017-03-22 14:42:11', 0),
(400, 'Kenneth', 'Howard', 'Male', '34558 Village Center', 'Terneuzen', '31-(231)692-7861', '52-(138)184-7235', 'khowardb3@ovh.net', '11/07/1954', NULL, '2017-04-05 14:02:00', 0),
(401, 'Earl', 'Wallace', 'Male', '894 Troy Terrace', 'Jindong', '86-(768)503-4428', '63-(607)954-1109', 'ewallaceb4@php.net', '01/06/1970', NULL, '2017-03-22 16:26:31', 0),
(402, 'Wanda', 'Martin', 'Female', '6 Hanson Lane', 'Três Lagoas', '55-(977)986-8722', '86-(506)503-7527', 'wmartinb5@sphinn.com', '24/01/1953', NULL, '2017-04-20 04:16:03', 0),
(403, 'Lisa', 'Reynolds', 'Female', '5630 Brickson Park Center', 'Osi?ciny', '48-(528)574-7596', '1-(216)971-5721', 'lreynoldsb6@xinhuanet.com', '14/01/1953', NULL, '2017-04-14 12:22:10', 0),
(404, 'Sara', 'Howard', 'Female', '25737 Myrtle Terrace', 'Alto de São Sebastião', '351-(611)889-4806', '62-(660)956-7505', 'showardb7@behance.net', '02/01/1953', NULL, '2017-03-28 08:00:16', 0),
(405, 'Helen', 'Dunn', 'Female', '979 Village Drive', 'Chemnitz', '49-(627)501-5356', '49-(662)714-1200', 'hdunnb8@com.com', '22/04/1986', NULL, '2017-04-13 00:30:11', 0),
(406, 'Frank', 'Edwards', 'Male', '2853 Hagan Street', 'Jingjiang', '86-(154)275-8888', '33-(511)421-1523', 'fedwardsb9@jalbum.net', '26/07/1990', NULL, '2017-04-10 19:12:15', 0),
(407, 'Helen', 'Lane', 'Female', '8 Monterey Trail', 'Perené', '51-(798)931-3611', '351-(460)941-9900', 'hlaneba@csmonitor.com', '19/08/1959', NULL, '2017-04-08 05:33:54', 0),
(408, 'Rose', 'Hansen', 'Female', '26 Eastlawn Parkway', 'Licuan', '63-(242)187-3590', '66-(754)885-4275', 'rhansenbb@t.co', '01/02/1985', NULL, '2017-04-14 18:41:02', 0),
(409, 'Jeremy', 'Patterson', 'Male', '8 Thackeray Crossing', 'Piraquara', '55-(930)412-1467', '359-(604)164-4128', 'jpattersonbc@is.gd', '28/12/1992', NULL, '2017-04-17 14:45:27', 0),
(410, 'Norma', 'Daniels', 'Female', '3 Westend Drive', 'Garissa', '254-(215)145-3138', '39-(757)385-0475', 'ndanielsbd@t-online.de', '15/01/1957', NULL, '2017-04-08 16:56:43', 0),
(411, 'Teresa', 'Snyder', 'Female', '29700 Canary Hill', 'Managua', '505-(966)964-0443', '48-(340)116-3075', 'tsnyderbe@trellian.com', '02/07/1951', NULL, '2017-04-18 05:57:58', 0),
(412, 'Joan', 'Jordan', 'Female', '8 Fairview Place', 'Baucau', '670-(219)331-6485', '86-(496)956-1079', 'jjordanbf@un.org', '08/11/1971', NULL, '2017-03-29 17:06:29', 0),
(413, 'Steven', 'Fowler', 'Male', '1618 Moose Circle', 'Grand Junction', '1-(970)774-2426', '63-(203)618-3863', 'sfowlerbg@hibu.com', '26/02/1980', NULL, '2017-04-01 00:47:54', 0),
(414, 'Cynthia', 'Henderson', 'Female', '328 Texas Junction', 'Cagwait', '63-(388)184-9246', '33-(635)512-2024', 'chendersonbh@discovery.com', '29/01/1961', NULL, '2017-04-16 23:37:54', 0),
(415, 'Doris', 'Andrews', 'Female', '898 Oriole Crossing', 'La Ceja', '57-(681)921-4478', '86-(256)362-0131', 'dandrewsbi@hhs.gov', '19/12/1970', NULL, '2017-04-07 13:36:24', 0),
(416, 'Cynthia', 'Murphy', 'Female', '68 Fieldstone Junction', 'Kinatakutan', '63-(935)793-7365', '54-(472)899-0300', 'cmurphybj@uiuc.edu', '18/06/1990', NULL, '2017-04-01 14:33:09', 0),
(417, 'Jerry', 'Boyd', 'Male', '87501 Clarendon Parkway', 'Moyo', '256-(379)293-6488', '7-(545)892-1120', 'jboydbk@booking.com', '10/11/1971', NULL, '2017-04-19 07:53:10', 0),
(418, 'Marilyn', 'Collins', 'Female', '6 Dapin Crossing', 'Gandiaye', '221-(392)221-9342', '7-(470)971-7719', 'mcollinsbl@nydailynews.com', '19/03/1982', NULL, '2017-03-30 02:01:06', 0),
(419, 'Dorothy', 'Graham', 'Female', '56421 Cherokee Lane', 'Stockholm', '46-(773)733-2726', '30-(837)380-1475', 'dgrahambm@fastcompany.com', '13/05/1983', NULL, '2017-04-17 11:16:13', 0),
(420, 'Kathy', 'Lynch', 'Female', '39 Stephen Park', 'Al ‘Ashshah', '967-(801)914-9186', '880-(310)708-5743', 'klynchbn@salon.com', '02/03/1978', NULL, '2017-03-24 19:06:56', 0),
(421, 'Kathryn', 'Oliver', 'Female', '83604 7th Avenue', 'Maputi', '63-(988)859-3468', '86-(293)764-0502', 'koliverbo@simplemachines.org', '13/10/1966', NULL, '2017-04-08 05:34:57', 0),
(422, 'Doris', 'Fernandez', 'Female', '9660 1st Park', 'Matai', '255-(289)720-9356', '30-(857)101-9162', 'dfernandezbp@nymag.com', '15/02/1988', NULL, '2017-04-03 07:48:16', 0),
(423, 'Teresa', 'Wood', 'Female', '19949 Melvin Lane', 'Helong', '86-(971)457-1461', '212-(483)387-1195', 'twoodbq@dmoz.org', '02/02/1961', NULL, '2017-04-11 13:27:01', 0),
(424, 'Stephanie', 'Fox', 'Female', '07767 Nancy Way', 'Borovo', '359-(818)343-2306', '57-(151)541-1761', 'sfoxbr@netlog.com', '19/07/1981', NULL, '2017-04-20 11:17:22', 0),
(425, 'David', 'Walker', 'Male', '7 Forest Dale Court', 'Waiwukak', '62-(994)361-2363', '86-(889)541-7910', 'dwalkerbs@digg.com', '22/01/1954', NULL, '2017-03-23 21:51:10', 0),
(426, 'Terry', 'Bowman', 'Male', '85 Prairieview Pass', 'La Ronge', '1-(402)585-9996', '1-(720)942-9564', 'tbowmanbt@thetimes.co.uk', '31/03/1986', NULL, '2017-04-08 14:33:20', 0),
(427, 'Keith', 'Hanson', 'Male', '5 Red Cloud Point', 'Stockholm', '46-(995)527-5662', '30-(294)234-5536', 'khansonbu@dion.ne.jp', '30/05/1984', NULL, '2017-04-14 11:23:35', 0),
(428, 'Kimberly', 'Richardson', 'Female', '471 Village Point', 'Changfeng', '86-(860)768-8281', '54-(521)529-3247', 'krichardsonbv@patch.com', '14/07/1962', NULL, '2017-03-27 07:25:43', 0),
(429, 'Bruce', 'Hayes', 'Male', '2450 Esker Hill', 'Satka', '7-(425)351-5047', '62-(728)221-4251', 'bhayesbw@moonfruit.com', '06/03/1968', NULL, '2017-04-11 23:03:00', 0),
(430, 'Kelly', 'Thomas', 'Female', '990 Chinook Place', 'Rognedino', '7-(191)909-8604', '389-(466)231-2505', 'kthomasbx@acquirethisname.com', '03/08/1960', NULL, '2017-04-17 19:06:21', 0),
(431, 'Matthew', 'Flores', 'Male', '8 8th Way', 'Puchong', '60-(724)161-3360', '57-(851)254-6813', 'mfloresby@51.la', '22/01/1980', NULL, '2017-04-07 17:22:19', 0),
(432, 'Debra', 'Mason', 'Female', '55234 Talmadge Street', 'Aipe', '57-(785)894-1489', '63-(257)164-1939', 'dmasonbz@arizona.edu', '03/10/1957', NULL, '2017-04-05 01:11:42', 0),
(433, 'Clarence', 'Williamson', 'Male', '8554 Esker Parkway', 'Lawepakam', '62-(984)999-7114', '86-(299)726-4053', 'cwilliamsonc0@linkedin.com', '24/12/1955', NULL, '2017-04-02 05:15:08', 0),
(434, 'George', 'Hicks', 'Male', '4111 Artisan Parkway', 'Nangxian', '86-(867)729-2288', '212-(735)967-9213', 'ghicksc1@blogtalkradio.com', '04/01/1988', NULL, '2017-03-24 01:40:03', 0),
(435, 'Andrea', 'Wagner', 'Female', '80296 Onsgard Trail', 'Tajao', '63-(304)370-7943', '63-(638)173-6046', 'awagnerc2@state.gov', '28/02/1985', NULL, '2017-03-30 22:44:54', 0),
(436, 'Teresa', 'Fowler', 'Female', '3806 Waubesa Point', 'Frederiksberg', '45-(678)102-1491', '1-(533)998-8750', 'tfowlerc3@soup.io', '14/09/1975', NULL, '2017-04-14 08:20:57', 0),
(437, 'Lawrence', 'Gibson', 'Male', '64906 Summerview Court', 'Morazán', '502-(610)402-9031', '33-(320)212-6943', 'lgibsonc4@seesaa.net', '04/07/1981', NULL, '2017-04-13 12:53:54', 0),
(438, 'Benjamin', 'Wallace', 'Male', '7 Gateway Alley', 'Santa Cruz', '63-(276)180-1659', '502-(749)825-4058', 'bwallacec5@histats.com', '13/01/1994', NULL, '2017-04-13 05:27:26', 0),
(439, 'Jesse', 'Cruz', 'Male', '94295 Anniversary Center', 'Xuedian', '86-(734)765-3359', '234-(849)694-5358', 'jcruzc6@wsj.com', '05/11/1971', NULL, '2017-04-17 03:27:31', 0),
(440, 'Lori', 'Garza', 'Female', '700 Basil Place', 'Podd?bice', '48-(870)171-8730', '46-(941)272-1518', 'lgarzac7@jimdo.com', '25/06/1998', NULL, '2017-04-01 13:02:34', 0),
(441, 'Irene', 'Young', 'Female', '1 Loomis Way', 'Limoeiro do Norte', '55-(576)760-4201', '84-(445)656-4145', 'iyoungc8@technorati.com', '18/09/1965', NULL, '2017-04-14 02:00:20', 0),
(442, 'Amy', 'Harper', 'Female', '8 Waubesa Lane', 'Cabrela', '351-(359)869-5803', '62-(328)608-5044', 'aharperc9@blog.com', '19/01/1991', NULL, '2017-03-26 13:20:30', 0),
(443, 'Larry', 'Fowler', 'Male', '40 Raven Avenue', 'Shuiquan', '86-(339)888-2261', '359-(546)491-8710', 'lfowlerca@mtv.com', '15/10/1979', NULL, '2017-03-22 10:46:41', 0),
(444, 'Norma', 'Vasquez', 'Female', '905 Scoville Alley', 'Zhenqiao', '86-(227)368-7003', '1-(952)463-0070', 'nvasquezcb@bloglovin.com', '17/09/1974', NULL, '2017-04-20 00:15:37', 0),
(445, 'Emily', 'Alexander', 'Female', '0544 Hovde Hill', 'Normandin', '1-(892)783-4459', '81-(994)696-5384', 'ealexandercc@free.fr', '25/10/1957', NULL, '2017-04-05 18:44:04', 0),
(446, 'Rose', 'Roberts', 'Female', '8 Hoard Circle', 'Haitang', '86-(655)172-0984', '86-(531)664-3008', 'rrobertscd@yahoo.com', '23/05/1951', NULL, '2017-04-08 11:17:08', 0),
(447, 'Kathleen', 'Ross', 'Female', '9 Eliot Park', 'Paradise', '1-(655)132-0835', '30-(282)529-3878', 'krossce@nih.gov', '27/11/1969', NULL, '2017-03-31 05:30:18', 0),
(448, 'Steve', 'Howard', 'Male', '25060 Burrows Terrace', 'Shuitai', '86-(653)510-4885', '55-(171)878-1857', 'showardcf@webnode.com', '09/07/1974', NULL, '2017-04-19 07:21:20', 0),
(449, 'Melissa', 'Duncan', 'Female', '0 Arrowood Trail', 'Pita Kotte', '94-(206)853-5767', '46-(592)326-0910', 'mduncancg@imageshack.us', '05/12/1951', NULL, '2017-04-16 09:13:42', 0),
(450, 'Michael', 'Smith', 'Male', '8 Eastlawn Terrace', 'Rostov', '7-(187)384-7013', '595-(696)469-3305', 'msmithch@ucoz.com', '04/06/1978', NULL, '2017-04-15 06:02:08', 0),
(451, 'Kathy', 'Jackson', 'Female', '2 Farragut Lane', 'Vila Verde', '351-(290)416-6960', '62-(744)344-2245', 'kjacksonci@utexas.edu', '10/05/1999', NULL, '2017-04-07 02:53:21', 0),
(452, 'Karen', 'Ford', 'Female', '1718 Sachs Street', 'La Talaudière', '33-(311)378-7273', '30-(455)921-2058', 'kfordcj@businessweek.com', '21/10/1965', NULL, '2017-04-20 14:55:44', 0),
(453, 'Rachel', 'Hernandez', 'Female', '38 Maple Wood Center', 'Banjar Kajanan', '62-(326)995-5738', '55-(593)426-0281', 'rhernandezck@newyorker.com', '01/10/1985', NULL, '2017-04-04 05:10:18', 0),
(454, 'Wanda', 'Hughes', 'Female', '2 Scofield Junction', 'Hengshan', '86-(257)168-3509', '7-(654)608-6081', 'whughescl@admin.ch', '24/05/1966', NULL, '2017-04-02 23:46:53', 0),
(455, 'Daniel', 'Fuller', 'Male', '3028 High Crossing Avenue', 'Dongobesh', '255-(143)348-8214', '62-(460)506-5792', 'dfullercm@msn.com', '09/04/1970', NULL, '2017-04-17 19:33:32', 0),
(456, 'Harold', 'Carpenter', 'Male', '8359 Towne Crossing', 'Karakol', '996-(249)546-6410', '372-(559)490-7906', 'hcarpentercn@google.ca', '18/07/1980', NULL, '2017-03-25 11:07:50', 0),
(457, 'Brian', 'Anderson', 'Male', '50379 Eastwood Point', 'Primorka', '7-(364)300-8178', '86-(891)228-0449', 'bandersonco@etsy.com', '22/07/1953', NULL, '2017-03-22 07:38:58', 0);

-- --------------------------------------------------------

--
-- Table structure for table `membership`
--

CREATE TABLE `membership` (
  `id` int(11) NOT NULL,
  `membership_type` varchar(50) NOT NULL,
  `offer` varchar(255) DEFAULT NULL,
  `amount` double NOT NULL,
  `branches` varchar(255) NOT NULL,
  `status` int(11) NOT NULL DEFAULT '0'
) ENGINE=InnoDB DEFAULT CHARSET=latin1;

--
-- Dumping data for table `membership`
--

INSERT INTO `membership` (`id`, `membership_type`, `offer`, `amount`, `branches`, `status`) VALUES
(1, 'Daily', '', 2, '1,2,3,4,5,6,7,8', 0),
(2, 'Weekly', '', 12, '1,2,3,4,5,6,7,8', 0),
(3, 'Monthly', '', 30, '1,2,3,4,5,6,7,8', 0),
(4, '3 Months', '', 80, '1,2,3,4,5,6,7,8', 0),
(5, '6 Months', '', 150, '1,2,3,4,5,6,7,8', 0),
(6, 'Yearly', '', 300, '1,2,3,4,5,6,7,8', 0),
(7, 'Daily', 'Ferizaj', 1.5, '4,5,6', 0),
(8, 'Daily', 'Gjilan', 1, '7,8', 0),
(9, 'Monthly', 'Gjilan - Ferizaj', 25, '4,5,6,7,8', 0);

-- --------------------------------------------------------

--
-- Table structure for table `membership_payment`
--

CREATE TABLE `membership_payment` (
  `id` int(11) NOT NULL,
  `start_date` varchar(50) NOT NULL,
  `end_date` varchar(50) NOT NULL,
  `amount` double NOT NULL,
  `id_member` int(11) NOT NULL,
  `id_membership` int(11) NOT NULL
) ENGINE=InnoDB DEFAULT CHARSET=latin1;

--
-- Dumping data for table `membership_payment`
--

INSERT INTO `membership_payment` (`id`, `start_date`, `end_date`, `amount`, `id_member`, `id_membership`) VALUES
(1, '28/12/2019', '26/05/2014', 183, 148, 2),
(2, '03/06/2019', '20/04/2015', 388, 326, 3),
(3, '25/10/2016', '12/04/2017', 184, 20, 1),
(4, '15/12/2018', '13/04/2017', 321, 210, 4),
(5, '16/09/2017', '19/09/2014', 164, 2, 4),
(6, '28/05/2016', '11/08/2016', 69, 159, 1),
(7, '16/11/2018', '19/10/2016', 246, 83, 4),
(8, '30/03/2018', '29/12/2014', 163, 174, 3),
(9, '14/02/2018', '01/03/2017', 317, 49, 1),
(10, '16/12/2017', '08/06/2015', 39, 339, 3),
(11, '11/05/2019', '21/03/2016', 131, 347, 4),
(12, '18/11/2017', '27/09/2014', 36, 278, 2),
(13, '08/12/2017', '16/05/2014', 37, 294, 1),
(14, '28/07/2016', '22/05/2015', 383, 54, 1),
(15, '19/05/2018', '24/01/2017', 364, 252, 3),
(16, '23/12/2018', '16/06/2016', 375, 225, 4),
(17, '20/11/2019', '25/03/2015', 341, 231, 3),
(18, '21/10/2017', '08/08/2014', 72, 18, 2),
(19, '10/08/2017', '27/12/2014', 272, 282, 4),
(20, '20/04/2019', '19/03/2017', 44, 147, 4),
(21, '01/11/2016', '10/11/2016', 15, 115, 3),
(22, '08/06/2016', '01/12/2014', 266, 13, 3),
(23, '13/11/2016', '27/07/2016', 16, 207, 3),
(24, '27/03/2019', '24/02/2015', 55, 63, 1),
(25, '23/01/2017', '27/10/2015', 23, 206, 4),
(26, '05/05/2018', '21/08/2016', 34, 12, 2),
(27, '03/01/2020', '26/12/2015', 104, 297, 1),
(28, '22/01/2020', '26/07/2016', 349, 267, 4),
(29, '14/06/2018', '22/08/2014', 315, 149, 1),
(30, '21/03/2017', '06/01/2016', 201, 177, 3),
(31, '01/01/2019', '18/10/2015', 354, 77, 4),
(32, '19/02/2020', '11/01/2016', 177, 343, 1),
(33, '01/09/2019', '17/05/2015', 48, 332, 4),
(34, '19/08/2016', '29/12/2015', 376, 270, 2),
(35, '09/07/2019', '03/05/2015', 316, 66, 2),
(36, '31/10/2018', '29/05/2014', 124, 236, 3),
(37, '30/04/2019', '06/10/2015', 359, 142, 2),
(38, '15/03/2017', '14/11/2016', 68, 56, 1),
(39, '06/01/2019', '10/05/2014', 322, 39, 2),
(40, '25/02/2018', '09/08/2014', 15, 77, 1),
(41, '10/02/2018', '16/04/2015', 160, 283, 1),
(42, '16/03/2017', '08/10/2015', 118, 216, 1),
(43, '15/05/2017', '18/10/2016', 278, 332, 4),
(44, '07/07/2016', '29/07/2015', 358, 84, 4),
(45, '13/01/2019', '20/03/2015', 176, 84, 3),
(46, '26/04/2017', '17/02/2016', 381, 178, 4),
(47, '07/11/2016', '20/03/2016', 286, 20, 4),
(48, '25/06/2017', '29/09/2016', 210, 192, 3),
(49, '09/09/2018', '11/09/2016', 93, 309, 1),
(50, '06/09/2016', '30/12/2015', 278, 113, 1),
(51, '11/12/2019', '15/06/2014', 236, 330, 3),
(52, '11/07/2018', '05/02/2017', 249, 231, 3),
(53, '18/06/2019', '16/06/2015', 208, 269, 4),
(54, '19/08/2019', '21/06/2015', 238, 107, 3),
(55, '15/08/2016', '15/09/2014', 319, 115, 1),
(56, '14/10/2016', '16/12/2016', 215, 280, 3),
(57, '18/12/2019', '09/03/2017', 326, 255, 1),
(58, '16/04/2020', '21/03/2016', 369, 114, 3),
(59, '21/10/2019', '06/05/2015', 362, 78, 2),
(60, '16/05/2018', '03/04/2017', 322, 100, 4),
(61, '30/08/2019', '28/12/2014', 162, 76, 1),
(62, '06/09/2017', '03/09/2014', 368, 363, 3),
(63, '30/05/2017', '24/09/2015', 288, 180, 4),
(64, '09/02/2018', '04/11/2016', 225, 289, 2),
(65, '25/09/2019', '13/07/2016', 128, 148, 3),
(66, '10/08/2018', '14/09/2014', 250, 233, 4),
(67, '17/09/2018', '23/11/2014', 317, 74, 1),
(68, '20/02/2017', '27/07/2015', 25, 303, 2),
(69, '12/10/2019', '14/01/2017', 246, 295, 4),
(70, '03/07/2016', '13/03/2015', 291, 250, 4),
(71, '18/09/2016', '13/09/2016', 362, 181, 1),
(72, '09/02/2019', '06/07/2016', 28, 336, 2),
(73, '23/12/2018', '02/08/2016', 351, 359, 4),
(74, '22/06/2018', '29/05/2016', 367, 3, 2),
(75, '17/11/2017', '17/09/2016', 354, 373, 4),
(76, '24/09/2016', '11/11/2014', 201, 374, 1),
(77, '08/12/2017', '18/11/2015', 367, 254, 3),
(78, '01/03/2020', '04/10/2015', 18, 245, 1),
(79, '24/08/2018', '05/02/2016', 309, 150, 1),
(80, '21/02/2018', '15/09/2016', 52, 236, 4),
(81, '27/10/2019', '09/10/2014', 78, 366, 4),
(82, '27/06/2018', '13/10/2014', 254, 333, 1),
(83, '14/06/2016', '07/06/2014', 284, 6, 2),
(84, '27/07/2016', '21/02/2016', 283, 382, 2),
(85, '12/08/2019', '09/06/2015', 56, 98, 2),
(86, '10/02/2018', '06/12/2014', 342, 39, 4),
(87, '18/11/2017', '06/03/2017', 261, 328, 2),
(88, '09/08/2019', '13/01/2017', 257, 248, 4),
(89, '02/04/2019', '09/06/2014', 375, 305, 2),
(90, '20/01/2019', '27/03/2015', 261, 159, 2),
(91, '31/08/2018', '21/09/2014', 261, 91, 3),
(92, '19/04/2019', '04/11/2014', 348, 81, 3),
(93, '17/12/2016', '24/08/2016', 394, 103, 3),
(94, '31/01/2020', '24/11/2015', 164, 320, 1),
(95, '29/04/2017', '03/08/2016', 137, 80, 2),
(96, '25/10/2019', '25/07/2014', 58, 388, 1),
(97, '03/12/2016', '02/10/2016', 253, 148, 1),
(98, '27/04/2018', '11/10/2014', 160, 56, 4),
(99, '29/04/2018', '19/07/2016', 357, 266, 4),
(100, '18/11/2016', '17/03/2017', 237, 261, 2),
(101, '07/11/2016', '28/09/2016', 201, 371, 4),
(102, '04/07/2018', '02/10/2015', 138, 11, 1),
(103, '22/12/2019', '12/02/2016', 187, 364, 1),
(104, '30/01/2020', '19/01/2016', 170, 311, 3),
(105, '04/12/2019', '03/12/2016', 28, 41, 4),
(106, '07/01/2020', '10/04/2015', 108, 154, 3),
(107, '18/02/2017', '14/11/2016', 257, 368, 4),
(108, '11/03/2019', '01/04/2015', 292, 81, 2),
(109, '17/03/2017', '19/07/2015', 340, 395, 3),
(110, '03/03/2017', '16/06/2014', 213, 214, 1),
(111, '11/03/2017', '21/01/2017', 195, 346, 4),
(112, '13/03/2018', '04/12/2016', 146, 137, 2),
(113, '25/04/2017', '29/11/2014', 168, 240, 1),
(114, '28/07/2016', '14/03/2017', 384, 189, 1),
(115, '10/05/2019', '23/12/2016', 199, 265, 2),
(116, '05/01/2020', '20/01/2016', 261, 289, 3),
(117, '24/09/2017', '26/06/2015', 66, 390, 3),
(118, '01/02/2020', '16/02/2015', 379, 26, 1),
(119, '14/03/2018', '27/05/2016', 264, 373, 3),
(120, '01/01/2018', '09/11/2016', 321, 182, 3),
(121, '14/05/2018', '23/11/2015', 36, 239, 1),
(122, '10/09/2019', '12/05/2014', 344, 309, 2),
(123, '13/03/2018', '10/06/2014', 14, 364, 1),
(124, '13/04/2020', '12/11/2014', 338, 226, 1),
(125, '23/08/2016', '12/10/2016', 113, 77, 4),
(126, '07/02/2019', '06/04/2016', 32, 100, 3),
(127, '20/10/2017', '30/04/2015', 8, 177, 2),
(128, '15/12/2016', '07/08/2014', 332, 372, 2),
(129, '13/07/2016', '11/10/2015', 81, 107, 3),
(130, '29/05/2017', '27/04/2014', 277, 4, 2),
(131, '10/11/2017', '12/06/2015', 272, 109, 2),
(132, '20/10/2018', '10/09/2014', 122, 138, 4),
(133, '20/01/2020', '15/06/2014', 186, 265, 4),
(134, '08/10/2017', '17/10/2016', 350, 89, 3),
(135, '01/07/2019', '12/03/2016', 269, 318, 1),
(136, '02/07/2017', '26/06/2015', 117, 225, 1),
(137, '18/03/2018', '29/01/2016', 241, 190, 3),
(138, '30/05/2016', '14/01/2016', 242, 195, 2),
(139, '19/03/2020', '12/03/2015', 64, 351, 3),
(140, '30/12/2017', '30/06/2015', 320, 235, 1),
(141, '18/02/2018', '11/01/2017', 368, 228, 4),
(142, '13/04/2018', '03/05/2015', 288, 43, 4),
(143, '15/07/2017', '29/02/2016', 377, 381, 2),
(144, '31/08/2017', '16/06/2016', 78, 119, 3),
(145, '07/07/2018', '21/01/2015', 94, 39, 4),
(146, '29/08/2016', '20/09/2015', 335, 342, 4),
(147, '01/09/2017', '04/10/2014', 189, 314, 3),
(148, '19/05/2016', '09/02/2015', 327, 399, 2),
(149, '05/02/2019', '07/05/2014', 78, 278, 1),
(150, '23/05/2017', '19/09/2014', 252, 165, 3),
(151, '25/11/2018', '06/02/2017', 26, 298, 2),
(152, '31/01/2018', '29/03/2015', 270, 25, 3),
(153, '30/08/2019', '19/09/2016', 62, 365, 2),
(154, '13/02/2020', '28/05/2014', 159, 48, 1),
(155, '07/08/2018', '16/02/2015', 325, 133, 1),
(156, '17/12/2019', '28/02/2015', 187, 307, 2),
(157, '06/03/2017', '29/04/2016', 379, 100, 1),
(158, '29/05/2017', '17/03/2017', 88, 279, 2),
(159, '08/10/2016', '05/04/2015', 229, 232, 1),
(160, '03/02/2018', '13/06/2015', 20, 83, 3),
(161, '12/04/2018', '27/02/2016', 164, 119, 2),
(162, '09/04/2017', '20/01/2016', 250, 308, 3),
(163, '23/10/2016', '13/01/2016', 121, 116, 2),
(164, '09/01/2019', '12/02/2016', 192, 49, 2),
(165, '06/10/2016', '11/11/2016', 310, 398, 3),
(166, '08/04/2019', '08/04/2015', 277, 16, 4),
(167, '07/07/2016', '05/01/2017', 31, 177, 2),
(168, '30/07/2017', '11/03/2015', 292, 137, 3),
(169, '09/02/2017', '22/05/2014', 367, 228, 1),
(170, '12/07/2018', '19/09/2015', 258, 182, 4),
(171, '11/07/2018', '24/04/2016', 288, 25, 1),
(172, '01/04/2019', '19/01/2016', 128, 161, 3),
(173, '07/05/2016', '06/09/2016', 39, 367, 2),
(174, '28/06/2016', '08/06/2015', 170, 298, 4),
(175, '29/01/2019', '25/07/2016', 224, 32, 4),
(176, '22/03/2018', '20/07/2016', 138, 213, 2),
(177, '27/10/2019', '30/12/2014', 344, 383, 2),
(178, '01/07/2016', '28/02/2015', 283, 108, 3),
(179, '03/02/2018', '10/01/2017', 163, 222, 2),
(180, '29/06/2018', '23/04/2016', 139, 201, 4),
(181, '08/09/2016', '26/05/2016', 223, 25, 3),
(182, '27/11/2016', '07/12/2015', 215, 103, 1),
(183, '07/01/2018', '06/09/2016', 179, 323, 3),
(184, '28/07/2018', '12/11/2014', 46, 316, 3),
(185, '21/09/2018', '23/05/2014', 287, 181, 2),
(186, '07/09/2017', '29/09/2015', 393, 255, 3),
(187, '01/11/2016', '12/03/2016', 310, 37, 2),
(188, '05/11/2019', '06/08/2014', 326, 325, 2),
(189, '19/10/2018', '10/05/2014', 282, 70, 3),
(190, '11/12/2016', '09/01/2017', 349, 290, 2),
(191, '16/09/2018', '01/08/2016', 396, 363, 2),
(192, '27/07/2019', '11/09/2015', 44, 238, 2),
(193, '28/11/2018', '02/09/2015', 290, 214, 1),
(194, '24/11/2019', '14/01/2015', 180, 58, 2),
(195, '10/01/2017', '05/07/2014', 95, 99, 2),
(196, '15/08/2019', '25/01/2016', 94, 20, 3),
(197, '21/06/2018', '12/09/2015', 387, 41, 1),
(198, '03/06/2016', '29/08/2014', 14, 220, 2),
(199, '24/08/2019', '11/12/2014', 329, 312, 1),
(200, '16/05/2017', '21/07/2016', 242, 94, 2),
(201, '04/06/2016', '03/03/2017', 200, 138, 3),
(202, '17/08/2017', '01/07/2015', 299, 83, 4),
(203, '17/06/2016', '02/04/2017', 98, 129, 1),
(204, '12/04/2020', '08/08/2015', 49, 375, 2),
(205, '19/05/2017', '31/05/2015', 345, 158, 4),
(206, '02/09/2018', '01/09/2016', 385, 249, 3),
(207, '13/10/2017', '11/05/2015', 138, 162, 2),
(208, '30/07/2016', '17/07/2015', 177, 183, 3),
(209, '11/02/2017', '16/05/2015', 204, 386, 2),
(210, '07/09/2019', '23/06/2016', 218, 362, 2),
(211, '15/04/2019', '16/06/2015', 376, 208, 3),
(212, '07/07/2016', '14/01/2016', 162, 194, 3),
(213, '16/07/2018', '08/08/2014', 52, 190, 2),
(214, '26/09/2018', '07/11/2014', 190, 189, 2),
(215, '31/08/2019', '07/09/2014', 394, 394, 4),
(216, '08/02/2017', '09/02/2016', 80, 78, 4),
(217, '03/11/2018', '15/12/2016', 11, 296, 2),
(218, '10/07/2019', '23/07/2016', 171, 78, 1),
(219, '12/10/2016', '07/02/2017', 255, 126, 4),
(220, '21/07/2017', '25/03/2015', 17, 295, 4),
(221, '26/08/2016', '30/05/2014', 188, 117, 4),
(222, '15/10/2018', '14/02/2016', 153, 271, 3),
(223, '03/08/2017', '21/06/2014', 75, 235, 4),
(224, '24/03/2017', '22/03/2015', 65, 173, 1),
(225, '11/03/2020', '20/02/2016', 332, 128, 3),
(226, '14/12/2019', '05/10/2016', 310, 123, 1),
(227, '24/02/2017', '12/06/2015', 238, 28, 1),
(228, '14/09/2018', '03/10/2014', 170, 61, 1),
(229, '24/09/2018', '23/10/2014', 272, 116, 1),
(230, '05/11/2016', '27/03/2016', 53, 181, 3),
(231, '07/12/2016', '13/10/2016', 76, 216, 4),
(232, '04/05/2016', '12/02/2017', 38, 307, 3),
(233, '22/03/2017', '18/03/2016', 75, 75, 3),
(234, '29/01/2018', '21/09/2015', 164, 31, 4),
(235, '02/10/2017', '04/09/2014', 263, 294, 1),
(236, '08/04/2020', '25/11/2014', 111, 385, 3),
(237, '16/05/2016', '21/09/2016', 287, 276, 1),
(238, '29/10/2017', '28/10/2014', 290, 261, 2),
(239, '01/02/2020', '22/10/2014', 270, 320, 4),
(240, '18/10/2018', '26/11/2015', 189, 349, 2),
(241, '15/10/2018', '25/01/2015', 322, 196, 2),
(242, '10/07/2019', '19/05/2014', 80, 24, 2),
(243, '05/04/2017', '03/07/2016', 368, 86, 4),
(244, '20/10/2019', '10/10/2014', 114, 388, 3),
(245, '24/05/2018', '15/03/2017', 311, 221, 2),
(246, '24/09/2016', '29/12/2014', 216, 361, 2),
(247, '03/05/2018', '03/02/2016', 311, 336, 4),
(248, '25/08/2017', '19/03/2017', 108, 116, 2),
(249, '02/10/2018', '21/12/2014', 33, 336, 4),
(250, '04/05/2019', '13/05/2016', 108, 161, 1),
(251, '29/12/2016', '13/10/2016', 352, 98, 1),
(252, '29/10/2016', '04/12/2014', 2, 367, 4),
(253, '29/11/2018', '16/04/2017', 161, 24, 2),
(254, '01/10/2019', '01/12/2015', 341, 36, 1),
(255, '19/06/2016', '12/07/2016', 378, 68, 1),
(256, '10/11/2018', '27/07/2016', 144, 251, 4),
(257, '15/06/2017', '02/05/2016', 83, 327, 3),
(258, '17/07/2019', '09/10/2015', 170, 276, 3),
(259, '11/06/2016', '22/05/2014', 374, 63, 1),
(260, '23/05/2018', '14/03/2017', 192, 187, 2),
(261, '17/07/2018', '13/11/2016', 174, 101, 2),
(262, '26/10/2019', '04/01/2015', 389, 257, 2),
(263, '08/02/2018', '20/06/2014', 371, 380, 1),
(264, '09/05/2018', '23/08/2016', 302, 282, 2),
(265, '26/01/2020', '20/09/2016', 73, 116, 1),
(266, '30/06/2019', '26/06/2014', 172, 63, 1),
(267, '11/06/2018', '29/03/2016', 247, 363, 2),
(268, '21/09/2018', '20/11/2016', 375, 389, 4),
(269, '20/07/2018', '07/12/2015', 41, 304, 2),
(270, '20/05/2017', '02/03/2016', 132, 51, 3),
(271, '11/02/2020', '14/09/2014', 106, 111, 4),
(272, '26/11/2017', '01/07/2015', 320, 137, 4),
(273, '26/12/2016', '07/06/2016', 369, 345, 2),
(274, '13/06/2016', '16/05/2014', 372, 255, 1),
(275, '15/06/2017', '21/03/2016', 34, 11, 2),
(276, '19/06/2018', '27/02/2017', 68, 391, 3),
(277, '04/04/2019', '21/10/2016', 385, 16, 4),
(278, '24/02/2020', '07/06/2015', 4, 317, 4),
(279, '11/05/2017', '17/03/2015', 355, 254, 4),
(280, '02/01/2018', '29/06/2016', 344, 43, 4),
(281, '17/03/2017', '22/08/2014', 245, 180, 4),
(282, '10/02/2020', '28/04/2015', 203, 206, 3),
(283, '11/04/2020', '23/05/2016', 277, 314, 4),
(284, '05/09/2016', '14/07/2015', 33, 224, 3),
(285, '26/10/2016', '28/08/2016', 252, 67, 1),
(286, '13/10/2019', '18/12/2016', 51, 330, 4),
(287, '01/01/2017', '16/01/2015', 164, 180, 3),
(288, '04/11/2017', '22/04/2016', 192, 72, 2),
(289, '13/01/2017', '17/05/2014', 106, 92, 3),
(290, '13/05/2019', '12/12/2015', 28, 6, 1),
(291, '09/05/2019', '06/08/2014', 278, 247, 2),
(292, '03/11/2016', '24/06/2015', 263, 285, 1),
(293, '15/10/2019', '22/09/2015', 257, 77, 3),
(294, '09/12/2018', '17/12/2015', 193, 37, 3),
(295, '15/01/2017', '02/12/2014', 242, 167, 4),
(296, '21/07/2018', '23/08/2014', 231, 1, 2),
(297, '15/09/2018', '18/07/2015', 189, 183, 2),
(298, '30/09/2019', '12/09/2016', 228, 178, 3),
(299, '14/06/2019', '23/10/2014', 174, 335, 1),
(300, '12/06/2016', '03/12/2015', 328, 104, 2),
(301, '11/05/2016', '22/09/2015', 267, 93, 3),
(302, '26/12/2019', '30/04/2015', 192, 181, 3),
(303, '15/12/2016', '24/12/2015', 114, 355, 3),
(304, '08/05/2018', '28/10/2014', 248, 153, 1),
(305, '18/02/2017', '15/07/2014', 6, 385, 2),
(306, '05/06/2016', '25/03/2015', 180, 334, 3),
(307, '09/04/2017', '22/02/2016', 21, 16, 1),
(308, '27/05/2019', '16/06/2014', 146, 163, 2),
(309, '17/10/2019', '25/02/2017', 340, 264, 1),
(310, '22/02/2017', '10/07/2014', 388, 65, 3),
(311, '02/10/2019', '13/06/2014', 148, 328, 2),
(312, '25/03/2019', '27/10/2016', 268, 232, 4),
(313, '01/11/2017', '22/12/2015', 244, 186, 4),
(314, '08/09/2019', '10/09/2014', 13, 250, 4),
(315, '01/03/2020', '24/06/2015', 284, 304, 4),
(316, '25/04/2016', '09/05/2016', 361, 371, 1),
(317, '04/07/2019', '06/10/2015', 156, 336, 4),
(318, '24/09/2017', '19/05/2015', 353, 349, 4),
(319, '25/07/2018', '30/01/2017', 279, 283, 4),
(320, '11/10/2018', '23/04/2016', 84, 362, 1),
(321, '24/02/2019', '22/08/2016', 2, 310, 3),
(322, '15/01/2017', '10/04/2017', 85, 326, 4),
(323, '29/11/2017', '27/01/2016', 66, 175, 2),
(324, '28/09/2016', '02/02/2015', 261, 62, 2),
(325, '05/02/2018', '29/04/2015', 267, 166, 3),
(326, '26/09/2019', '12/01/2015', 28, 90, 4),
(327, '01/07/2019', '07/01/2016', 28, 107, 4),
(328, '12/08/2019', '30/08/2014', 270, 87, 4),
(329, '01/12/2018', '06/04/2015', 35, 257, 2),
(330, '11/04/2020', '10/04/2015', 188, 361, 2),
(331, '18/02/2017', '06/03/2015', 351, 360, 4),
(332, '01/10/2018', '30/04/2014', 115, 400, 1),
(333, '30/12/2017', '19/03/2016', 193, 344, 1),
(334, '25/08/2018', '01/01/2016', 223, 36, 4),
(335, '06/12/2019', '24/10/2016', 100, 270, 1),
(336, '21/12/2018', '23/09/2015', 223, 399, 3),
(337, '09/12/2019', '05/09/2015', 386, 42, 4),
(338, '05/09/2016', '31/01/2016', 31, 180, 1),
(339, '25/08/2016', '01/02/2017', 225, 391, 2),
(340, '27/11/2017', '06/10/2015', 133, 96, 4),
(341, '20/10/2017', '29/01/2016', 29, 384, 4),
(342, '26/04/2018', '06/07/2015', 112, 53, 2),
(343, '30/04/2017', '20/05/2015', 127, 131, 2),
(344, '29/06/2019', '21/05/2015', 111, 142, 4),
(345, '14/01/2020', '30/05/2014', 270, 279, 4),
(346, '15/12/2019', '19/07/2016', 197, 105, 2),
(347, '16/03/2019', '16/04/2017', 365, 343, 4),
(348, '12/01/2019', '04/10/2016', 40, 289, 3),
(349, '07/01/2019', '08/03/2017', 74, 231, 3),
(350, '06/01/2017', '24/12/2014', 61, 292, 3),
(351, '20/04/2018', '05/09/2015', 200, 367, 3),
(352, '11/06/2018', '24/08/2014', 215, 278, 4),
(353, '30/10/2016', '23/02/2016', 327, 268, 2),
(354, '06/04/2019', '07/12/2014', 198, 260, 4),
(355, '12/05/2016', '20/11/2016', 48, 336, 4),
(356, '10/07/2018', '03/02/2015', 270, 259, 4),
(357, '09/01/2017', '08/10/2015', 18, 242, 4),
(358, '17/12/2017', '12/07/2015', 89, 178, 1),
(359, '12/05/2017', '26/01/2016', 74, 144, 4),
(360, '01/06/2016', '11/10/2014', 207, 61, 3),
(361, '10/09/2016', '02/01/2017', 358, 293, 2),
(362, '28/12/2017', '12/12/2014', 30, 248, 1),
(363, '03/07/2016', '08/03/2015', 77, 44, 3),
(364, '23/02/2018', '25/11/2014', 279, 10, 1),
(365, '07/05/2018', '01/05/2016', 189, 244, 3),
(366, '28/08/2018', '04/02/2015', 79, 215, 1),
(367, '11/06/2016', '01/01/2015', 299, 198, 4),
(368, '28/12/2018', '06/12/2015', 151, 155, 2),
(369, '18/06/2017', '11/01/2017', 316, 232, 3),
(370, '08/12/2016', '18/07/2015', 154, 9, 3),
(371, '05/03/2020', '28/05/2014', 233, 39, 1),
(372, '06/04/2020', '04/10/2016', 384, 14, 1),
(373, '15/12/2016', '06/10/2016', 11, 136, 1),
(374, '25/02/2017', '02/01/2016', 118, 107, 4),
(375, '01/04/2017', '19/04/2016', 201, 166, 1),
(376, '23/10/2018', '25/07/2015', 311, 88, 1),
(377, '23/02/2020', '07/12/2014', 400, 154, 2),
(378, '05/09/2019', '13/10/2014', 305, 5, 4),
(379, '08/07/2017', '24/11/2014', 350, 272, 4),
(380, '20/11/2016', '02/02/2015', 261, 26, 3),
(381, '25/07/2019', '27/12/2014', 335, 64, 3),
(382, '19/03/2019', '22/11/2016', 269, 276, 2),
(383, '31/07/2017', '04/04/2017', 365, 117, 4),
(384, '28/02/2020', '05/10/2016', 197, 212, 4),
(385, '15/01/2019', '05/06/2016', 154, 358, 1),
(386, '02/08/2017', '12/04/2016', 218, 258, 1),
(387, '12/03/2018', '01/05/2014', 29, 208, 1),
(388, '08/09/2018', '15/11/2014', 250, 85, 2),
(389, '07/05/2018', '06/02/2017', 89, 348, 4),
(390, '13/02/2017', '15/10/2014', 244, 397, 3),
(391, '06/07/2017', '27/08/2015', 139, 173, 2),
(392, '11/12/2016', '01/10/2016', 26, 317, 3),
(393, '13/11/2016', '11/01/2015', 314, 67, 4),
(394, '19/02/2020', '17/09/2015', 18, 80, 2),
(395, '11/12/2017', '03/08/2014', 47, 372, 3),
(396, '16/03/2017', '17/01/2017', 236, 168, 4),
(397, '02/01/2020', '23/05/2015', 288, 105, 2),
(398, '28/09/2016', '06/06/2015', 72, 329, 2),
(399, '30/09/2019', '12/05/2016', 174, 290, 3),
(400, '30/06/2019', '14/02/2016', 172, 144, 3),
(401, '07/01/2018', '14/04/2016', 151, 223, 3),
(402, '30/03/2020', '13/07/2015', 193, 166, 3),
(403, '28/08/2018', '02/12/2015', 299, 379, 3),
(404, '02/03/2017', '09/09/2016', 388, 119, 3),
(405, '09/02/2018', '27/11/2014', 356, 105, 3),
(406, '17/06/2018', '05/05/2016', 135, 95, 3),
(407, '04/08/2018', '06/09/2015', 240, 296, 4),
(408, '16/05/2016', '04/01/2017', 56, 161, 2),
(409, '14/11/2017', '07/02/2015', 213, 322, 3),
(410, '14/12/2016', '27/12/2016', 332, 220, 3),
(411, '17/05/2017', '23/04/2014', 139, 363, 1),
(412, '20/05/2019', '18/04/2016', 399, 348, 1),
(413, '04/01/2017', '14/01/2016', 10, 360, 1),
(414, '26/10/2019', '04/01/2017', 69, 94, 4),
(415, '18/10/2018', '13/01/2016', 154, 147, 4),
(416, '23/07/2018', '16/12/2014', 28, 366, 1),
(417, '14/02/2017', '27/02/2017', 237, 113, 4),
(418, '11/05/2018', '25/03/2017', 368, 247, 4),
(419, '30/11/2019', '25/06/2016', 17, 236, 3),
(420, '26/09/2016', '19/07/2016', 173, 202, 1),
(421, '01/01/2018', '22/03/2016', 170, 44, 1),
(422, '12/12/2018', '27/01/2016', 27, 227, 4),
(423, '14/08/2018', '04/06/2015', 184, 367, 3),
(424, '09/04/2018', '16/12/2014', 223, 29, 2),
(425, '14/06/2017', '13/04/2016', 391, 99, 3),
(426, '22/05/2016', '09/02/2015', 141, 146, 3),
(427, '02/01/2020', '01/03/2017', 123, 1, 4),
(428, '16/05/2019', '19/04/2017', 106, 302, 4),
(429, '03/10/2017', '17/10/2015', 103, 307, 2),
(430, '09/10/2017', '08/09/2016', 95, 32, 1),
(431, '23/10/2017', '26/11/2014', 340, 288, 2),
(432, '23/01/2019', '09/08/2016', 6, 223, 4),
(433, '05/03/2019', '30/08/2016', 274, 5, 4),
(434, '27/08/2017', '14/09/2015', 255, 211, 4),
(435, '16/12/2018', '04/05/2016', 352, 210, 4),
(436, '18/12/2017', '28/03/2017', 73, 345, 4),
(437, '23/05/2017', '09/04/2015', 88, 368, 2),
(438, '11/02/2019', '28/12/2014', 57, 149, 4),
(439, '26/07/2016', '20/12/2016', 101, 278, 1),
(440, '25/01/2019', '08/10/2016', 198, 229, 1),
(441, '13/03/2018', '10/06/2015', 390, 391, 2),
(442, '27/07/2018', '09/01/2016', 315, 351, 2),
(443, '21/12/2018', '16/01/2015', 255, 194, 2),
(444, '11/12/2017', '16/01/2015', 212, 389, 3),
(445, '15/12/2016', '25/08/2016', 308, 114, 4),
(446, '07/07/2019', '11/09/2015', 2, 162, 2),
(447, '21/01/2018', '30/04/2014', 127, 382, 3),
(448, '03/05/2018', '29/10/2016', 238, 380, 2),
(449, '25/02/2020', '02/11/2016', 341, 110, 3),
(450, '10/09/2016', '26/07/2014', 353, 106, 4),
(451, '22/09/2019', '31/07/2015', 319, 307, 3),
(452, '15/06/2017', '22/05/2014', 267, 384, 3),
(453, '02/08/2016', '23/09/2016', 104, 150, 3),
(454, '14/09/2018', '14/03/2017', 400, 17, 4),
(455, '20/06/2018', '30/07/2015', 170, 108, 4),
(456, '03/01/2018', '19/02/2017', 6, 233, 3),
(457, '02/02/2020', '10/11/2014', 305, 104, 4),
(458, '01/01/2018', '08/07/2014', 138, 256, 1),
(459, '01/01/2017', '06/09/2015', 389, 199, 4),
(460, '14/05/2017', '12/06/2015', 368, 6, 3),
(461, '19/01/2018', '10/11/2015', 314, 232, 3),
(462, '05/05/2017', '15/03/2016', 180, 87, 2),
(463, '05/06/2019', '21/08/2016', 112, 293, 1),
(464, '20/11/2018', '12/03/2015', 72, 370, 1),
(465, '23/01/2020', '10/12/2016', 309, 337, 3),
(466, '25/02/2017', '19/10/2015', 49, 293, 1),
(467, '13/11/2018', '18/02/2016', 131, 45, 4),
(468, '14/02/2020', '01/04/2015', 195, 272, 1),
(469, '03/03/2019', '12/09/2015', 400, 203, 4),
(470, '21/03/2020', '06/02/2017', 314, 265, 3),
(471, '20/05/2016', '23/07/2015', 299, 359, 1),
(472, '26/08/2017', '31/03/2016', 231, 289, 4),
(473, '04/08/2018', '27/03/2017', 71, 65, 4),
(474, '19/03/2018', '30/05/2014', 129, 395, 4),
(475, '26/10/2017', '29/02/2016', 333, 141, 2),
(476, '18/06/2016', '29/09/2015', 331, 122, 4),
(477, '15/02/2018', '11/11/2016', 84, 373, 2),
(478, '26/06/2018', '07/06/2015', 332, 367, 3),
(479, '20/11/2019', '03/01/2017', 235, 305, 3),
(480, '23/02/2018', '15/06/2016', 24, 339, 3),
(481, '10/10/2019', '22/03/2017', 292, 151, 1),
(482, '04/10/2018', '12/07/2016', 177, 234, 4),
(483, '12/01/2018', '20/10/2014', 314, 49, 1),
(484, '18/11/2018', '11/10/2014', 199, 188, 4),
(485, '01/12/2017', '13/06/2014', 180, 203, 1),
(486, '30/11/2017', '03/11/2016', 25, 232, 4),
(487, '17/01/2017', '19/08/2016', 377, 309, 1),
(488, '08/06/2018', '02/05/2015', 272, 94, 1),
(489, '31/05/2017', '26/04/2014', 383, 293, 2),
(490, '01/12/2016', '13/05/2016', 321, 307, 4),
(491, '21/02/2019', '28/09/2016', 28, 54, 3),
(492, '22/09/2019', '13/01/2017', 176, 278, 1),
(493, '08/09/2017', '22/06/2015', 273, 107, 4),
(494, '03/11/2016', '15/06/2016', 252, 158, 3),
(495, '05/07/2018', '22/06/2015', 364, 87, 1),
(496, '17/06/2018', '04/12/2015', 309, 198, 2),
(497, '22/06/2019', '26/01/2015', 44, 145, 4),
(498, '28/09/2019', '29/05/2016', 323, 40, 4),
(499, '26/04/2018', '06/03/2017', 233, 274, 3),
(500, '21/12/2017', '15/12/2015', 305, 68, 2),
(501, '16/06/2016', '17/02/2016', 290, 319, 1),
(502, '20/07/2017', '21/08/2016', 344, 263, 3),
(503, '13/07/2017', '01/10/2015', 301, 115, 4),
(504, '13/06/2017', '21/12/2016', 298, 353, 4),
(505, '12/07/2016', '26/09/2015', 277, 208, 1),
(506, '14/04/2017', '05/10/2014', 162, 52, 1),
(507, '10/02/2017', '08/04/2015', 111, 333, 2),
(508, '03/09/2017', '08/05/2016', 103, 139, 2),
(509, '25/07/2019', '01/06/2016', 98, 371, 2),
(510, '04/08/2019', '17/03/2015', 5, 330, 2),
(511, '21/12/2017', '22/11/2015', 276, 337, 3),
(512, '27/05/2019', '31/12/2016', 113, 237, 2),
(513, '17/02/2019', '22/09/2015', 34, 44, 2),
(514, '22/12/2018', '22/03/2017', 216, 13, 2),
(515, '20/09/2017', '01/01/2017', 372, 310, 1),
(516, '10/02/2020', '15/10/2015', 35, 111, 4),
(517, '27/08/2017', '22/01/2015', 298, 165, 3),
(518, '01/12/2019', '25/03/2016', 97, 394, 4),
(519, '14/02/2017', '11/02/2015', 116, 144, 3),
(520, '12/10/2016', '19/04/2016', 322, 308, 3),
(521, '09/08/2017', '04/05/2016', 277, 201, 1),
(522, '21/07/2018', '30/10/2014', 289, 62, 4),
(523, '16/06/2018', '05/03/2015', 149, 94, 4),
(524, '01/10/2019', '07/06/2014', 154, 337, 1),
(525, '21/03/2017', '29/03/2015', 166, 90, 2),
(526, '20/08/2016', '15/12/2014', 350, 240, 3),
(527, '02/05/2017', '27/07/2015', 369, 117, 4),
(528, '03/04/2017', '18/07/2015', 333, 127, 4),
(529, '29/05/2019', '10/07/2016', 204, 318, 3),
(530, '05/05/2016', '26/05/2015', 7, 347, 2),
(531, '17/06/2016', '21/03/2015', 21, 292, 1),
(532, '03/08/2018', '27/05/2015', 323, 51, 2),
(533, '22/05/2017', '17/02/2015', 158, 347, 1),
(534, '29/02/2020', '27/03/2015', 201, 381, 2),
(535, '03/05/2019', '25/05/2015', 197, 336, 3),
(536, '10/11/2019', '14/10/2014', 212, 268, 2),
(537, '14/08/2017', '30/10/2016', 368, 281, 4),
(538, '19/10/2016', '17/06/2015', 313, 197, 4),
(539, '25/09/2018', '01/01/2017', 57, 395, 1),
(540, '06/12/2016', '29/07/2014', 248, 295, 2),
(541, '19/10/2017', '26/11/2015', 172, 354, 1),
(542, '02/11/2017', '17/03/2017', 347, 379, 1),
(543, '18/12/2017', '20/06/2016', 201, 14, 2),
(544, '11/11/2018', '28/05/2014', 129, 375, 4),
(545, '02/06/2016', '02/08/2015', 222, 167, 2),
(546, '10/11/2019', '21/07/2015', 134, 181, 2),
(547, '15/01/2017', '12/09/2015', 75, 312, 2),
(548, '31/07/2017', '21/04/2016', 262, 383, 1),
(549, '15/02/2018', '12/10/2016', 306, 208, 4),
(550, '09/03/2020', '12/07/2015', 75, 158, 2),
(551, '30/08/2019', '10/10/2016', 315, 224, 3),
(552, '04/11/2017', '20/03/2015', 337, 361, 1),
(553, '23/06/2017', '14/03/2015', 198, 327, 4),
(554, '16/09/2019', '16/04/2017', 359, 140, 4),
(555, '06/01/2020', '28/07/2015', 359, 204, 1),
(556, '29/06/2018', '12/06/2015', 356, 364, 4),
(557, '01/11/2019', '14/07/2016', 353, 215, 3),
(558, '22/04/2018', '06/11/2014', 368, 325, 2),
(559, '04/10/2017', '25/05/2014', 359, 312, 4),
(560, '06/09/2017', '04/01/2016', 57, 39, 4),
(561, '01/06/2018', '26/05/2014', 198, 323, 3),
(562, '23/08/2016', '26/01/2015', 143, 182, 3),
(563, '28/05/2019', '23/09/2016', 394, 313, 2),
(564, '17/12/2019', '02/04/2017', 215, 115, 2),
(565, '05/05/2016', '19/03/2015', 254, 136, 4),
(566, '21/07/2016', '03/11/2014', 180, 192, 1),
(567, '10/08/2017', '10/12/2015', 321, 174, 2),
(568, '24/04/2016', '26/02/2015', 339, 247, 1),
(569, '08/10/2016', '03/08/2016', 201, 2, 2),
(570, '13/08/2016', '14/08/2014', 227, 379, 2),
(571, '09/01/2020', '23/08/2015', 259, 72, 4),
(572, '26/08/2017', '24/06/2014', 18, 150, 4),
(573, '04/04/2018', '07/03/2016', 124, 52, 1),
(574, '13/02/2020', '01/01/2015', 171, 93, 3),
(575, '02/08/2016', '01/09/2016', 116, 151, 1),
(576, '22/08/2018', '21/05/2015', 240, 218, 3),
(577, '04/07/2019', '26/10/2016', 225, 31, 1),
(578, '06/10/2019', '13/09/2016', 34, 370, 4),
(579, '12/11/2019', '30/06/2016', 3, 49, 1),
(580, '17/07/2019', '31/10/2015', 111, 196, 1),
(581, '19/05/2018', '22/06/2015', 28, 65, 2),
(582, '04/01/2017', '30/03/2015', 100, 31, 4),
(583, '07/08/2017', '17/04/2017', 203, 89, 2),
(584, '17/04/2020', '02/03/2016', 165, 188, 1),
(585, '18/06/2018', '11/11/2014', 144, 148, 2),
(586, '13/02/2019', '09/09/2015', 110, 192, 2),
(587, '12/04/2020', '26/12/2015', 361, 70, 3),
(588, '31/08/2018', '24/05/2016', 84, 332, 1),
(589, '08/07/2017', '25/01/2016', 60, 274, 1),
(590, '07/11/2019', '02/09/2016', 99, 288, 3),
(591, '10/11/2016', '23/05/2015', 102, 292, 3),
(592, '07/09/2017', '23/09/2015', 60, 245, 3),
(593, '10/06/2018', '05/05/2014', 392, 266, 2),
(594, '30/01/2020', '13/06/2014', 40, 348, 2),
(595, '03/04/2019', '27/04/2016', 128, 319, 2),
(596, '28/07/2017', '01/08/2014', 246, 306, 2),
(597, '07/06/2017', '09/06/2014', 389, 139, 2),
(598, '07/11/2018', '02/05/2015', 201, 326, 1),
(599, '02/08/2018', '19/12/2014', 107, 174, 1),
(600, '15/12/2016', '03/07/2016', 96, 159, 1),
(601, '06/04/2020', '25/04/2016', 344, 138, 3),
(602, '15/12/2019', '04/04/2015', 280, 50, 3),
(603, '04/05/2017', '16/09/2015', 91, 161, 1),
(604, '09/10/2016', '10/11/2015', 277, 320, 4),
(605, '06/06/2019', '27/06/2016', 90, 85, 4),
(606, '15/01/2018', '11/10/2015', 202, 281, 2),
(607, '05/06/2018', '03/03/2016', 305, 322, 3),
(608, '18/10/2019', '14/10/2016', 230, 308, 4),
(609, '23/11/2017', '04/04/2015', 346, 396, 4),
(610, '14/12/2018', '06/12/2014', 163, 371, 1),
(611, '19/02/2018', '21/11/2016', 115, 389, 2),
(612, '12/02/2018', '29/03/2017', 228, 39, 2),
(613, '07/02/2017', '25/10/2015', 314, 217, 1),
(614, '26/01/2019', '05/01/2017', 99, 120, 2),
(615, '01/01/2019', '04/03/2017', 121, 173, 4),
(616, '08/07/2019', '06/12/2014', 213, 135, 3),
(617, '03/10/2019', '03/01/2016', 27, 20, 2),
(618, '14/09/2016', '03/09/2016', 355, 266, 2),
(619, '27/11/2018', '31/03/2016', 115, 237, 3),
(620, '16/05/2018', '23/02/2015', 268, 369, 3),
(621, '04/08/2018', '08/10/2016', 227, 26, 1),
(622, '31/08/2019', '29/02/2016', 267, 200, 4),
(623, '25/06/2018', '15/04/2016', 178, 81, 2),
(624, '01/05/2018', '11/10/2015', 38, 177, 3),
(625, '27/10/2017', '23/11/2016', 249, 396, 4),
(626, '20/08/2016', '20/07/2015', 96, 228, 3),
(627, '16/06/2018', '17/07/2015', 339, 26, 3),
(628, '29/07/2019', '12/03/2016', 36, 60, 3),
(629, '24/04/2018', '24/01/2015', 220, 122, 2),
(630, '27/01/2018', '10/08/2015', 360, 258, 3),
(631, '22/01/2017', '10/04/2016', 343, 153, 2),
(632, '16/07/2016', '29/08/2014', 183, 291, 2),
(633, '27/12/2016', '25/06/2014', 70, 147, 2),
(634, '05/07/2019', '22/05/2014', 288, 351, 3),
(635, '15/06/2019', '15/03/2015', 88, 74, 3),
(636, '04/02/2020', '01/06/2015', 387, 297, 2),
(637, '26/09/2019', '17/05/2016', 350, 25, 4),
(638, '14/04/2018', '30/11/2014', 329, 97, 2),
(639, '21/04/2017', '22/06/2015', 279, 273, 3),
(640, '01/05/2017', '09/06/2014', 32, 45, 4),
(641, '30/10/2016', '09/08/2014', 343, 176, 4),
(642, '15/06/2019', '14/03/2017', 212, 222, 4),
(643, '29/01/2020', '20/04/2017', 244, 221, 1),
(644, '09/08/2019', '19/04/2017', 37, 97, 1),
(645, '11/04/2020', '21/09/2015', 210, 88, 1),
(646, '08/01/2020', '04/06/2014', 197, 8, 4),
(647, '25/09/2017', '12/11/2014', 292, 330, 2),
(648, '17/06/2017', '09/06/2015', 300, 16, 2),
(649, '27/11/2017', '11/12/2014', 263, 387, 1),
(650, '27/06/2017', '13/10/2016', 90, 284, 2),
(651, '17/10/2016', '01/10/2014', 152, 383, 3),
(652, '06/04/2020', '28/10/2015', 394, 227, 1),
(653, '08/02/2020', '01/11/2014', 255, 363, 2),
(654, '09/06/2019', '16/07/2016', 137, 294, 2),
(655, '11/11/2016', '24/06/2014', 305, 127, 1),
(656, '18/01/2019', '09/12/2015', 257, 290, 3),
(657, '24/12/2018', '19/01/2015', 20, 85, 1),
(658, '11/10/2018', '21/05/2015', 170, 163, 1),
(659, '19/07/2019', '30/10/2014', 97, 245, 2),
(660, '20/07/2019', '02/10/2015', 245, 294, 3),
(661, '25/04/2016', '09/10/2014', 58, 173, 4),
(662, '22/01/2018', '06/10/2014', 58, 123, 1),
(663, '03/07/2018', '13/02/2016', 388, 191, 4),
(664, '23/09/2019', '01/05/2016', 400, 396, 1),
(665, '15/12/2018', '09/06/2014', 245, 220, 3),
(666, '23/12/2016', '23/02/2015', 177, 368, 3),
(667, '22/12/2019', '13/11/2014', 38, 267, 4),
(668, '28/01/2017', '18/09/2014', 97, 41, 3),
(669, '30/06/2016', '15/01/2015', 388, 14, 3),
(670, '06/04/2019', '03/07/2015', 378, 66, 1),
(671, '27/12/2019', '15/12/2015', 381, 121, 3),
(672, '28/02/2019', '12/04/2015', 217, 344, 1),
(673, '29/04/2018', '29/04/2015', 195, 18, 2),
(674, '20/06/2019', '11/02/2017', 115, 212, 2),
(675, '14/12/2017', '28/01/2015', 105, 30, 4),
(676, '07/05/2017', '21/02/2017', 215, 392, 4),
(677, '30/03/2017', '30/08/2015', 55, 308, 2),
(678, '23/09/2016', '16/08/2014', 319, 342, 2),
(679, '31/01/2017', '10/11/2015', 92, 225, 1),
(680, '19/09/2017', '16/09/2015', 250, 120, 4),
(681, '12/11/2019', '30/01/2016', 161, 222, 2),
(682, '15/01/2017', '05/04/2016', 351, 394, 3),
(683, '25/10/2019', '24/04/2014', 12, 8, 1),
(684, '24/10/2017', '07/06/2014', 24, 59, 1),
(685, '19/11/2016', '11/09/2014', 226, 237, 1),
(686, '23/04/2017', '23/03/2016', 303, 254, 2),
(687, '03/08/2016', '26/08/2015', 324, 363, 4),
(688, '14/03/2017', '10/08/2014', 269, 50, 4),
(689, '06/07/2017', '19/08/2014', 41, 328, 3),
(690, '03/04/2019', '01/01/2016', 130, 264, 4),
(691, '28/11/2019', '01/06/2016', 275, 315, 1),
(692, '02/11/2018', '29/01/2015', 62, 215, 4),
(693, '14/11/2016', '13/12/2014', 170, 382, 1),
(694, '28/04/2019', '28/04/2015', 398, 219, 1),
(695, '03/08/2019', '04/11/2016', 251, 34, 2),
(696, '09/10/2018', '30/06/2015', 56, 315, 2),
(697, '20/06/2018', '20/01/2016', 268, 369, 2),
(698, '27/02/2020', '05/03/2015', 386, 28, 2),
(699, '21/09/2017', '08/02/2015', 41, 64, 3),
(700, '25/11/2018', '22/09/2015', 160, 19, 4),
(701, '09/03/2020', '21/07/2016', 78, 250, 3),
(702, '15/02/2019', '13/03/2016', 261, 103, 3),
(703, '20/09/2016', '31/12/2015', 294, 237, 3),
(704, '20/09/2017', '03/01/2016', 19, 212, 1),
(705, '28/05/2019', '28/04/2015', 356, 18, 2),
(706, '14/04/2018', '28/02/2016', 304, 238, 4),
(707, '07/02/2020', '18/01/2017', 122, 380, 1),
(708, '02/09/2018', '30/04/2016', 17, 67, 3),
(709, '12/05/2018', '31/10/2014', 223, 369, 1),
(710, '22/10/2017', '08/01/2015', 195, 331, 1),
(711, '24/04/2019', '17/12/2015', 131, 37, 1),
(712, '02/01/2017', '06/03/2016', 373, 396, 2),
(713, '04/03/2017', '13/01/2017', 371, 4, 4),
(714, '05/01/2018', '29/02/2016', 306, 41, 2),
(715, '08/06/2018', '15/07/2015', 12, 361, 2),
(716, '29/09/2018', '29/10/2015', 266, 144, 2),
(717, '16/08/2016', '03/06/2016', 79, 259, 2),
(718, '14/12/2016', '31/10/2015', 103, 93, 4),
(719, '26/01/2020', '05/11/2014', 210, 94, 4),
(720, '12/12/2018', '20/06/2016', 361, 90, 2),
(721, '18/03/2019', '21/02/2016', 262, 23, 4),
(722, '18/04/2019', '06/12/2016', 10, 207, 4),
(723, '16/04/2019', '09/03/2016', 372, 321, 4),
(724, '22/10/2019', '02/10/2014', 156, 61, 2),
(725, '19/06/2019', '30/03/2017', 303, 300, 4),
(726, '02/02/2017', '01/04/2015', 330, 395, 1),
(727, '30/01/2019', '12/09/2016', 334, 203, 2),
(728, '11/12/2016', '06/11/2014', 300, 73, 2),
(729, '07/10/2019', '29/12/2016', 376, 274, 4),
(730, '16/03/2019', '23/07/2014', 14, 310, 2),
(731, '25/12/2016', '05/10/2014', 260, 276, 2),
(732, '13/08/2018', '22/09/2016', 131, 147, 1),
(733, '28/01/2019', '21/03/2015', 214, 338, 4),
(734, '02/04/2020', '27/09/2016', 128, 281, 4),
(735, '29/08/2018', '23/04/2016', 80, 192, 4),
(736, '18/09/2018', '16/10/2016', 318, 310, 1),
(737, '11/04/2020', '01/11/2015', 71, 318, 2),
(738, '29/10/2019', '02/12/2015', 234, 30, 4),
(739, '23/10/2018', '01/01/2016', 316, 383, 4),
(740, '16/10/2019', '31/05/2015', 166, 149, 1),
(741, '19/04/2020', '17/03/2016', 159, 24, 2),
(742, '17/07/2019', '31/05/2015', 180, 29, 1),
(743, '09/06/2019', '15/02/2017', 288, 294, 4),
(744, '01/01/2018', '06/12/2016', 109, 264, 2),
(745, '07/09/2019', '14/06/2015', 150, 209, 1),
(746, '19/04/2019', '21/05/2014', 339, 322, 1),
(747, '14/01/2019', '27/07/2015', 147, 115, 4),
(748, '22/01/2019', '17/07/2016', 248, 300, 3),
(749, '01/09/2018', '03/03/2017', 340, 161, 4),
(750, '02/04/2018', '10/03/2015', 242, 137, 3),
(751, '04/11/2016', '22/12/2015', 339, 294, 1),
(752, '17/01/2020', '20/02/2015', 8, 181, 2),
(753, '05/08/2016', '08/06/2015', 101, 329, 3),
(754, '26/02/2017', '15/03/2017', 222, 331, 4),
(755, '28/10/2019', '13/03/2016', 323, 3, 4),
(756, '24/06/2016', '04/12/2016', 251, 144, 2),
(757, '15/10/2016', '13/09/2014', 399, 63, 2),
(758, '06/10/2016', '30/05/2015', 258, 130, 2),
(759, '18/10/2016', '09/12/2016', 266, 125, 4),
(760, '10/12/2019', '07/12/2016', 185, 370, 2),
(761, '31/05/2018', '17/05/2016', 93, 36, 1),
(762, '23/08/2017', '02/02/2017', 239, 115, 1),
(763, '19/06/2017', '16/10/2014', 389, 75, 4),
(764, '18/11/2018', '08/03/2015', 98, 5, 3),
(765, '30/10/2016', '24/01/2016', 225, 352, 4),
(766, '01/02/2020', '16/05/2015', 293, 375, 4),
(767, '09/12/2017', '28/12/2016', 337, 370, 4),
(768, '25/01/2020', '07/11/2015', 199, 90, 2),
(769, '01/12/2019', '19/06/2014', 303, 366, 3),
(770, '05/02/2018', '16/08/2014', 318, 113, 1),
(771, '30/08/2018', '01/10/2016', 374, 237, 4),
(772, '18/07/2018', '03/11/2014', 128, 145, 3),
(773, '11/12/2016', '11/05/2016', 280, 234, 3),
(774, '19/02/2019', '05/08/2015', 387, 328, 4),
(775, '10/12/2019', '08/04/2016', 8, 395, 1),
(776, '07/05/2017', '04/02/2016', 259, 261, 3),
(777, '02/11/2017', '08/01/2016', 84, 105, 3),
(778, '26/10/2017', '21/01/2017', 76, 388, 4),
(779, '05/07/2018', '27/07/2016', 60, 313, 1),
(780, '24/07/2019', '24/03/2016', 214, 138, 3),
(781, '19/12/2017', '13/07/2014', 107, 315, 3),
(782, '08/09/2016', '21/03/2015', 229, 90, 2),
(783, '21/03/2017', '14/12/2015', 146, 154, 1),
(784, '07/05/2016', '26/05/2016', 16, 76, 2),
(785, '25/02/2020', '08/05/2016', 80, 247, 4),
(786, '26/01/2020', '07/04/2017', 330, 358, 4),
(787, '03/03/2019', '04/03/2015', 25, 163, 4),
(788, '21/12/2017', '18/10/2015', 192, 384, 2),
(789, '30/04/2016', '24/10/2015', 74, 52, 4),
(790, '02/08/2016', '24/01/2017', 231, 178, 1),
(791, '24/07/2017', '27/01/2017', 53, 7, 2),
(792, '15/07/2016', '02/09/2015', 360, 379, 4),
(793, '15/07/2018', '21/04/2016', 87, 158, 1),
(794, '26/06/2016', '09/10/2015', 58, 52, 3),
(795, '05/04/2017', '11/01/2017', 242, 110, 4),
(796, '14/01/2017', '29/09/2016', 179, 400, 1),
(797, '16/08/2016', '10/07/2015', 188, 103, 4),
(798, '19/02/2017', '28/10/2015', 340, 59, 1),
(799, '12/01/2019', '17/11/2015', 11, 353, 3),
(800, '19/01/2018', '31/05/2016', 110, 73, 2),
(801, '08/04/2020', '19/04/2015', 376, 88, 3),
(802, '19/12/2016', '07/08/2015', 145, 73, 1),
(803, '08/03/2019', '18/05/2015', 336, 358, 3),
(804, '09/05/2018', '08/09/2014', 352, 208, 1),
(805, '08/02/2017', '20/03/2016', 135, 214, 1),
(806, '09/05/2019', '11/03/2017', 301, 130, 4),
(807, '07/10/2016', '04/06/2014', 172, 303, 3),
(808, '10/10/2019', '21/10/2016', 217, 319, 1),
(809, '24/06/2017', '09/07/2016', 167, 143, 1),
(810, '11/12/2016', '14/11/2016', 8, 232, 4),
(811, '21/04/2017', '12/10/2016', 298, 251, 1),
(812, '22/04/2019', '08/01/2016', 117, 178, 2),
(813, '26/08/2017', '22/11/2014', 135, 227, 3),
(814, '10/05/2017', '18/08/2016', 141, 395, 4),
(815, '12/05/2017', '23/08/2015', 48, 173, 2),
(816, '27/04/2017', '15/10/2015', 107, 20, 3),
(817, '08/02/2020', '09/07/2015', 218, 54, 1),
(818, '15/08/2016', '18/07/2016', 108, 394, 2),
(819, '23/06/2016', '19/11/2014', 339, 233, 1),
(820, '09/07/2017', '22/01/2015', 256, 54, 1),
(821, '09/12/2019', '17/04/2016', 351, 127, 4),
(822, '04/06/2016', '03/10/2014', 147, 115, 2),
(823, '15/12/2018', '12/08/2014', 49, 142, 4),
(824, '21/07/2017', '07/01/2017', 43, 67, 1),
(825, '07/09/2017', '14/01/2017', 249, 357, 3),
(826, '16/02/2017', '14/11/2016', 288, 58, 4),
(827, '03/01/2017', '22/02/2017', 313, 219, 4),
(828, '20/01/2017', '22/11/2015', 152, 329, 4),
(829, '25/04/2017', '10/04/2015', 87, 257, 3),
(830, '30/09/2018', '27/02/2016', 160, 333, 4),
(831, '06/07/2019', '26/08/2014', 179, 237, 1),
(832, '21/10/2017', '19/01/2015', 297, 396, 1),
(833, '03/08/2018', '08/08/2016', 391, 153, 1),
(834, '26/12/2018', '05/04/2015', 311, 264, 2),
(835, '21/12/2017', '16/01/2017', 377, 210, 3),
(836, '23/07/2016', '27/01/2016', 223, 149, 4),
(837, '26/11/2017', '24/03/2015', 315, 176, 1),
(838, '09/09/2019', '25/05/2015', 106, 341, 3),
(839, '03/06/2017', '14/11/2014', 244, 148, 2),
(840, '10/03/2020', '17/05/2015', 316, 320, 2),
(841, '25/09/2019', '04/07/2014', 313, 210, 1),
(842, '06/09/2019', '08/01/2015', 218, 58, 4),
(843, '23/12/2018', '07/08/2016', 137, 154, 4),
(844, '15/07/2018', '03/01/2015', 125, 224, 2),
(845, '11/04/2017', '21/07/2015', 248, 396, 4),
(846, '09/06/2019', '10/01/2017', 361, 190, 4),
(847, '30/08/2019', '10/10/2014', 362, 65, 3),
(848, '02/12/2017', '18/12/2014', 132, 46, 1),
(849, '21/08/2019', '13/04/2016', 68, 191, 2),
(850, '12/10/2018', '25/12/2014', 302, 292, 2),
(851, '20/08/2016', '01/08/2014', 272, 155, 1),
(852, '28/12/2016', '26/11/2014', 289, 233, 1),
(853, '20/04/2017', '03/06/2015', 369, 344, 4),
(854, '15/05/2016', '24/05/2016', 282, 238, 4),
(855, '19/01/2017', '01/08/2016', 201, 392, 4),
(856, '04/05/2019', '20/07/2016', 120, 299, 2),
(857, '26/06/2017', '12/10/2014', 382, 295, 1),
(858, '12/08/2018', '05/09/2014', 13, 81, 3),
(859, '07/09/2016', '20/09/2014', 57, 164, 2),
(860, '10/12/2016', '09/11/2015', 44, 87, 3),
(861, '24/09/2019', '30/10/2014', 104, 70, 4),
(862, '08/09/2017', '02/04/2016', 92, 291, 1),
(863, '18/11/2017', '17/08/2015', 240, 53, 2),
(864, '29/06/2019', '10/05/2015', 62, 271, 2),
(865, '21/12/2017', '09/11/2016', 84, 321, 3),
(866, '16/03/2018', '23/12/2016', 157, 399, 2),
(867, '07/07/2019', '20/06/2015', 93, 172, 1),
(868, '26/08/2018', '03/08/2016', 83, 95, 4),
(869, '08/11/2016', '16/11/2016', 388, 309, 2),
(870, '24/04/2018', '13/01/2017', 396, 395, 2),
(871, '09/08/2016', '17/12/2015', 141, 173, 3),
(872, '27/10/2018', '25/04/2014', 207, 162, 3),
(873, '25/12/2017', '07/11/2014', 138, 88, 4),
(874, '29/05/2019', '10/01/2016', 80, 58, 1),
(875, '22/11/2016', '03/12/2014', 10, 398, 1),
(876, '23/12/2016', '10/06/2015', 296, 102, 2),
(877, '18/07/2016', '30/10/2015', 308, 106, 2),
(878, '15/02/2019', '13/11/2016', 167, 375, 1),
(879, '17/05/2019', '13/12/2014', 371, 233, 2),
(880, '21/11/2018', '05/05/2015', 154, 170, 1),
(881, '28/10/2016', '10/01/2016', 271, 327, 4),
(882, '04/10/2019', '23/09/2016', 164, 62, 2),
(883, '01/07/2018', '22/04/2014', 284, 167, 4),
(884, '07/07/2016', '05/02/2016', 156, 333, 3),
(885, '19/01/2017', '23/09/2015', 79, 192, 2),
(886, '12/06/2019', '09/12/2015', 145, 99, 1),
(887, '07/10/2019', '04/06/2016', 38, 83, 4),
(888, '03/02/2019', '19/04/2016', 208, 188, 1),
(889, '20/06/2019', '13/02/2016', 169, 369, 4),
(890, '20/08/2019', '02/10/2014', 64, 322, 3),
(891, '02/03/2018', '05/10/2015', 260, 313, 1),
(892, '12/04/2019', '17/03/2015', 120, 321, 3),
(893, '03/03/2018', '10/12/2015', 59, 153, 3),
(894, '04/04/2017', '16/10/2015', 349, 354, 4),
(895, '19/06/2016', '02/08/2015', 75, 69, 4),
(896, '02/07/2016', '10/12/2015', 78, 76, 3),
(897, '12/04/2020', '16/11/2015', 276, 289, 3),
(898, '17/07/2016', '08/02/2017', 237, 28, 1),
(899, '03/03/2019', '13/01/2016', 205, 352, 2),
(900, '19/07/2016', '04/08/2015', 352, 232, 2),
(901, '22/02/2019', '10/05/2015', 42, 268, 4),
(902, '19/02/2018', '16/03/2016', 36, 209, 3),
(903, '07/09/2017', '22/09/2015', 316, 173, 2),
(904, '26/04/2019', '08/06/2015', 9, 73, 1),
(905, '25/10/2016', '04/12/2016', 384, 172, 4),
(906, '08/02/2017', '03/05/2015', 101, 152, 3),
(907, '22/01/2018', '07/03/2015', 16, 273, 4),
(908, '12/11/2016', '30/04/2014', 271, 372, 3),
(909, '23/07/2017', '09/02/2015', 203, 360, 1),
(910, '28/01/2018', '16/05/2015', 255, 306, 4),
(911, '12/02/2019', '30/11/2014', 229, 90, 2),
(912, '26/10/2016', '02/10/2015', 153, 86, 2),
(913, '10/05/2019', '29/11/2016', 389, 292, 2),
(914, '04/04/2020', '10/01/2015', 275, 82, 4),
(915, '14/04/2020', '14/03/2017', 391, 325, 1),
(916, '15/08/2018', '01/09/2015', 278, 199, 2),
(917, '26/07/2016', '23/12/2015', 305, 344, 1),
(918, '14/12/2018', '18/11/2014', 118, 124, 2),
(919, '09/12/2017', '26/07/2014', 310, 58, 2),
(920, '02/07/2019', '21/02/2017', 7, 48, 4),
(921, '01/06/2018', '20/12/2014', 44, 394, 1),
(922, '18/05/2017', '06/03/2015', 331, 183, 1),
(923, '11/01/2019', '14/09/2015', 103, 53, 3),
(924, '23/05/2016', '24/06/2015', 100, 376, 1),
(925, '01/10/2017', '11/08/2016', 289, 116, 4),
(926, '22/08/2019', '30/04/2014', 210, 27, 1),
(927, '28/03/2020', '08/11/2016', 198, 202, 1),
(928, '09/07/2019', '05/02/2015', 296, 12, 3);

-- --------------------------------------------------------

--
-- Table structure for table `tasks`
--

CREATE TABLE `tasks` (
  `id` int(11) NOT NULL,
  `name` varchar(255) NOT NULL,
  `status` int(11) NOT NULL,
  `timestamp` timestamp NOT NULL DEFAULT CURRENT_TIMESTAMP,
  `account_id` int(11) NOT NULL
) ENGINE=InnoDB DEFAULT CHARSET=latin1;

--
-- Dumping data for table `tasks`
--

INSERT INTO `tasks` (`id`, `name`, `status`, `timestamp`, `account_id`) VALUES
(1, 'Call manager', 0, '2017-04-21 22:53:18', 1),
(2, 'Register members', 1, '2017-04-21 22:54:58', 1),
(3, 'Add employees', 1, '2017-04-21 22:55:07', 1),
(4, 'Add stock products', 1, '2017-04-21 22:55:15', 1),
(5, 'Clear datas', 0, '2017-04-21 22:55:27', 1),
(6, 'Work out', 0, '2017-04-21 22:55:32', 1),
(7, 'Add products to cart', 0, '2017-04-21 22:56:59', 1);

--
-- Indexes for dumped tables
--

--
-- Indexes for table `account`
--
ALTER TABLE `account`
  ADD PRIMARY KEY (`id`);

--
-- Indexes for table `branches`
--
ALTER TABLE `branches`
  ADD PRIMARY KEY (`id`);

--
-- Indexes for table `employee`
--
ALTER TABLE `employee`
  ADD PRIMARY KEY (`id`);

--
-- Indexes for table `employee_contract`
--
ALTER TABLE `employee_contract`
  ADD PRIMARY KEY (`id`);

--
-- Indexes for table `employee_type`
--
ALTER TABLE `employee_type`
  ADD PRIMARY KEY (`id`);

--
-- Indexes for table `item`
--
ALTER TABLE `item`
  ADD PRIMARY KEY (`id`);

--
-- Indexes for table `item_category`
--
ALTER TABLE `item_category`
  ADD PRIMARY KEY (`id`);

--
-- Indexes for table `item_payment_in`
--
ALTER TABLE `item_payment_in`
  ADD PRIMARY KEY (`id`);

--
-- Indexes for table `item_payment_out`
--
ALTER TABLE `item_payment_out`
  ADD PRIMARY KEY (`id`);

--
-- Indexes for table `item_unit`
--
ALTER TABLE `item_unit`
  ADD PRIMARY KEY (`id`);

--
-- Indexes for table `member`
--
ALTER TABLE `member`
  ADD PRIMARY KEY (`id`);

--
-- Indexes for table `membership`
--
ALTER TABLE `membership`
  ADD PRIMARY KEY (`id`);

--
-- Indexes for table `membership_payment`
--
ALTER TABLE `membership_payment`
  ADD PRIMARY KEY (`id`);

--
-- Indexes for table `tasks`
--
ALTER TABLE `tasks`
  ADD PRIMARY KEY (`id`);

--
-- AUTO_INCREMENT for dumped tables
--

--
-- AUTO_INCREMENT for table `account`
--
ALTER TABLE `account`
  MODIFY `id` int(11) NOT NULL AUTO_INCREMENT, AUTO_INCREMENT=5;
--
-- AUTO_INCREMENT for table `branches`
--
ALTER TABLE `branches`
  MODIFY `id` int(11) NOT NULL AUTO_INCREMENT, AUTO_INCREMENT=9;
--
-- AUTO_INCREMENT for table `employee`
--
ALTER TABLE `employee`
  MODIFY `id` int(11) NOT NULL AUTO_INCREMENT, AUTO_INCREMENT=267;
--
-- AUTO_INCREMENT for table `employee_contract`
--
ALTER TABLE `employee_contract`
  MODIFY `id` int(11) NOT NULL AUTO_INCREMENT, AUTO_INCREMENT=801;
--
-- AUTO_INCREMENT for table `employee_type`
--
ALTER TABLE `employee_type`
  MODIFY `id` int(11) NOT NULL AUTO_INCREMENT, AUTO_INCREMENT=5;
--
-- AUTO_INCREMENT for table `item`
--
ALTER TABLE `item`
  MODIFY `id` int(11) NOT NULL AUTO_INCREMENT, AUTO_INCREMENT=501;
--
-- AUTO_INCREMENT for table `item_category`
--
ALTER TABLE `item_category`
  MODIFY `id` int(11) NOT NULL AUTO_INCREMENT, AUTO_INCREMENT=6;
--
-- AUTO_INCREMENT for table `item_payment_in`
--
ALTER TABLE `item_payment_in`
  MODIFY `id` int(11) NOT NULL AUTO_INCREMENT, AUTO_INCREMENT=501;
--
-- AUTO_INCREMENT for table `item_payment_out`
--
ALTER TABLE `item_payment_out`
  MODIFY `id` int(11) NOT NULL AUTO_INCREMENT, AUTO_INCREMENT=693;
--
-- AUTO_INCREMENT for table `item_unit`
--
ALTER TABLE `item_unit`
  MODIFY `id` int(11) NOT NULL AUTO_INCREMENT, AUTO_INCREMENT=5;
--
-- AUTO_INCREMENT for table `member`
--
ALTER TABLE `member`
  MODIFY `id` int(11) NOT NULL AUTO_INCREMENT, AUTO_INCREMENT=458;
--
-- AUTO_INCREMENT for table `membership`
--
ALTER TABLE `membership`
  MODIFY `id` int(11) NOT NULL AUTO_INCREMENT, AUTO_INCREMENT=10;
--
-- AUTO_INCREMENT for table `membership_payment`
--
ALTER TABLE `membership_payment`
  MODIFY `id` int(11) NOT NULL AUTO_INCREMENT, AUTO_INCREMENT=929;
--
-- AUTO_INCREMENT for table `tasks`
--
ALTER TABLE `tasks`
  MODIFY `id` int(11) NOT NULL AUTO_INCREMENT, AUTO_INCREMENT=8;
/*!40101 SET CHARACTER_SET_CLIENT=@OLD_CHARACTER_SET_CLIENT */;
/*!40101 SET CHARACTER_SET_RESULTS=@OLD_CHARACTER_SET_RESULTS */;
/*!40101 SET COLLATION_CONNECTION=@OLD_COLLATION_CONNECTION */;
